shipment_id,supplier_name,supplier_tier,product_category,origin,destination,shipping_mode,lead_time_days,shipping_cost,inventory_level,order_quantity,supplier_delay_rate,route_distance_km,weather_risk_index,congestion_index,lead_time_to_distance_ratio,inventory_coverage_ratio,risk_multiplier,actual_lead_time_days,delay_days,is_delayed
SHP-10001,Nordic Raw Materials,Tier-1,Pharmaceuticals,"Tokyo, JP","Singapore, SG",Express Carrier,3.3,9905.49,993,250,0.074,5581.1,0.345,0.455,0.598,3.972,0.1685,3.3,0.0,0
SHP-10002,Bavaria Logistics Parts,Tier-1,Industrial Machinery,"Chicago, US","Los Angeles, US",Standard Ground,10.5,672.3,191,50,0.088,639.4,0.106,0.725,16.3724,3.82,0.0836,10.5,0.0,0
SHP-10003,Shenzhen Silicon Ltd,Tier-2,Pharmaceuticals,"Munich, DE","Rotterdam, NL",Standard Ground,8.6,9797.25,805,500,0.207,1849.3,0.207,0.086,4.6269,1.61,0.0215,8.6,0.0,0
SHP-10004,GlobalTech Micro,Tier-1,Semiconductors & Electronics,"Chicago, US","Dallas, US",Ocean Intermodal,30.1,2790.93,1376,250,0.144,8391.9,0.186,0.419,3.5859,5.504,0.0891,30.1,0.0,0
SHP-10005,Apex Auto Components,Tier-1,Semiconductors & Electronics,"Busan, KR","Dallas, US",Standard Ground,10.1,4381.91,86,250,0.113,2782.4,0.066,0.544,3.6126,0.344,0.04,10.1,0.0,0
SHP-10006,FastTrack Assembly Co,Tier-2,Industrial Machinery,"Chicago, US","Rotterdam, NL",Ocean Intermodal,23.0,1390.25,1330,250,0.254,11370.5,0.22,0.743,2.025,5.32,0.205,27.2,4.2,1
SHP-10007,Apex Auto Components,Tier-1,Semiconductors & Electronics,"Shenzhen, CN","Dallas, US",Air Freight,4.2,3263.69,859,100,0.053,6155.3,0.214,0.2,0.6857,8.59,0.0451,4.2,0.0,0
SHP-10008,FastTrack Assembly Co,Tier-2,Semiconductors & Electronics,"Busan, KR","Rotterdam, NL",Air Freight,5.2,11305.06,167,250,0.257,8247.5,0.177,0.449,0.6352,0.668,0.0999,9.6,4.4,1
SHP-10009,FastTrack Assembly Co,Tier-2,Consumer Electronics,"Chicago, US","Dallas, US",Ocean Intermodal,30.1,1269.0,1264,100,0.211,8541.7,0.396,0.14,3.5227,12.64,0.0671,30.1,0.0,0
SHP-10010,Bavaria Logistics Parts,Tier-1,Pharmaceuticals,"Shenzhen, CN","Frankfurt, DE",Standard Ground,12.9,1267.26,1291,100,0.069,2174.9,0.493,0.352,5.9514,12.91,0.1855,12.9,0.0,0
SHP-10011,GlobalTech Micro,Tier-1,Industrial Machinery,"Munich, DE","Rotterdam, NL",Express Carrier,3.3,7677.59,309,100,0.105,4913.7,0.626,0.187,0.6808,3.09,0.1293,3.3,0.0,0
SHP-10012,Delta Industrial Supplies,Tier-2,Consumer Electronics,"Tokyo, JP","Dallas, US",Air Freight,5.5,11529.19,457,250,0.186,10358.5,0.335,0.271,0.5322,1.828,0.1076,5.5,0.0,0
SHP-10013,GlobalTech Micro,Tier-1,Pharmaceuticals,"Taipei, TW","Los Angeles, US",Standard Ground,6.5,14913.12,190,1000,0.191,1450.8,0.48,0.422,4.4979,0.19,0.2412,6.5,0.0,0
SHP-10014,Nordic Raw Materials,Tier-1,Automotive Assemblies,"Shenzhen, CN","Singapore, SG",Ocean Intermodal,18.1,1094.05,123,100,0.063,7571.2,0.038,0.391,2.3891,1.23,0.0158,18.1,0.0,0
SHP-10015,Nordic Raw Materials,Tier-1,Industrial Machinery,"Shenzhen, CN","Singapore, SG",Standard Ground,13.7,6924.86,1064,500,0.038,1314.6,0.353,0.327,10.4114,2.128,0.1199,13.7,0.0,0
SHP-10016,Bavaria Logistics Parts,Tier-1,Consumer Electronics,"Munich, DE","Los Angeles, US",Standard Ground,7.2,1121.84,799,100,0.073,1827.1,0.088,0.154,3.9178,7.99,0.0145,7.2,0.0,0
SHP-10017,Bavaria Logistics Parts,Tier-1,Consumer Electronics,"Busan, KR","Frankfurt, DE",Standard Ground,5.2,8756.12,992,500,0.01,1026.0,0.212,0.782,5.0238,1.984,0.1674,5.2,0.0,0
SHP-10018,FastTrack Assembly Co,Tier-2,Automotive Assemblies,"Tokyo, JP","Frankfurt, DE",Standard Ground,8.5,4164.21,609,250,0.313,2226.4,0.442,0.191,3.8149,2.436,0.1108,8.5,0.0,0
SHP-10019,TransPacific Freight,Tier-3,Industrial Machinery,"Chicago, US","Los Angeles, US",Ocean Intermodal,22.8,2820.37,1175,500,0.371,12624.4,0.429,0.413,1.8056,2.35,0.2429,30.5,7.7,1
SHP-10020,Delta Industrial Supplies,Tier-2,Consumer Electronics,"Shenzhen, CN","Frankfurt, DE",Ocean Intermodal,33.4,674.08,1427,100,0.224,7075.9,0.682,0.218,4.7191,14.27,0.182,33.4,0.0,0
SHP-10021,TransPacific Freight,Tier-3,Consumer Electronics,"Busan, KR","Rotterdam, NL",Air Freight,7.4,3961.56,257,100,0.445,7532.2,0.497,0.357,0.9876,2.57,0.2563,12.6,5.2,1
SHP-10022,Apex Auto Components,Tier-1,Consumer Electronics,"Chicago, US","Los Angeles, US",Standard Ground,13.9,4358.28,1364,250,0.143,3341.7,0.443,0.581,4.1517,5.456,0.2941,13.9,0.0,0
SHP-10023,Delta Industrial Supplies,Tier-2,Semiconductors & Electronics,"Shenzhen, CN","Los Angeles, US",Standard Ground,7.0,1181.42,1489,50,0.259,3105.8,0.43,0.487,2.2578,29.78,0.2637,7.0,0.0,0
SHP-10024,Delta Industrial Supplies,Tier-2,Industrial Machinery,"Shenzhen, CN","Dallas, US",Express Carrier,4.9,17780.0,322,250,0.251,3685.8,0.053,0.233,1.3162,1.288,0.0155,4.9,0.0,0
SHP-10025,Bavaria Logistics Parts,Tier-1,Consumer Electronics,"Tokyo, JP","Singapore, SG",Standard Ground,8.7,15112.36,646,1000,0.058,3321.6,0.171,0.147,2.6342,0.646,0.0266,8.7,0.0,0
SHP-10026,GlobalTech Micro,Tier-1,Automotive Assemblies,"Shenzhen, CN","Singapore, SG",Standard Ground,12.8,35709.89,1165,2000,0.122,669.1,0.484,0.11,19.103,0.5825,0.0597,12.8,0.0,0
SHP-10027,Bavaria Logistics Parts,Tier-1,Automotive Assemblies,"Busan, KR","Dallas, US",Air Freight,7.3,11266.74,244,250,0.089,8161.3,0.441,0.046,0.8897,0.976,0.0221,7.3,0.0,0
SHP-10028,Bavaria Logistics Parts,Tier-1,Semiconductors & Electronics,"Chicago, US","Rotterdam, NL",Air Freight,7.7,30262.4,715,1000,0.048,10898.9,0.27,0.373,0.7109,0.715,0.1055,7.7,0.0,0
SHP-10029,Nordic Raw Materials,Tier-1,Industrial Machinery,"Chicago, US","Frankfurt, DE",Standard Ground,13.1,7021.44,109,500,0.071,1537.0,0.313,0.539,8.5042,0.218,0.1807,13.1,0.0,0
SHP-10030,Delta Industrial Supplies,Tier-2,Automotive Assemblies,"Shenzhen, CN","Rotterdam, NL",Ocean Intermodal,28.7,4896.64,1134,1000,0.195,12595.9,0.286,0.063,2.2765,1.134,0.0215,28.7,0.0,0
SHP-10031,Delta Industrial Supplies,Tier-2,Industrial Machinery,"Tokyo, JP","Dallas, US",Standard Ground,6.0,3501.71,597,250,0.184,2096.3,0.329,0.53,2.8452,2.388,0.2064,6.0,0.0,0
SHP-10032,Nordic Raw Materials,Tier-1,Pharmaceuticals,"Munich, DE","Los Angeles, US",Air Freight,4.9,36939.88,772,1000,0.114,8515.7,0.42,0.776,0.5747,0.772,0.363,11.7,6.8,1
SHP-10033,Nordic Raw Materials,Tier-1,Semiconductors & Electronics,"Busan, KR","Dallas, US",Air Freight,6.6,11138.83,1265,250,0.054,10566.9,0.237,0.331,0.6239,5.06,0.0827,6.6,0.0,0
SHP-10034,Apex Auto Components,Tier-1,Semiconductors & Electronics,"Munich, DE","Singapore, SG",Standard Ground,13.9,6134.66,419,500,0.124,690.1,0.809,0.201,20.155,0.838,0.1828,13.9,0.0,0
SHP-10035,Bavaria Logistics Parts,Tier-1,Industrial Machinery,"Busan, KR","Frankfurt, DE",Standard Ground,6.3,1924.12,287,100,0.066,3025.5,0.58,0.489,2.0684,2.87,0.3023,6.3,0.0,0
SHP-10036,Apex Auto Components,Tier-1,Consumer Electronics,"Shenzhen, CN","Los Angeles, US",Standard Ground,8.5,984.17,382,50,0.01,1566.1,0.428,0.349,5.4424,7.64,0.1509,8.5,0.0,0
SHP-10037,TransPacific Freight,Tier-3,Semiconductors & Electronics,"Taipei, TW","Dallas, US",Standard Ground,5.3,7617.72,1321,500,0.462,2731.8,0.14,0.202,1.9407,2.642,0.0413,5.3,0.0,0
SHP-10038,Apex Auto Components,Tier-1,Pharmaceuticals,"Tokyo, JP","Dallas, US",Air Freight,3.9,14447.62,631,250,0.106,6765.6,0.284,0.54,0.5776,2.524,0.1696,3.9,0.0,0
SHP-10039,FastTrack Assembly Co,Tier-2,Automotive Assemblies,"Munich, DE","Los Angeles, US",Ocean Intermodal,30.5,11704.45,703,1000,0.412,9968.9,0.42,0.469,3.0615,0.703,0.278,35.6,5.1,1
SHP-10040,Apex Auto Components,Tier-1,Automotive Assemblies,"Tokyo, JP","Rotterdam, NL",Air Freight,5.9,26373.22,289,1000,0.019,11347.6,0.137,0.462,0.523,0.289,0.0645,5.9,0.0,0
SHP-10041,Delta Industrial Supplies,Tier-2,Pharmaceuticals,"Shenzhen, CN","Los Angeles, US",Air Freight,5.0,20146.4,956,500,0.135,6479.5,0.542,0.224,0.7696,1.912,0.1378,5.0,0.0,0
SHP-10042,Delta Industrial Supplies,Tier-2,Industrial Machinery,"Shenzhen, CN","Singapore, SG",Standard Ground,11.8,11538.37,1469,1000,0.225,726.5,0.812,0.725,16.2132,1.469,0.7212,17.5,5.7,1
SHP-10043,FastTrack Assembly Co,Tier-2,Automotive Assemblies,"Busan, KR","Dallas, US",Ocean Intermodal,34.1,1531.08,519,250,0.319,13738.5,0.172,0.774,2.4788,2.076,0.1756,42.6,8.5,1
SHP-10044,Apex Auto Components,Tier-1,Pharmaceuticals,"Taipei, TW","Los Angeles, US",Ocean Intermodal,23.0,6042.4,1209,500,0.079,10052.9,0.258,0.102,2.2885,2.418,0.0284,23.0,0.0,0
SHP-10045,Bavaria Logistics Parts,Tier-1,Automotive Assemblies,"Taipei, TW","Rotterdam, NL",Air Freight,3.1,5818.57,853,100,0.072,6178.5,0.421,0.304,0.5004,8.53,0.1372,3.1,0.0,0
SHP-10046,Nordic Raw Materials,Tier-1,Automotive Assemblies,"Munich, DE","Singapore, SG",Express Carrier,3.6,3870.46,924,100,0.098,4298.8,0.387,0.127,0.8274,9.24,0.054,3.6,0.0,0
SHP-10047,Nordic Raw Materials,Tier-1,Consumer Electronics,"Munich, DE","Frankfurt, DE",Air Freight,3.8,27402.76,549,500,0.182,8318.7,0.35,0.247,0.458,1.098,0.1022,3.8,0.0,0
SHP-10048,Apex Auto Components,Tier-1,Automotive Assemblies,"Taipei, TW","Frankfurt, DE",Standard Ground,13.7,8896.65,1439,500,0.082,2922.3,0.289,0.39,4.674,2.878,0.1219,13.7,0.0,0
SHP-10049,Apex Auto Components,Tier-1,Automotive Assemblies,"Munich, DE","Rotterdam, NL",Standard Ground,14.0,3830.77,1109,250,0.066,2264.8,0.297,0.945,6.179,4.436,0.2991,14.0,0.0,0
SHP-10050,FastTrack Assembly Co,Tier-2,Industrial Machinery,"Taipei, TW","Rotterdam, NL",Air Freight,5.7,10375.72,830,250,0.323,11080.0,0.409,0.232,0.51,3.32,0.1255,10.0,4.3,1
SHP-10051,Apex Auto Components,Tier-1,Pharmaceuticals,"Shenzhen, CN","Singapore, SG",Standard Ground,9.3,1688.31,627,100,0.069,612.8,0.456,0.615,15.2057,6.27,0.2999,9.3,0.0,0
SHP-10052,Nordic Raw Materials,Tier-1,Semiconductors & Electronics,"Shenzhen, CN","Frankfurt, DE",Standard Ground,13.5,1103.64,655,50,0.182,1154.8,0.192,0.576,11.7336,13.1,0.1308,13.5,0.0,0
SHP-10053,GlobalTech Micro,Tier-1,Automotive Assemblies,"Busan, KR","Singapore, SG",Ocean Intermodal,34.5,11243.74,1492,1000,0.105,7404.9,0.198,0.439,4.6557,1.492,0.0961,34.5,0.0,0
SHP-10054,Delta Industrial Supplies,Tier-2,Consumer Electronics,"Shenzhen, CN","Dallas, US",Standard Ground,9.3,8656.73,101,1000,0.24,1318.9,0.402,0.224,7.0439,0.101,0.1117,9.3,0.0,0
SHP-10055,FastTrack Assembly Co,Tier-2,Consumer Electronics,"Taipei, TW","Los Angeles, US",Ocean Intermodal,33.0,8297.08,878,1000,0.332,7430.6,0.596,0.691,4.4423,0.878,0.5485,40.4,7.4,1
SHP-10056,TransPacific Freight,Tier-3,Semiconductors & Electronics,"Chicago, US","Dallas, US",Express Carrier,2.5,70416.31,1128,1000,0.387,6516.3,0.425,0.412,0.3799,1.128,0.2428,8.5,6.0,1
SHP-10057,Apex Auto Components,Tier-1,Industrial Machinery,"Munich, DE","Los Angeles, US",Ocean Intermodal,23.8,9369.14,198,1000,0.087,13740.9,0.269,0.114,1.7329,0.198,0.0333,23.8,0.0,0
SHP-10058,Shenzhen Silicon Ltd,Tier-2,Consumer Electronics,"Tokyo, JP","Dallas, US",Air Freight,4.9,13772.3,589,500,0.257,8755.2,0.448,0.159,0.5617,1.178,0.0896,9.6,4.7,1
SHP-10059,Apex Auto Components,Tier-1,Pharmaceuticals,"Busan, KR","Frankfurt, DE",Ocean Intermodal,22.6,1393.2,658,100,0.076,11581.6,0.063,0.571,1.9553,6.58,0.0387,22.6,0.0,0
SHP-10060,FastTrack Assembly Co,Tier-2,Semiconductors & Electronics,"Chicago, US","Rotterdam, NL",Ocean Intermodal,26.0,1391.69,1167,100,0.328,13050.5,0.32,0.52,1.9957,11.67,0.221,32.0,6.0,1
SHP-10061,Bavaria Logistics Parts,Tier-1,Semiconductors & Electronics,"Shenzhen, CN","Frankfurt, DE",Standard Ground,10.2,5776.09,500,500,0.039,692.6,0.363,0.021,14.7808,1.0,0.0079,10.2,0.0,0
SHP-10062,FastTrack Assembly Co,Tier-2,Industrial Machinery,"Shenzhen, CN","Los Angeles, US",Air Freight,5.9,6631.99,355,250,0.357,4822.3,0.201,0.301,1.214,1.42,0.0821,5.9,0.0,0
SHP-10063,Delta Industrial Supplies,Tier-2,Automotive Assemblies,"Munich, DE","Rotterdam, NL",Ocean Intermodal,29.4,1415.0,1349,100,0.288,7288.3,0.485,0.287,4.0334,13.49,0.1793,29.4,0.0,0
SHP-10064,Apex Auto Components,Tier-1,Pharmaceuticals,"Busan, KR","Rotterdam, NL",Air Freight,5.4,2908.04,685,100,0.106,10270.7,0.309,0.241,0.5262,6.85,0.0824,5.4,0.0,0
SHP-10065,FastTrack Assembly Co,Tier-2,Industrial Machinery,"Busan, KR","Rotterdam, NL",Standard Ground,8.0,3846.2,168,250,0.255,2459.8,0.194,0.192,3.2486,0.672,0.0468,8.0,0.0,0
SHP-10066,Bavaria Logistics Parts,Tier-1,Pharmaceuticals,"Chicago, US","Rotterdam, NL",Ocean Intermodal,27.8,3940.72,755,500,0.01,13069.2,0.124,0.539,2.13,1.51,0.0675,27.8,0.0,0
SHP-10067,Bavaria Logistics Parts,Tier-1,Automotive Assemblies,"Taipei, TW","Singapore, SG",Standard Ground,5.9,3428.1,890,250,0.023,1811.5,0.478,0.047,3.244,3.56,0.023,5.9,0.0,0
SHP-10068,Nordic Raw Materials,Tier-1,Industrial Machinery,"Busan, KR","Rotterdam, NL",Ocean Intermodal,29.4,1568.39,902,250,0.038,10141.4,0.074,0.029,2.897,3.608,0.0022,29.4,0.0,0
SHP-10069,Apex Auto Components,Tier-1,Consumer Electronics,"Busan, KR","Rotterdam, NL",Standard Ground,7.1,2347.03,375,250,0.088,868.9,0.212,0.087,8.1482,1.5,0.0201,7.1,0.0,0
SHP-10070,Nordic Raw Materials,Tier-1,Pharmaceuticals,"Busan, KR","Singapore, SG",Air Freight,7.7,5290.32,323,100,0.061,5148.3,0.406,0.329,1.4955,3.23,0.1417,7.7,0.0,0
SHP-10071,GlobalTech Micro,Tier-1,Pharmaceuticals,"Tokyo, JP","Singapore, SG",Ocean Intermodal,27.8,904.21,927,100,0.152,11668.8,0.282,0.272,2.3835,9.27,0.0884,27.8,0.0,0
SHP-10072,Apex Auto Components,Tier-1,Automotive Assemblies,"Shenzhen, CN","Dallas, US",Ocean Intermodal,24.4,1828.45,526,250,0.134,13082.3,0.454,0.062,1.8641,2.104,0.0319,24.4,0.0,0
SHP-10073,FastTrack Assembly Co,Tier-2,Automotive Assemblies,"Shenzhen, CN","Dallas, US",Ocean Intermodal,34.2,10975.6,1229,1000,0.245,10796.5,0.24,0.025,3.1654,1.229,0.0075,34.2,0.0,0
SHP-10074,FastTrack Assembly Co,Tier-2,Consumer Electronics,"Shenzhen, CN","Frankfurt, DE",Ocean Intermodal,19.0,3073.22,197,250,0.242,13489.2,0.208,0.142,1.4103,0.788,0.0367,23.6,4.6,1
SHP-10075,Bavaria Logistics Parts,Tier-1,Automotive Assemblies,"Tokyo, JP","Frankfurt, DE",Standard Ground,9.7,1771.21,1446,100,0.068,1044.3,0.544,0.448,9.3136,14.46,0.2602,9.7,0.0,0
SHP-10076,Delta Industrial Supplies,Tier-2,Pharmaceuticals,"Shenzhen, CN","Rotterdam, NL",Standard Ground,8.2,9554.44,487,500,0.235,1024.3,0.372,0.232,8.0511,0.974,0.1066,8.2,0.0,0
SHP-10077,GlobalTech Micro,Tier-1,Industrial Machinery,"Shenzhen, CN","Singapore, SG",Ocean Intermodal,18.4,2407.1,616,250,0.131,7670.0,0.122,0.116,2.3992,2.464,0.016,18.4,0.0,0
SHP-10078,GlobalTech Micro,Tier-1,Industrial Machinery,"Chicago, US","Dallas, US",Express Carrier,3.0,35850.97,913,500,0.068,5619.3,0.146,0.622,0.536,1.826,0.097,3.0,0.0,0
SHP-10079,FastTrack Assembly Co,Tier-2,Consumer Electronics,"Munich, DE","Dallas, US",Standard Ground,7.9,6281.64,724,500,0.327,2098.9,0.417,0.152,3.773,1.448,0.0841,7.9,0.0,0
SHP-10080,GlobalTech Micro,Tier-1,Pharmaceuticals,"Chicago, US","Frankfurt, DE",Standard Ground,8.4,19038.23,1023,2000,0.152,1924.7,0.318,0.172,4.3866,0.5115,0.063,8.4,0.0,0
SHP-10081,Bavaria Logistics Parts,Tier-1,Semiconductors & Electronics,"Taipei, TW","Rotterdam, NL",Standard Ground,8.1,2889.63,1416,250,0.083,1642.7,0.236,0.026,4.9411,5.664,0.0066,8.1,0.0,0
SHP-10082,Delta Industrial Supplies,Tier-2,Automotive Assemblies,"Busan, KR","Dallas, US",Ocean Intermodal,23.2,1388.66,551,250,0.184,12530.2,0.302,0.768,1.8499,2.204,0.2746,26.3,3.1,1
SHP-10083,GlobalTech Micro,Tier-1,Consumer Electronics,"Taipei, TW","Rotterdam, NL",Standard Ground,7.1,4682.99,226,500,0.146,2018.3,0.262,0.596,3.5143,0.452,0.179,7.1,0.0,0
SHP-10084,TransPacific Freight,Tier-3,Industrial Machinery,"Shenzhen, CN","Rotterdam, NL",Standard Ground,11.8,1806.22,673,100,0.392,1953.8,0.344,0.733,6.0335,6.73,0.3509,15.0,3.2,1
SHP-10085,Bavaria Logistics Parts,Tier-1,Pharmaceuticals,"Munich, DE","Singapore, SG",Ocean Intermodal,25.6,1649.64,1113,250,0.037,13206.2,0.629,0.239,1.942,4.452,0.1559,25.6,0.0,0
SHP-10086,TransPacific Freight,Tier-3,Automotive Assemblies,"Taipei, TW","Singapore, SG",Standard Ground,13.6,1487.42,1274,100,0.502,2904.6,0.431,0.182,4.6947,12.74,0.1179,13.6,0.0,0
SHP-10087,Delta Industrial Supplies,Tier-2,Automotive Assemblies,"Taipei, TW","Los Angeles, US",Ocean Intermodal,31.4,3381.67,1269,500,0.204,13687.3,0.706,0.394,2.2924,2.538,0.3348,38.0,6.6,1
SHP-10088,GlobalTech Micro,Tier-1,Consumer Electronics,"Shenzhen, CN","Dallas, US",Standard Ground,12.2,629.33,787,50,0.089,2477.1,0.134,0.255,4.9328,15.74,0.0372,12.2,0.0,0
SHP-10089,FastTrack Assembly Co,Tier-2,Semiconductors & Electronics,"Munich, DE","Dallas, US",Express Carrier,3.8,16667.17,1454,250,0.312,2728.3,0.144,0.558,1.4093,5.816,0.1054,3.8,0.0,0
SHP-10090,Apex Auto Components,Tier-1,Automotive Assemblies,"Munich, DE","Los Angeles, US",Standard Ground,8.9,3507.15,1336,250,0.069,1616.5,0.075,0.66,5.4987,5.344,0.0529,8.9,0.0,0
SHP-10091,FastTrack Assembly Co,Tier-2,Pharmaceuticals,"Busan, KR","Dallas, US",Standard Ground,9.9,1843.43,1449,100,0.321,1308.0,0.133,0.405,7.5352,14.49,0.0712,9.9,0.0,0
SHP-10092,Nordic Raw Materials,Tier-1,Consumer Electronics,"Chicago, US","Los Angeles, US",Standard Ground,6.4,918.36,1488,50,0.053,2783.4,0.384,0.592,2.314,29.76,0.2394,6.4,0.0,0
SHP-10093,GlobalTech Micro,Tier-1,Consumer Electronics,"Chicago, US","Rotterdam, NL",Air Freight,3.2,5304.02,524,100,0.137,10087.9,0.332,0.621,0.3149,5.24,0.2344,4.7,1.5,1
SHP-10094,TransPacific Freight,Tier-3,Consumer Electronics,"Busan, KR","Frankfurt, DE",Standard Ground,8.5,13100.79,789,1000,0.398,1044.0,0.394,0.452,8.1315,0.789,0.2491,12.5,4.0,1
SHP-10095,Nordic Raw Materials,Tier-1,Industrial Machinery,"Taipei, TW","Frankfurt, DE",Standard Ground,11.4,4508.76,525,250,0.082,2854.7,0.189,0.341,3.9826,2.1,0.0698,11.4,0.0,0
SHP-10096,FastTrack Assembly Co,Tier-2,Industrial Machinery,"Busan, KR","Frankfurt, DE",Ocean Intermodal,27.7,999.67,87,100,0.263,9686.8,0.604,0.581,2.8618,0.87,0.4432,35.5,7.8,1
SHP-10097,Shenzhen Silicon Ltd,Tier-2,Consumer Electronics,"Munich, DE","Frankfurt, DE",Ocean Intermodal,33.4,5810.93,60,500,0.269,7348.9,0.181,0.272,4.5403,0.12,0.0625,35.7,2.3,1
SHP-10098,FastTrack Assembly Co,Tier-2,Automotive Assemblies,"Busan, KR","Frankfurt, DE",Ocean Intermodal,32.5,1195.61,507,250,0.341,8094.7,0.273,0.18,4.0153,2.028,0.0659,32.5,0.0,0
SHP-10099,Shenzhen Silicon Ltd,Tier-2,Pharmaceuticals,"Busan, KR","Los Angeles, US",Ocean Intermodal,34.7,2752.0,497,500,0.237,10461.4,0.114,0.447,3.3124,0.994,0.0631,40.3,5.6,1
SHP-10100,GlobalTech Micro,Tier-1,Semiconductors & Electronics,"Busan, KR","Rotterdam, NL",Air Freight,3.8,29260.21,1020,500,0.025,7877.6,0.214,0.503,0.486,2.04,0.1104,3.8,0.0,0
SHP-10101,FastTrack Assembly Co,Tier-2,Consumer Electronics,"Chicago, US","Frankfurt, DE",Standard Ground,6.8,18731.02,1312,1000,0.298,2058.2,0.395,0.208,3.3253,1.312,0.1067,6.8,0.0,0
SHP-10102,Shenzhen Silicon Ltd,Tier-2,Industrial Machinery,"Tokyo, JP","Dallas, US",Ocean Intermodal,26.9,3442.22,1206,500,0.323,8426.4,0.464,0.458,3.192,2.412,0.2812,31.3,4.4,1
SHP-10103,FastTrack Assembly Co,Tier-2,Semiconductors & Electronics,"Taipei, TW","Frankfurt, DE",Air Freight,4.6,106125.7,1292,2000,0.324,10563.0,0.225,0.384,0.4322,0.646,0.1144,8.8,4.2,1
SHP-10104,Bavaria Logistics Parts,Tier-1,Semiconductors & Electronics,"Munich, DE","Singapore, SG",Ocean Intermodal,23.7,6586.22,1482,1000,0.033,13814.2,0.281,0.393,1.7175,1.482,0.1141,26.3,2.6,1
SHP-10105,Shenzhen Silicon Ltd,Tier-2,Semiconductors & Electronics,"Munich, DE","Rotterdam, NL",Ocean Intermodal,25.4,4591.05,1218,500,0.261,11296.4,0.489,0.593,2.2488,2.436,0.3656,32.0,6.6,1
SHP-10106,GlobalTech Micro,Tier-1,Industrial Machinery,"Shenzhen, CN","Singapore, SG",Ocean Intermodal,23.2,9442.83,1193,1000,0.14,7232.3,0.089,0.194,3.2033,1.193,0.0197,23.2,0.0,0
SHP-10107,Bavaria Logistics Parts,Tier-1,Consumer Electronics,"Tokyo, JP","Dallas, US",Air Freight,3.6,2206.06,456,50,0.058,11814.4,0.18,0.62,0.3008,9.12,0.118,3.6,0.0,0
SHP-10108,Delta Industrial Supplies,Tier-2,Consumer Electronics,"Shenzhen, CN","Los Angeles, US",Air Freight,5.3,9033.39,1127,250,0.177,4099.2,0.287,0.617,1.3036,4.508,0.2085,5.3,0.0,0
SHP-10109,FastTrack Assembly Co,Tier-2,Automotive Assemblies,"Taipei, TW","Singapore, SG",Air Freight,4.1,21220.89,1309,500,0.311,6018.5,0.147,0.656,0.6814,2.618,0.1264,7.1,3.0,1
SHP-10110,Bavaria Logistics Parts,Tier-1,Consumer Electronics,"Chicago, US","Rotterdam, NL",Express Carrier,3.4,7610.23,640,100,0.054,3629.4,0.254,0.155,0.9419,6.4,0.0415,3.4,0.0,0
SHP-10111,Bavaria Logistics Parts,Tier-1,Semiconductors & Electronics,"Busan, KR","Los Angeles, US",Air Freight,4.1,2942.44,541,100,0.063,4061.3,0.478,0.496,1.0084,5.41,0.252,4.1,0.0,0
SHP-10112,Nordic Raw Materials,Tier-1,Semiconductors & Electronics,"Tokyo, JP","Dallas, US",Standard Ground,13.4,2709.04,1108,250,0.104,1851.8,0.612,0.461,7.2172,4.432,0.3114,13.4,0.0,0
SHP-10113,Delta Industrial Supplies,Tier-2,Consumer Electronics,"Shenzhen, CN","Frankfurt, DE",Ocean Intermodal,19.9,1988.66,585,250,0.212,11806.1,0.127,0.223,1.6895,2.34,0.0343,19.9,0.0,0
SHP-10114,Shenzhen Silicon Ltd,Tier-2,Industrial Machinery,"Shenzhen, CN","Frankfurt, DE",Express Carrier,3.9,16273.11,1252,250,0.293,3031.1,0.624,0.264,1.2912,5.008,0.213,3.9,0.0,0
SHP-10115,Delta Industrial Supplies,Tier-2,Pharmaceuticals,"Tokyo, JP","Rotterdam, NL",Standard Ground,5.7,14636.16,905,1000,0.198,1711.7,0.06,0.478,3.3292,0.905,0.0343,5.7,0.0,0
SHP-10116,Shenzhen Silicon Ltd,Tier-2,Pharmaceuticals,"Chicago, US","Singapore, SG",Air Freight,4.7,1703.02,986,50,0.223,11120.8,0.745,0.426,0.4253,19.72,0.3883,9.4,4.7,1
SHP-10117,GlobalTech Micro,Tier-1,Pharmaceuticals,"Munich, DE","Singapore, SG",Standard Ground,13.8,1632.58,1392,100,0.114,1185.5,0.149,0.191,11.6385,13.92,0.0317,13.8,0.0,0
SHP-10118,Bavaria Logistics Parts,Tier-1,Consumer Electronics,"Busan, KR","Frankfurt, DE",Air Freight,5.7,7220.85,821,250,0.066,11958.9,0.301,0.365,0.4789,3.284,0.1171,5.7,0.0,0
SHP-10119,Nordic Raw Materials,Tier-1,Pharmaceuticals,"Tokyo, JP","Frankfurt, DE",Standard Ground,10.2,2607.33,632,250,0.183,1541.8,0.285,0.313,6.6312,2.528,0.1056,10.2,0.0,0
SHP-10120,Apex Auto Components,Tier-1,Industrial Machinery,"Tokyo, JP","Singapore, SG",Express Carrier,2.1,16416.67,726,250,0.064,4750.8,0.25,0.077,0.445,2.904,0.0205,2.1,0.0,0
SHP-10121,Delta Industrial Supplies,Tier-2,Industrial Machinery,"Shenzhen, CN","Dallas, US",Air Freight,7.3,15057.53,881,250,0.246,8618.2,0.527,0.243,0.8503,3.524,0.1595,7.3,0.0,0
SHP-10122,Nordic Raw Materials,Tier-1,Automotive Assemblies,"Taipei, TW","Dallas, US",Air Freight,5.6,11958.35,1112,250,0.131,10976.4,0.222,0.122,0.5135,4.448,0.0306,5.6,0.0,0
SHP-10123,Nordic Raw Materials,Tier-1,Semiconductors & Electronics,"Busan, KR","Frankfurt, DE",Ocean Intermodal,19.1,886.32,1221,100,0.091,9849.7,0.413,0.503,1.9414,12.21,0.2267,19.1,0.0,0
SHP-10124,Nordic Raw Materials,Tier-1,Industrial Machinery,"Busan, KR","Dallas, US",Ocean Intermodal,27.9,2846.33,367,250,0.149,7154.2,0.18,0.228,3.902,1.468,0.0472,27.9,0.0,0
SHP-10125,Shenzhen Silicon Ltd,Tier-2,Pharmaceuticals,"Taipei, TW","Frankfurt, DE",Standard Ground,12.0,3055.14,462,250,0.293,928.6,0.237,0.623,12.8986,1.848,0.191,12.0,0.0,0
SHP-10126,GlobalTech Micro,Tier-1,Consumer Electronics,"Taipei, TW","Frankfurt, DE",Express Carrier,3.1,23115.63,504,500,0.131,2611.4,0.372,0.526,1.1797,1.008,0.2212,3.1,0.0,0
SHP-10127,Apex Auto Components,Tier-1,Semiconductors & Electronics,"Munich, DE","Singapore, SG",Ocean Intermodal,29.3,6163.27,1428,500,0.038,11991.3,0.409,0.585,2.4458,2.856,0.2483,33.6,4.3,1
SHP-10128,Nordic Raw Materials,Tier-1,Automotive Assemblies,"Tokyo, JP","Frankfurt, DE",Air Freight,7.3,8158.78,588,250,0.065,4023.1,0.308,0.528,1.8132,2.352,0.1732,7.3,0.0,0
SHP-10129,Delta Industrial Supplies,Tier-2,Pharmaceuticals,"Chicago, US","Los Angeles, US",Standard Ground,7.6,822.72,438,50,0.18,3170.6,0.164,0.842,2.3928,8.76,0.1629,7.6,0.0,0
SHP-10130,Delta Industrial Supplies,Tier-2,Pharmaceuticals,"Tokyo, JP","Los Angeles, US",Standard Ground,9.7,1848.82,805,100,0.249,3390.5,0.254,0.668,2.8525,8.05,0.2119,9.7,0.0,0
SHP-10131,Delta Industrial Supplies,Tier-2,Pharmaceuticals,"Tokyo, JP","Singapore, SG",Standard Ground,13.8,1116.9,1181,50,0.23,2439.4,0.052,0.36,5.6439,23.62,0.023,13.8,0.0,0
SHP-10132,Nordic Raw Materials,Tier-1,Pharmaceuticals,"Munich, DE","Los Angeles, US",Standard Ground,9.8,4226.39,347,250,0.103,1217.5,0.285,0.294,8.0302,1.388,0.0924,9.8,0.0,0
SHP-10133,Bavaria Logistics Parts,Tier-1,Pharmaceuticals,"Shenzhen, CN","Los Angeles, US",Air Freight,4.7,12801.87,1050,250,0.035,11579.2,0.237,0.153,0.4048,4.2,0.0375,4.7,0.0,0
SHP-10134,Shenzhen Silicon Ltd,Tier-2,Consumer Electronics,"Busan, KR","Rotterdam, NL",Express Carrier,2.5,13533.1,1351,250,0.325,5281.2,0.151,0.792,0.4811,5.404,0.1585,3.5,1.0,1
SHP-10135,Apex Auto Components,Tier-1,Automotive Assemblies,"Chicago, US","Dallas, US",Air Freight,7.6,3313.89,68,100,0.047,7671.7,0.457,0.309,0.9903,0.68,0.1479,7.6,0.0,0
SHP-10136,Delta Industrial Supplies,Tier-2,Semiconductors & Electronics,"Shenzhen, CN","Dallas, US",Air Freight,6.8,13959.5,1261,250,0.198,11681.3,0.582,0.608,0.5837,5.044,0.4239,11.6,4.8,1
SHP-10137,Bavaria Logistics Parts,Tier-1,Consumer Electronics,"Chicago, US","Los Angeles, US",Standard Ground,13.9,4919.46,971,250,0.13,961.4,0.382,0.037,14.4688,3.884,0.016,13.9,0.0,0
SHP-10138,Shenzhen Silicon Ltd,Tier-2,Consumer Electronics,"Munich, DE","Dallas, US",Express Carrier,2.1,3823.72,1428,100,0.307,3325.1,0.039,0.154,0.6366,14.28,0.0079,2.1,0.0,0
SHP-10139,Nordic Raw Materials,Tier-1,Automotive Assemblies,"Taipei, TW","Frankfurt, DE",Ocean Intermodal,33.1,992.6,911,100,0.049,12762.1,0.366,0.244,2.5945,9.11,0.0937,33.1,0.0,0
SHP-10140,Nordic Raw Materials,Tier-1,Consumer Electronics,"Taipei, TW","Rotterdam, NL",Ocean Intermodal,26.8,603.74,618,50,0.083,12773.5,0.316,0.732,2.0954,12.36,0.2505,31.3,4.5,1
SHP-10141,FastTrack Assembly Co,Tier-2,Industrial Machinery,"Chicago, US","Frankfurt, DE",Standard Ground,11.6,4110.9,1150,250,0.344,1430.3,0.468,0.156,8.1003,4.6,0.0981,11.6,0.0,0
SHP-10142,FastTrack Assembly Co,Tier-2,Semiconductors & Electronics,"Munich, DE","Rotterdam, NL",Standard Ground,7.4,1583.56,961,100,0.22,562.0,0.378,0.585,13.2044,9.61,0.2699,7.4,0.0,0
SHP-10143,Nordic Raw Materials,Tier-1,Automotive Assemblies,"Tokyo, JP","Los Angeles, US",Ocean Intermodal,20.1,1307.32,94,100,0.116,7854.2,0.123,0.649,2.5626,0.94,0.0891,24.0,3.9,1
SHP-10144,Bavaria Logistics Parts,Tier-1,Pharmaceuticals,"Tokyo, JP","Dallas, US",Standard Ground,5.1,33012.9,1072,2000,0.036,3017.0,0.22,0.659,1.6913,0.536,0.1502,5.1,0.0,0
SHP-10145,FastTrack Assembly Co,Tier-2,Industrial Machinery,"Tokyo, JP","Dallas, US",Express Carrier,2.5,4957.98,1205,100,0.342,7191.8,0.626,0.298,0.3437,12.05,0.2504,5.2,2.7,1
SHP-10146,GlobalTech Micro,Tier-1,Semiconductors & Electronics,"Chicago, US","Singapore, SG",Air Freight,6.9,8882.75,1043,250,0.103,4546.8,0.269,0.531,1.5217,4.172,0.1575,6.9,0.0,0
SHP-10147,FastTrack Assembly Co,Tier-2,Pharmaceuticals,"Munich, DE","Rotterdam, NL",Standard Ground,5.1,26936.49,199,2000,0.326,3244.2,0.283,0.143,1.5731,0.0995,0.0536,5.1,0.0,0
SHP-10148,Apex Auto Components,Tier-1,Automotive Assemblies,"Munich, DE","Rotterdam, NL",Standard Ground,5.7,17978.94,481,2000,0.088,2310.9,0.326,0.414,2.4634,0.2405,0.1468,5.7,0.0,0
SHP-10149,FastTrack Assembly Co,Tier-2,Semiconductors & Electronics,"Tokyo, JP","Frankfurt, DE",Air Freight,3.9,7416.91,937,250,0.252,4016.1,0.727,0.526,0.9637,3.748,0.4789,9.7,5.8,1
SHP-10150,Delta Industrial Supplies,Tier-2,Semiconductors & Electronics,"Tokyo, JP","Rotterdam, NL",Air Freight,6.7,14430.46,1098,250,0.156,4741.0,0.325,0.682,1.422,4.392,0.2562,6.7,0.0,0
SHP-10151,Nordic Raw Materials,Tier-1,Pharmaceuticals,"Shenzhen, CN","Los Angeles, US",Standard Ground,5.7,4863.15,915,250,0.075,547.4,0.041,0.81,10.4015,3.66,0.0357,5.7,0.0,0
SHP-10152,Apex Auto Components,Tier-1,Automotive Assemblies,"Tokyo, JP","Dallas, US",Air Freight,5.1,16351.47,1377,500,0.064,10165.9,0.145,0.238,0.5054,2.754,0.0367,5.1,0.0,0
SHP-10153,Nordic Raw Materials,Tier-1,Pharmaceuticals,"Busan, KR","Dallas, US",Air Freight,4.0,11590.88,354,250,0.089,8790.8,0.614,0.611,0.4556,1.416,0.4085,10.2,6.2,1
SHP-10154,Apex Auto Components,Tier-1,Industrial Machinery,"Shenzhen, CN","Frankfurt, DE",Ocean Intermodal,25.5,1070.03,1126,100,0.06,13471.9,0.341,0.7,1.8955,11.26,0.2531,28.7,3.2,1
SHP-10155,Delta Industrial Supplies,Tier-2,Industrial Machinery,"Busan, KR","Los Angeles, US",Ocean Intermodal,29.5,10883.8,935,1000,0.284,13011.7,0.521,0.348,2.2678,0.935,0.2327,37.2,7.7,1
SHP-10156,Shenzhen Silicon Ltd,Tier-2,Semiconductors & Electronics,"Busan, KR","Dallas, US",Standard Ground,12.9,2610.41,894,250,0.27,2697.2,0.313,0.215,4.7956,3.576,0.0855,12.9,0.0,0
SHP-10157,GlobalTech Micro,Tier-1,Semiconductors & Electronics,"Tokyo, JP","Dallas, US",Air Freight,6.5,8030.12,647,250,0.133,9571.4,0.432,0.177,0.6802,2.588,0.0866,6.5,0.0,0
SHP-10158,TransPacific Freight,Tier-3,Automotive Assemblies,"Munich, DE","Los Angeles, US",Ocean Intermodal,31.2,9050.39,1026,1000,0.457,13660.1,0.217,0.484,2.284,1.026,0.1531,40.7,9.5,1
SHP-10159,GlobalTech Micro,Tier-1,Industrial Machinery,"Busan, KR","Los Angeles, US",Standard Ground,9.6,4645.5,644,250,0.12,2094.7,0.231,0.608,4.5805,2.576,0.1572,9.6,0.0,0
SHP-10160,GlobalTech Micro,Tier-1,Consumer Electronics,"Taipei, TW","Singapore, SG",Air Freight,4.2,3061.92,1107,50,0.116,11913.7,0.456,0.421,0.349,22.14,0.2143,7.9,3.7,1
SHP-10161,GlobalTech Micro,Tier-1,Pharmaceuticals,"Munich, DE","Singapore, SG",Air Freight,3.2,11549.16,844,250,0.033,4829.4,0.291,0.382,0.6716,3.376,0.1149,3.2,0.0,0
SHP-10162,FastTrack Assembly Co,Tier-2,Industrial Machinery,"Munich, DE","Frankfurt, DE",Air Freight,5.7,5273.44,651,100,0.278,10820.7,0.5,0.105,0.5275,6.51,0.0671,5.7,0.0,0
SHP-10163,Shenzhen Silicon Ltd,Tier-2,Automotive Assemblies,"Tokyo, JP","Rotterdam, NL",Standard Ground,13.6,3536.28,823,250,0.333,1852.3,0.293,0.277,7.3564,3.292,0.1082,13.6,0.0,0
SHP-10164,TransPacific Freight,Tier-3,Pharmaceuticals,"Busan, KR","Frankfurt, DE",Air Freight,6.7,3251.96,722,100,0.398,10189.3,0.072,0.779,0.6614,7.22,0.0784,11.9,5.2,1
SHP-10165,Nordic Raw Materials,Tier-1,Consumer Electronics,"Taipei, TW","Rotterdam, NL",Air Freight,4.2,2517.3,1219,50,0.058,10759.0,0.172,0.271,0.3946,24.38,0.0493,4.2,0.0,0
SHP-10166,Apex Auto Components,Tier-1,Automotive Assemblies,"Chicago, US","Dallas, US",Ocean Intermodal,34.0,1996.34,975,250,0.073,7037.4,0.326,0.533,4.8246,3.9,0.1865,34.0,0.0,0
SHP-10167,Bavaria Logistics Parts,Tier-1,Consumer Electronics,"Taipei, TW","Dallas, US",Air Freight,5.5,13984.47,1426,250,0.079,7544.5,0.16,0.333,0.7251,5.704,0.0575,5.5,0.0,0
SHP-10168,GlobalTech Micro,Tier-1,Semiconductors & Electronics,"Busan, KR","Dallas, US",Standard Ground,12.3,1501.25,706,100,0.099,2743.4,0.455,0.332,4.4807,7.06,0.166,12.3,0.0,0
SHP-10169,Shenzhen Silicon Ltd,Tier-2,Consumer Electronics,"Munich, DE","Frankfurt, DE",Ocean Intermodal,30.6,1370.82,384,250,0.287,7549.9,0.27,0.154,4.0516,1.536,0.0535,30.6,0.0,0
SHP-10170,Apex Auto Components,Tier-1,Consumer Electronics,"Shenzhen, CN","Dallas, US",Ocean Intermodal,21.7,2611.53,1175,250,0.086,8403.9,0.357,0.465,2.5793,4.7,0.1803,21.7,0.0,0
SHP-10171,Shenzhen Silicon Ltd,Tier-2,Automotive Assemblies,"Munich, DE","Rotterdam, NL",Air Freight,3.3,3160.77,1478,50,0.179,7799.6,0.579,0.191,0.42,29.56,0.1303,3.3,0.0,0
SHP-10172,Bavaria Logistics Parts,Tier-1,Consumer Electronics,"Chicago, US","Rotterdam, NL",Standard Ground,12.8,597.05,866,50,0.044,1527.9,0.225,0.617,8.3654,17.32,0.1449,12.8,0.0,0
SHP-10173,GlobalTech Micro,Tier-1,Semiconductors & Electronics,"Munich, DE","Los Angeles, US",Air Freight,4.4,4004.83,1488,100,0.038,9721.5,0.113,0.577,0.4536,14.88,0.0677,4.4,0.0,0
SHP-10174,TransPacific Freight,Tier-3,Automotive Assemblies,"Shenzhen, CN","Frankfurt, DE",Air Freight,7.2,37763.94,708,1000,0.383,7865.4,0.203,0.649,0.9143,0.708,0.1822,12.0,4.8,1
SHP-10175,Nordic Raw Materials,Tier-1,Semiconductors & Electronics,"Tokyo, JP","Frankfurt, DE",Ocean Intermodal,32.5,2214.57,1359,250,0.145,8157.1,0.452,0.321,3.987,5.436,0.1662,32.5,0.0,0
SHP-10176,TransPacific Freight,Tier-3,Consumer Electronics,"Shenzhen, CN","Los Angeles, US",Standard Ground,9.7,3802.8,1139,250,0.474,1257.9,0.744,0.362,7.6956,4.556,0.397,12.7,3.0,1
SHP-10177,Apex Auto Components,Tier-1,Consumer Electronics,"Tokyo, JP","Rotterdam, NL",Express Carrier,3.8,17871.93,1152,500,0.141,6714.9,0.584,0.167,0.5614,2.304,0.1113,3.8,0.0,0
SHP-10178,FastTrack Assembly Co,Tier-2,Semiconductors & Electronics,"Chicago, US","Los Angeles, US",Air Freight,6.9,7565.91,1396,250,0.292,7746.6,0.142,0.396,0.8865,5.584,0.0726,6.9,0.0,0
SHP-10179,Bavaria Logistics Parts,Tier-1,Semiconductors & Electronics,"Munich, DE","Dallas, US",Air Freight,3.6,5438.98,1397,100,0.124,10006.2,0.224,0.61,0.3625,13.97,0.1536,3.6,0.0,0
SHP-10180,GlobalTech Micro,Tier-1,Consumer Electronics,"Tokyo, JP","Frankfurt, DE",Express Carrier,4.0,4538.37,784,100,0.186,5583.8,0.457,0.244,0.7092,7.84,0.1323,4.0,0.0,0
SHP-10181,Apex Auto Components,Tier-1,Automotive Assemblies,"Busan, KR","Dallas, US",Standard Ground,5.8,5105.67,289,250,0.071,3048.6,0.584,0.547,1.9028,1.156,0.3422,5.8,0.0,0
SHP-10182,Delta Industrial Supplies,Tier-2,Automotive Assemblies,"Chicago, US","Rotterdam, NL",Express Carrier,2.9,39782.09,1304,1000,0.279,3063.2,0.588,0.15,0.9411,1.304,0.1128,2.9,0.0,0
SHP-10183,Delta Industrial Supplies,Tier-2,Semiconductors & Electronics,"Tokyo, JP","Rotterdam, NL",Ocean Intermodal,32.7,1206.49,1039,100,0.218,11226.6,0.292,0.326,2.9104,10.39,0.116,32.7,0.0,0
SHP-10184,Apex Auto Components,Tier-1,Automotive Assemblies,"Tokyo, JP","Dallas, US",Standard Ground,10.0,1206.3,193,50,0.051,1732.6,0.354,0.477,5.7978,3.86,0.1775,10.0,0.0,0
SHP-10185,Apex Auto Components,Tier-1,Industrial Machinery,"Chicago, US","Rotterdam, NL",Air Freight,6.7,4732.8,96,100,0.066,10315.9,0.147,0.462,0.6534,0.96,0.0724,6.7,0.0,0
SHP-10186,GlobalTech Micro,Tier-1,Semiconductors & Electronics,"Munich, DE","Rotterdam, NL",Standard Ground,12.4,3689.73,525,250,0.099,2970.7,0.439,0.654,4.1695,2.1,0.3156,12.4,0.0,0
SHP-10187,GlobalTech Micro,Tier-1,Consumer Electronics,"Chicago, US","Singapore, SG",Standard Ground,11.2,794.53,283,50,0.094,3301.2,0.333,0.473,3.379,5.66,0.1723,11.2,0.0,0
SHP-10188,Apex Auto Components,Tier-1,Pharmaceuticals,"Tokyo, JP","Dallas, US",Ocean Intermodal,29.6,744.23,1353,50,0.01,8620.4,0.249,0.078,3.4318,27.06,0.0196,29.6,0.0,0
SHP-10189,FastTrack Assembly Co,Tier-2,Industrial Machinery,"Busan, KR","Frankfurt, DE",Standard Ground,6.5,4838.7,1110,250,0.247,1757.5,0.277,0.235,3.7062,4.44,0.0812,6.5,0.0,0
SHP-10190,Bavaria Logistics Parts,Tier-1,Automotive Assemblies,"Taipei, TW","Singapore, SG",Ocean Intermodal,34.0,789.86,678,100,0.113,7056.4,0.605,0.485,4.8231,6.78,0.3266,34.0,0.0,0
SHP-10191,Apex Auto Components,Tier-1,Semiconductors & Electronics,"Chicago, US","Los Angeles, US",Ocean Intermodal,23.9,4877.9,1185,500,0.103,12098.6,0.366,0.659,1.9737,2.37,0.2661,26.0,2.1,1
SHP-10192,Bavaria Logistics Parts,Tier-1,Automotive Assemblies,"Shenzhen, CN","Rotterdam, NL",Standard Ground,5.8,1534.79,74,100,0.092,3193.9,0.618,0.377,1.8025,0.74,0.2544,5.8,0.0,0
SHP-10193,GlobalTech Micro,Tier-1,Industrial Machinery,"Taipei, TW","Dallas, US",Standard Ground,5.1,1939.54,108,100,0.051,2249.8,0.781,0.484,2.2677,1.08,0.3972,9.1,4.0,1
SHP-10194,FastTrack Assembly Co,Tier-2,Pharmaceuticals,"Busan, KR","Dallas, US",Air Freight,4.1,16557.11,1312,500,0.286,10445.2,0.009,0.156,0.3946,2.624,0.0018,4.1,0.0,0
SHP-10195,Apex Auto Components,Tier-1,Pharmaceuticals,"Shenzhen, CN","Frankfurt, DE",Air Freight,3.6,15608.86,1214,500,0.117,7261.7,0.217,0.573,0.4996,2.428,0.1389,3.6,0.0,0
SHP-10196,Bavaria Logistics Parts,Tier-1,Semiconductors & Electronics,"Munich, DE","Rotterdam, NL",Air Freight,6.3,2383.77,781,50,0.031,4362.4,0.607,0.368,1.44,15.62,0.2304,6.3,0.0,0
SHP-10197,FastTrack Assembly Co,Tier-2,Consumer Electronics,"Shenzhen, CN","Dallas, US",Air Freight,6.9,13016.68,416,500,0.281,8449.5,0.404,0.448,0.8163,0.832,0.2319,10.1,3.2,1
SHP-10198,GlobalTech Micro,Tier-1,Consumer Electronics,"Munich, DE","Los Angeles, US",Air Freight,6.7,1806.53,239,50,0.163,9002.6,0.483,0.654,0.7482,4.78,0.3673,8.7,2.0,1
SHP-10199,FastTrack Assembly Co,Tier-2,Semiconductors & Electronics,"Chicago, US","Frankfurt, DE",Standard Ground,11.1,4431.11,626,250,0.33,2832.4,0.248,0.849,3.9033,2.504,0.2801,15.9,4.8,1
SHP-10200,Delta Industrial Supplies,Tier-2,Pharmaceuticals,"Busan, KR","Singapore, SG",Express Carrier,4.4,31242.78,1421,500,0.185,7401.6,0.122,0.5,0.5913,2.842,0.0723,4.4,0.0,0
SHP-10201,Nordic Raw Materials,Tier-1,Pharmaceuticals,"Busan, KR","Frankfurt, DE",Express Carrier,2.3,25678.26,1180,500,0.053,5898.7,0.525,0.257,0.3917,2.36,0.1421,2.3,0.0,0
SHP-10202,GlobalTech Micro,Tier-1,Automotive Assemblies,"Chicago, US","Dallas, US",Air Freight,3.5,2139.41,306,50,0.119,5922.4,0.234,0.249,0.5867,6.12,0.0652,3.5,0.0,0
SHP-10203,TransPacific Freight,Tier-3,Industrial Machinery,"Chicago, US","Dallas, US",Standard Ground,6.1,1639.9,1215,100,0.425,2499.9,0.377,0.677,2.4306,12.15,0.3636,9.5,3.4,1
SHP-10204,Shenzhen Silicon Ltd,Tier-2,Industrial Machinery,"Tokyo, JP","Singapore, SG",Air Freight,3.4,2958.62,388,100,0.371,8331.0,0.432,0.126,0.4117,3.88,0.0746,3.4,0.0,0
SHP-10205,GlobalTech Micro,Tier-1,Industrial Machinery,"Tokyo, JP","Frankfurt, DE",Ocean Intermodal,24.2,2511.87,856,250,0.083,12111.6,0.461,0.112,1.9983,3.424,0.0559,24.2,0.0,0
SHP-10206,GlobalTech Micro,Tier-1,Automotive Assemblies,"Busan, KR","Los Angeles, US",Air Freight,3.6,91088.33,541,2000,0.113,6007.0,0.122,0.091,0.5997,0.2705,0.0124,3.6,0.0,0
SHP-10207,FastTrack Assembly Co,Tier-2,Semiconductors & Electronics,"Munich, DE","Dallas, US",Air Freight,5.2,2604.43,269,50,0.315,9277.5,0.727,0.276,0.5616,5.38,0.2639,8.9,3.7,1
SHP-10208,Shenzhen Silicon Ltd,Tier-2,Pharmaceuticals,"Busan, KR","Rotterdam, NL",Air Freight,5.9,18779.74,833,500,0.285,10975.3,0.375,0.101,0.5362,1.666,0.0487,7.4,1.5,1
SHP-10209,FastTrack Assembly Co,Tier-2,Automotive Assemblies,"Shenzhen, CN","Frankfurt, DE",Air Freight,4.6,52829.74,333,1000,0.27,5606.2,0.331,0.093,0.8161,0.333,0.0391,4.6,0.0,0
SHP-10210,Nordic Raw Materials,Tier-1,Semiconductors & Electronics,"Chicago, US","Singapore, SG",Ocean Intermodal,20.2,2055.25,602,250,0.095,8962.3,0.373,0.238,2.2591,2.408,0.0972,20.2,0.0,0
SHP-10211,GlobalTech Micro,Tier-1,Automotive Assemblies,"Busan, KR","Rotterdam, NL",Ocean Intermodal,28.7,2789.72,650,250,0.122,12781.5,0.341,0.147,2.2481,2.6,0.0562,28.7,0.0,0
SHP-10212,FastTrack Assembly Co,Tier-2,Industrial Machinery,"Munich, DE","Singapore, SG",Standard Ground,6.3,1860.05,917,100,0.351,537.0,0.295,0.345,11.7063,9.17,0.1375,6.3,0.0,0
SHP-10213,GlobalTech Micro,Tier-1,Pharmaceuticals,"Taipei, TW","Los Angeles, US",Standard Ground,12.0,18205.61,811,1000,0.042,3252.6,0.519,0.394,3.6894,0.811,0.213,12.0,0.0,0
SHP-10214,Nordic Raw Materials,Tier-1,Industrial Machinery,"Taipei, TW","Dallas, US",Ocean Intermodal,33.8,624.8,130,100,0.11,7328.8,0.598,0.312,4.6088,1.3,0.2071,37.0,3.2,1
SHP-10215,FastTrack Assembly Co,Tier-2,Consumer Electronics,"Shenzhen, CN","Frankfurt, DE",Standard Ground,12.2,4257.18,738,250,0.274,1037.1,0.114,0.349,11.7419,2.952,0.0507,12.2,0.0,0
SHP-10216,Delta Industrial Supplies,Tier-2,Industrial Machinery,"Chicago, US","Frankfurt, DE",Standard Ground,8.3,910.08,312,50,0.198,2694.7,0.489,0.888,3.0983,6.24,0.5202,14.7,6.4,1
SHP-10217,GlobalTech Micro,Tier-1,Semiconductors & Electronics,"Tokyo, JP","Dallas, US",Standard Ground,10.3,2163.56,338,100,0.071,2602.2,0.205,0.654,3.9587,3.38,0.1436,10.3,0.0,0
SHP-10218,Apex Auto Components,Tier-1,Semiconductors & Electronics,"Shenzhen, CN","Singapore, SG",Ocean Intermodal,28.4,963.97,918,100,0.017,12145.2,0.058,0.696,2.3361,9.18,0.0411,28.4,0.0,0
SHP-10219,FastTrack Assembly Co,Tier-2,Industrial Machinery,"Tokyo, JP","Los Angeles, US",Standard Ground,10.6,3899.51,334,250,0.312,774.3,0.442,0.696,13.7304,1.336,0.4036,14.3,3.7,1
SHP-10220,Bavaria Logistics Parts,Tier-1,Automotive Assemblies,"Taipei, TW","Singapore, SG",Standard Ground,8.8,929.75,177,50,0.053,2264.0,0.167,0.06,3.904,3.54,0.0105,8.8,0.0,0
SHP-10221,Bavaria Logistics Parts,Tier-1,Semiconductors & Electronics,"Tokyo, JP","Los Angeles, US",Standard Ground,9.1,7646.67,1034,500,0.011,3158.5,0.513,0.465,2.8895,2.068,0.2412,9.1,0.0,0
SHP-10222,Shenzhen Silicon Ltd,Tier-2,Pharmaceuticals,"Chicago, US","Rotterdam, NL",Ocean Intermodal,33.8,4739.02,171,500,0.218,11763.4,0.116,0.168,2.8766,0.342,0.0237,33.8,0.0,0
SHP-10223,Apex Auto Components,Tier-1,Automotive Assemblies,"Tokyo, JP","Frankfurt, DE",Standard Ground,7.1,1434.0,338,100,0.084,2735.6,0.28,0.452,2.5917,3.38,0.1372,7.1,0.0,0
SHP-10224,GlobalTech Micro,Tier-1,Industrial Machinery,"Chicago, US","Frankfurt, DE",Standard Ground,9.9,19337.35,1188,1000,0.137,1956.9,0.321,0.656,5.0657,1.188,0.2395,9.9,0.0,0
SHP-10225,Bavaria Logistics Parts,Tier-1,Industrial Machinery,"Taipei, TW","Dallas, US",Standard Ground,8.0,8134.44,1227,500,0.044,3357.2,0.323,0.196,2.3709,2.454,0.0661,8.0,0.0,0
SHP-10226,FastTrack Assembly Co,Tier-2,Industrial Machinery,"Busan, KR","Frankfurt, DE",Express Carrier,4.5,15698.08,632,250,0.24,3167.2,0.535,0.426,1.4087,2.528,0.2827,4.5,0.0,0
SHP-10227,Delta Industrial Supplies,Tier-2,Automotive Assemblies,"Busan, KR","Dallas, US",Standard Ground,10.7,1317.65,1174,100,0.232,2537.5,0.176,0.343,4.2098,11.74,0.0744,10.7,0.0,0
SHP-10228,Shenzhen Silicon Ltd,Tier-2,Automotive Assemblies,"Taipei, TW","Singapore, SG",Air Freight,3.3,9975.43,818,250,0.274,7326.9,0.146,0.372,0.4525,3.272,0.0692,3.3,0.0,0
SHP-10229,GlobalTech Micro,Tier-1,Consumer Electronics,"Tokyo, JP","Los Angeles, US",Standard Ground,9.3,2074.3,853,100,0.047,2212.3,0.248,0.431,4.2076,8.53,0.112,9.3,0.0,0
SHP-10230,TransPacific Freight,Tier-3,Automotive Assemblies,"Tokyo, JP","Los Angeles, US",Standard Ground,6.0,17004.48,387,2000,0.416,2656.2,0.315,0.059,2.2572,0.1935,0.0263,6.0,0.0,0
SHP-10231,Shenzhen Silicon Ltd,Tier-2,Automotive Assemblies,"Busan, KR","Los Angeles, US",Air Freight,3.5,5171.19,60,100,0.223,10860.2,0.154,0.411,0.3211,0.6,0.0774,6.8,3.3,1
SHP-10232,Apex Auto Components,Tier-1,Semiconductors & Electronics,"Tokyo, JP","Singapore, SG",Standard Ground,13.1,1584.03,482,100,0.067,3127.7,0.209,0.191,4.2036,4.82,0.0426,13.1,0.0,0
SHP-10233,TransPacific Freight,Tier-3,Semiconductors & Electronics,"Taipei, TW","Singapore, SG",Ocean Intermodal,26.1,1150.61,357,100,0.309,8203.1,0.256,0.453,3.1818,3.57,0.1518,31.1,5.0,1
SHP-10234,Shenzhen Silicon Ltd,Tier-2,Automotive Assemblies,"Shenzhen, CN","Singapore, SG",Standard Ground,10.9,6655.05,1200,500,0.242,2989.5,0.267,0.394,3.6436,2.4,0.1307,10.9,0.0,0
SHP-10235,TransPacific Freight,Tier-3,Consumer Electronics,"Munich, DE","Los Angeles, US",Air Freight,6.1,10661.44,968,250,0.472,8065.1,0.872,0.436,0.7565,3.872,0.5597,14.1,8.0,1
SHP-10236,Shenzhen Silicon Ltd,Tier-2,Automotive Assemblies,"Chicago, US","Singapore, SG",Air Freight,3.7,3399.25,484,100,0.327,7057.0,0.442,0.375,0.5188,4.84,0.22,7.6,3.9,1
SHP-10237,Nordic Raw Materials,Tier-1,Consumer Electronics,"Chicago, US","Rotterdam, NL",Standard Ground,5.5,1695.58,263,100,0.082,1448.3,0.251,0.197,3.7987,2.63,0.0535,5.5,0.0,0
SHP-10238,TransPacific Freight,Tier-3,Automotive Assemblies,"Munich, DE","Dallas, US",Express Carrier,3.3,2533.19,487,50,0.444,3441.3,0.098,0.411,0.968,9.74,0.0582,3.3,0.0,0
SHP-10239,Bavaria Logistics Parts,Tier-1,Semiconductors & Electronics,"Tokyo, JP","Frankfurt, DE",Standard Ground,11.7,4972.49,695,250,0.046,1180.9,0.221,0.55,9.9032,2.78,0.1271,11.7,0.0,0
SHP-10240,TransPacific Freight,Tier-3,Pharmaceuticals,"Taipei, TW","Los Angeles, US",Ocean Intermodal,24.8,2597.59,1135,250,0.473,7358.8,0.092,0.657,3.3744,4.54,0.089,31.5,6.7,1
SHP-10241,Bavaria Logistics Parts,Tier-1,Pharmaceuticals,"Tokyo, JP","Rotterdam, NL",Ocean Intermodal,26.1,2945.22,697,250,0.084,9989.7,0.306,0.481,2.6103,2.788,0.1595,26.1,0.0,0
SHP-10242,Apex Auto Components,Tier-1,Industrial Machinery,"Munich, DE","Frankfurt, DE",Air Freight,4.5,14579.91,206,250,0.08,7346.3,0.261,0.521,0.619,0.824,0.1468,4.5,0.0,0
SHP-10243,TransPacific Freight,Tier-3,Industrial Machinery,"Tokyo, JP","Rotterdam, NL",Ocean Intermodal,31.4,703.05,1134,100,0.347,12179.1,0.304,0.299,2.5793,11.34,0.1224,35.4,4.0,1
SHP-10244,Shenzhen Silicon Ltd,Tier-2,Automotive Assemblies,"Tokyo, JP","Dallas, US",Standard Ground,5.5,5202.74,1082,500,0.287,1946.8,0.413,0.329,2.8332,2.164,0.1749,5.5,0.0,0
SHP-10245,Shenzhen Silicon Ltd,Tier-2,Automotive Assemblies,"Taipei, TW","Frankfurt, DE",Standard Ground,12.2,710.86,682,50,0.25,1092.7,0.844,0.846,11.2079,13.64,0.8922,17.8,5.6,1
SHP-10246,Delta Industrial Supplies,Tier-2,Consumer Electronics,"Chicago, US","Rotterdam, NL",Air Freight,3.1,22331.09,1460,500,0.219,11364.3,0.614,0.26,0.2693,2.92,0.1946,6.1,3.0,1
SHP-10247,Delta Industrial Supplies,Tier-2,Semiconductors & Electronics,"Munich, DE","Rotterdam, NL",Ocean Intermodal,31.5,1974.12,605,250,0.235,10263.8,0.636,0.394,3.0654,2.42,0.3095,37.6,6.1,1
SHP-10248,Delta Industrial Supplies,Tier-2,Consumer Electronics,"Taipei, TW","Rotterdam, NL",Ocean Intermodal,34.9,2845.78,799,250,0.226,9829.7,0.295,0.317,3.549,3.196,0.1146,34.9,0.0,0
SHP-10249,GlobalTech Micro,Tier-1,Automotive Assemblies,"Taipei, TW","Rotterdam, NL",Express Carrier,2.7,48966.05,194,1000,0.233,5278.4,0.755,0.314,0.5208,0.194,0.2922,7.2,4.5,1
SHP-10250,TransPacific Freight,Tier-3,Consumer Electronics,"Munich, DE","Frankfurt, DE",Air Freight,3.7,3855.25,1367,100,0.451,8988.0,0.424,0.313,0.4068,13.67,0.1925,8.4,4.7,1
SHP-10251,FastTrack Assembly Co,Tier-2,Consumer Electronics,"Tokyo, JP","Singapore, SG",Standard Ground,6.8,4489.0,99,250,0.312,891.1,0.551,0.521,7.667,0.396,0.3766,10.1,3.3,1
SHP-10252,Shenzhen Silicon Ltd,Tier-2,Pharmaceuticals,"Shenzhen, CN","Singapore, SG",Air Freight,4.0,26735.99,142,500,0.22,11435.2,0.115,0.393,0.3519,0.284,0.0551,6.9,2.9,1
SHP-10253,Bavaria Logistics Parts,Tier-1,Consumer Electronics,"Taipei, TW","Rotterdam, NL",Air Freight,4.1,2841.03,564,100,0.046,9939.0,0.227,0.627,0.4167,5.64,0.1489,4.1,0.0,0
SHP-10254,GlobalTech Micro,Tier-1,Industrial Machinery,"Munich, DE","Los Angeles, US",Air Freight,6.3,6783.21,777,250,0.134,9533.8,0.302,0.234,0.6615,3.108,0.0801,6.3,0.0,0
SHP-10255,Bavaria Logistics Parts,Tier-1,Industrial Machinery,"Busan, KR","Rotterdam, NL",Ocean Intermodal,26.2,1387.02,345,250,0.041,13040.7,0.229,0.076,2.0068,1.38,0.0181,26.2,0.0,0
SHP-10256,Delta Industrial Supplies,Tier-2,Consumer Electronics,"Busan, KR","Frankfurt, DE",Standard Ground,12.0,1541.74,1412,100,0.181,1393.6,0.117,0.132,8.6255,14.12,0.0182,12.0,0.0,0
SHP-10257,GlobalTech Micro,Tier-1,Semiconductors & Electronics,"Shenzhen, CN","Frankfurt, DE",Ocean Intermodal,25.3,2300.43,826,500,0.157,11241.3,0.151,0.449,2.249,1.652,0.0785,27.2,1.9,1
SHP-10258,TransPacific Freight,Tier-3,Industrial Machinery,"Shenzhen, CN","Singapore, SG",Air Freight,5.9,3013.71,425,100,0.306,4439.7,0.243,0.3,1.3273,4.25,0.0952,5.9,0.0,0
SHP-10259,GlobalTech Micro,Tier-1,Consumer Electronics,"Tokyo, JP","Rotterdam, NL",Ocean Intermodal,27.1,704.19,1113,100,0.101,13725.2,0.366,0.742,1.9772,11.13,0.2989,32.6,5.5,1
SHP-10260,GlobalTech Micro,Tier-1,Industrial Machinery,"Shenzhen, CN","Dallas, US",Air Freight,4.9,9582.49,1183,250,0.178,5363.7,0.204,0.591,0.9178,4.732,0.142,4.9,0.0,0
SHP-10261,Delta Industrial Supplies,Tier-2,Pharmaceuticals,"Busan, KR","Dallas, US",Air Freight,6.3,5755.44,702,100,0.229,9655.7,0.46,0.243,0.6495,7.02,0.1373,6.3,0.0,0
SHP-10262,Delta Industrial Supplies,Tier-2,Pharmaceuticals,"Chicago, US","Los Angeles, US",Ocean Intermodal,20.7,689.88,223,100,0.206,13223.1,0.233,0.263,1.5678,2.23,0.0739,25.7,5.0,1
SHP-10263,Nordic Raw Materials,Tier-1,Pharmaceuticals,"Chicago, US","Los Angeles, US",Express Carrier,3.8,19478.82,1122,500,0.064,6295.9,0.454,0.143,0.6071,2.244,0.0691,3.8,0.0,0
SHP-10264,Apex Auto Components,Tier-1,Consumer Electronics,"Shenzhen, CN","Singapore, SG",Standard Ground,6.1,1326.49,1070,100,0.025,2134.4,0.366,0.287,2.8724,10.7,0.1077,6.1,0.0,0
SHP-10265,Bavaria Logistics Parts,Tier-1,Consumer Electronics,"Shenzhen, CN","Frankfurt, DE",Standard Ground,5.5,934.88,1055,50,0.013,1438.5,0.125,0.706,3.8569,21.1,0.0894,5.5,0.0,0
SHP-10266,GlobalTech Micro,Tier-1,Semiconductors & Electronics,"Chicago, US","Singapore, SG",Ocean Intermodal,20.7,2693.57,533,250,0.049,13405.7,0.442,0.261,1.541,2.132,0.1211,20.7,0.0,0
SHP-10267,Shenzhen Silicon Ltd,Tier-2,Semiconductors & Electronics,"Chicago, US","Los Angeles, US",Standard Ground,9.0,1603.09,490,100,0.273,658.2,0.063,0.295,13.6979,4.9,0.0237,9.0,0.0,0
SHP-10268,GlobalTech Micro,Tier-1,Automotive Assemblies,"Munich, DE","Singapore, SG",Air Freight,5.5,3723.83,898,100,0.112,10929.5,0.865,0.258,0.5029,8.98,0.2482,7.8,2.3,1
SHP-10269,TransPacific Freight,Tier-3,Industrial Machinery,"Munich, DE","Singapore, SG",Standard Ground,8.5,35960.97,708,2000,0.531,900.6,0.385,0.363,9.4161,0.354,0.2139,14.8,6.3,1
SHP-10270,Delta Industrial Supplies,Tier-2,Automotive Assemblies,"Shenzhen, CN","Singapore, SG",Standard Ground,8.1,650.6,795,50,0.234,1723.7,0.07,0.117,4.7166,15.9,0.0101,8.1,0.0,0
SHP-10271,TransPacific Freight,Tier-3,Automotive Assemblies,"Munich, DE","Rotterdam, NL",Standard Ground,13.4,1731.95,1460,100,0.422,1907.1,0.596,0.461,7.0039,14.6,0.3906,17.6,4.2,1
SHP-10272,GlobalTech Micro,Tier-1,Consumer Electronics,"Taipei, TW","Dallas, US",Standard Ground,11.0,1943.3,660,100,0.132,730.9,0.067,0.821,15.1,6.6,0.0623,11.0,0.0,0
SHP-10273,Nordic Raw Materials,Tier-1,Automotive Assemblies,"Busan, KR","Frankfurt, DE",Ocean Intermodal,21.1,1275.94,1268,250,0.141,8317.6,0.25,0.067,2.5407,5.072,0.0191,21.1,0.0,0
SHP-10274,Nordic Raw Materials,Tier-1,Consumer Electronics,"Munich, DE","Frankfurt, DE",Ocean Intermodal,29.8,3493.18,948,500,0.091,8986.6,0.122,0.095,3.3156,1.896,0.0126,29.8,0.0,0
SHP-10275,Delta Industrial Supplies,Tier-2,Consumer Electronics,"Chicago, US","Los Angeles, US",Air Freight,5.2,52483.16,354,2000,0.246,4153.3,0.494,0.519,1.2424,0.177,0.3195,9.3,4.1,1
SHP-10276,Apex Auto Components,Tier-1,Semiconductors & Electronics,"Shenzhen, CN","Rotterdam, NL",Standard Ground,9.0,25879.78,564,2000,0.038,1428.4,0.071,0.466,6.323,0.282,0.0344,9.0,0.0,0
SHP-10277,Shenzhen Silicon Ltd,Tier-2,Consumer Electronics,"Chicago, US","Singapore, SG",Express Carrier,2.6,2625.4,255,50,0.266,3809.5,0.495,0.187,0.6733,5.1,0.1172,2.6,0.0,0
SHP-10278,TransPacific Freight,Tier-3,Pharmaceuticals,"Taipei, TW","Rotterdam, NL",Ocean Intermodal,33.1,4532.51,1470,500,0.468,10189.0,0.523,0.253,3.2532,2.94,0.1942,36.1,3.0,1
SHP-10279,GlobalTech Micro,Tier-1,Automotive Assemblies,"Munich, DE","Dallas, US",Express Carrier,4.6,6619.84,147,100,0.136,3048.7,0.395,0.346,1.5168,1.47,0.1553,4.6,0.0,0
SHP-10280,Bavaria Logistics Parts,Tier-1,Industrial Machinery,"Tokyo, JP","Rotterdam, NL",Ocean Intermodal,19.8,4264.0,440,1000,0.023,11172.3,0.1,0.483,1.7746,0.44,0.0494,19.8,0.0,0
SHP-10281,Apex Auto Components,Tier-1,Automotive Assemblies,"Busan, KR","Los Angeles, US",Standard Ground,13.8,4074.09,291,250,0.066,1526.7,0.263,0.226,9.0604,1.164,0.0634,13.8,0.0,0
SHP-10282,FastTrack Assembly Co,Tier-2,Industrial Machinery,"Munich, DE","Singapore, SG",Standard Ground,6.2,1758.34,99,100,0.349,2000.1,0.28,0.296,3.075,0.99,0.1118,6.2,0.0,0
SHP-10283,Bavaria Logistics Parts,Tier-1,Pharmaceuticals,"Busan, KR","Singapore, SG",Standard Ground,6.9,1872.97,783,100,0.108,1209.4,0.37,0.511,5.7081,7.83,0.2094,6.9,0.0,0
SHP-10284,Apex Auto Components,Tier-1,Semiconductors & Electronics,"Munich, DE","Frankfurt, DE",Standard Ground,9.0,2378.59,916,250,0.054,1555.2,0.315,0.58,5.7625,3.664,0.1925,9.0,0.0,0
SHP-10285,Shenzhen Silicon Ltd,Tier-2,Automotive Assemblies,"Chicago, US","Rotterdam, NL",Air Freight,4.1,17060.95,721,500,0.31,4653.4,0.32,0.754,0.8786,1.442,0.316,9.2,5.1,1
SHP-10286,GlobalTech Micro,Tier-1,Pharmaceuticals,"Taipei, TW","Rotterdam, NL",Air Freight,5.1,2387.84,208,50,0.055,9683.4,0.089,0.356,0.5261,4.16,0.0334,5.1,0.0,0
SHP-10287,Shenzhen Silicon Ltd,Tier-2,Consumer Electronics,"Tokyo, JP","Frankfurt, DE",Standard Ground,12.2,4726.74,200,250,0.306,3488.0,0.168,0.518,3.4991,0.8,0.1136,14.3,2.1,1
SHP-10288,Delta Industrial Supplies,Tier-2,Consumer Electronics,"Taipei, TW","Dallas, US",Ocean Intermodal,24.9,2768.18,341,250,0.242,13630.1,0.339,0.58,1.8276,1.364,0.2442,32.4,7.5,1
SHP-10289,Nordic Raw Materials,Tier-1,Consumer Electronics,"Taipei, TW","Frankfurt, DE",Ocean Intermodal,25.8,605.18,1042,50,0.154,10794.1,0.273,0.36,2.3914,20.84,0.1134,25.8,0.0,0
SHP-10290,Bavaria Logistics Parts,Tier-1,Consumer Electronics,"Taipei, TW","Los Angeles, US",Air Freight,7.1,15033.68,709,250,0.028,10429.5,0.496,0.439,0.6797,2.836,0.2238,7.1,0.0,0
SHP-10291,GlobalTech Micro,Tier-1,Automotive Assemblies,"Munich, DE","Singapore, SG",Standard Ground,13.1,997.71,447,50,0.164,3382.5,0.339,0.155,3.8805,8.94,0.0612,13.1,0.0,0
SHP-10292,TransPacific Freight,Tier-3,Semiconductors & Electronics,"Taipei, TW","Los Angeles, US",Standard Ground,8.3,3269.77,897,250,0.396,1923.6,0.552,0.337,4.2905,3.588,0.2597,8.3,0.0,0
SHP-10293,Delta Industrial Supplies,Tier-2,Industrial Machinery,"Munich, DE","Frankfurt, DE",Air Freight,7.9,5418.81,1178,100,0.212,8459.5,0.089,0.316,0.9329,11.78,0.0341,7.9,0.0,0
SHP-10294,FastTrack Assembly Co,Tier-2,Semiconductors & Electronics,"Busan, KR","Dallas, US",Standard Ground,6.9,965.06,657,50,0.283,2778.6,0.418,0.206,2.4667,13.14,0.1105,6.9,0.0,0
SHP-10295,Shenzhen Silicon Ltd,Tier-2,Industrial Machinery,"Munich, DE","Los Angeles, US",Express Carrier,2.7,4181.88,895,100,0.245,5115.2,0.906,0.554,0.5284,8.95,0.6248,8.2,5.5,1
SHP-10296,Apex Auto Components,Tier-1,Industrial Machinery,"Chicago, US","Dallas, US",Ocean Intermodal,22.8,3663.57,76,500,0.083,8058.8,0.39,0.206,2.8341,0.152,0.087,22.8,0.0,0
SHP-10297,TransPacific Freight,Tier-3,Industrial Machinery,"Busan, KR","Rotterdam, NL",Ocean Intermodal,24.9,1346.23,1100,100,0.441,7192.3,0.608,0.528,3.4567,11.0,0.4625,29.3,4.4,1
SHP-10298,Apex Auto Components,Tier-1,Consumer Electronics,"Munich, DE","Los Angeles, US",Air Freight,4.4,3980.93,1334,100,0.01,7679.9,0.505,0.896,0.5725,13.34,0.457,8.3,3.9,1
SHP-10299,FastTrack Assembly Co,Tier-2,Consumer Electronics,"Busan, KR","Rotterdam, NL",Standard Ground,5.0,1772.46,51,100,0.33,3499.5,0.229,0.28,1.4344,0.51,0.0853,5.0,0.0,0
SHP-10300,FastTrack Assembly Co,Tier-2,Automotive Assemblies,"Taipei, TW","Frankfurt, DE",Ocean Intermodal,31.1,1173.71,269,100,0.252,9455.0,0.315,0.57,3.2933,2.69,0.2248,34.7,3.6,1
SHP-10301,Nordic Raw Materials,Tier-1,Pharmaceuticals,"Chicago, US","Rotterdam, NL",Standard Ground,6.4,3328.73,616,250,0.045,3416.2,0.42,0.642,1.8829,2.464,0.2819,6.4,0.0,0
SHP-10302,Nordic Raw Materials,Tier-1,Industrial Machinery,"Chicago, US","Dallas, US",Standard Ground,13.3,32311.23,1330,2000,0.168,611.7,0.009,0.279,21.6756,0.665,0.0029,13.3,0.0,0
SHP-10303,Shenzhen Silicon Ltd,Tier-2,Semiconductors & Electronics,"Taipei, TW","Los Angeles, US",Ocean Intermodal,34.3,2735.8,929,250,0.286,12848.8,0.602,0.529,2.6732,3.716,0.4094,40.9,6.6,1
SHP-10304,Nordic Raw Materials,Tier-1,Industrial Machinery,"Taipei, TW","Frankfurt, DE",Express Carrier,2.9,31136.84,1069,500,0.089,6190.0,0.341,0.323,0.4655,2.138,0.12,2.9,0.0,0
SHP-10305,Nordic Raw Materials,Tier-1,Semiconductors & Electronics,"Busan, KR","Frankfurt, DE",Ocean Intermodal,23.4,781.84,172,100,0.115,12099.0,0.377,0.39,1.9324,1.72,0.1639,28.1,4.7,1
SHP-10306,GlobalTech Micro,Tier-1,Semiconductors & Electronics,"Busan, KR","Frankfurt, DE",Express Carrier,2.7,6698.17,325,100,0.048,5052.2,0.156,0.623,0.5402,3.25,0.1019,2.7,0.0,0
SHP-10307,GlobalTech Micro,Tier-1,Automotive Assemblies,"Tokyo, JP","Frankfurt, DE",Ocean Intermodal,20.5,2735.41,698,250,0.079,7070.8,0.199,0.463,2.9035,2.792,0.0995,20.5,0.0,0
SHP-10308,GlobalTech Micro,Tier-1,Pharmaceuticals,"Taipei, TW","Los Angeles, US",Express Carrier,3.8,15783.97,1091,250,0.144,3156.1,0.231,0.57,1.2101,4.364,0.1506,3.8,0.0,0
SHP-10309,Nordic Raw Materials,Tier-1,Automotive Assemblies,"Shenzhen, CN","Frankfurt, DE",Air Freight,6.5,6167.47,772,100,0.063,10001.3,0.04,0.656,0.6466,7.72,0.0279,6.5,0.0,0
SHP-10310,GlobalTech Micro,Tier-1,Pharmaceuticals,"Chicago, US","Frankfurt, DE",Standard Ground,8.6,2741.39,609,250,0.126,3069.7,0.353,0.639,2.79,2.436,0.2539,8.6,0.0,0
SHP-10311,FastTrack Assembly Co,Tier-2,Semiconductors & Electronics,"Munich, DE","Frankfurt, DE",Standard Ground,13.5,4833.92,1173,250,0.38,2664.3,0.609,0.122,5.0562,4.692,0.1025,13.5,0.0,0
SHP-10312,FastTrack Assembly Co,Tier-2,Semiconductors & Electronics,"Busan, KR","Frankfurt, DE",Standard Ground,14.0,1632.65,1364,100,0.328,3023.3,0.136,0.44,4.6213,13.64,0.0795,14.0,0.0,0
SHP-10313,Bavaria Logistics Parts,Tier-1,Automotive Assemblies,"Busan, KR","Dallas, US",Air Freight,6.2,13048.88,833,250,0.084,8376.5,0.63,0.099,0.7461,3.332,0.0676,6.2,0.0,0
SHP-10314,FastTrack Assembly Co,Tier-2,Semiconductors & Electronics,"Taipei, TW","Rotterdam, NL",Standard Ground,7.1,3278.35,1342,250,0.267,2618.0,0.257,0.449,2.7288,5.368,0.1462,7.1,0.0,0
SHP-10315,Bavaria Logistics Parts,Tier-1,Semiconductors & Electronics,"Tokyo, JP","Rotterdam, NL",Standard Ground,6.9,1111.24,181,50,0.065,3269.5,0.45,0.099,2.0981,3.62,0.0474,6.9,0.0,0
SHP-10316,TransPacific Freight,Tier-3,Semiconductors & Electronics,"Chicago, US","Dallas, US",Ocean Intermodal,24.1,1284.94,217,100,0.376,7560.1,0.203,0.524,3.1892,2.17,0.1464,28.5,4.4,1
SHP-10317,TransPacific Freight,Tier-3,Pharmaceuticals,"Shenzhen, CN","Los Angeles, US",Air Freight,6.4,16871.14,751,500,0.465,9570.9,0.228,0.552,0.6645,1.502,0.1843,14.9,8.5,1
SHP-10318,Bavaria Logistics Parts,Tier-1,Pharmaceuticals,"Taipei, TW","Singapore, SG",Ocean Intermodal,23.8,2649.2,705,250,0.068,11592.0,0.11,0.885,2.0531,2.82,0.1039,28.0,4.2,1
SHP-10319,TransPacific Freight,Tier-3,Semiconductors & Electronics,"Taipei, TW","Dallas, US",Standard Ground,6.6,4164.15,1368,250,0.405,1568.7,0.21,0.666,4.2039,5.472,0.1965,6.6,0.0,0
SHP-10320,Bavaria Logistics Parts,Tier-1,Pharmaceuticals,"Tokyo, JP","Dallas, US",Express Carrier,2.7,3803.15,588,100,0.076,6584.6,0.585,0.143,0.4166,5.88,0.09,2.7,0.0,0
SHP-10321,Nordic Raw Materials,Tier-1,Industrial Machinery,"Shenzhen, CN","Singapore, SG",Ocean Intermodal,28.9,6951.89,901,1000,0.086,10672.7,0.181,0.498,2.705,0.901,0.0979,32.0,3.1,1
SHP-10322,Nordic Raw Materials,Tier-1,Semiconductors & Electronics,"Munich, DE","Rotterdam, NL",Ocean Intermodal,21.0,1637.86,245,250,0.045,9244.3,0.673,0.424,2.2751,0.98,0.2981,24.6,3.6,1
SHP-10323,Delta Industrial Supplies,Tier-2,Semiconductors & Electronics,"Chicago, US","Singapore, SG",Air Freight,7.2,11472.29,808,250,0.243,4333.2,0.251,0.205,1.6508,3.232,0.064,7.2,0.0,0
SHP-10324,Shenzhen Silicon Ltd,Tier-2,Industrial Machinery,"Chicago, US","Rotterdam, NL",Ocean Intermodal,27.6,5105.48,565,500,0.256,12622.5,0.557,0.359,2.1828,1.13,0.2511,34.5,6.9,1
SHP-10325,Bavaria Logistics Parts,Tier-1,Semiconductors & Electronics,"Busan, KR","Rotterdam, NL",Standard Ground,12.7,774.04,472,50,0.036,2971.2,0.169,0.297,4.2788,9.44,0.052,12.7,0.0,0
SHP-10326,Bavaria Logistics Parts,Tier-1,Pharmaceuticals,"Shenzhen, CN","Rotterdam, NL",Standard Ground,6.4,14966.73,1299,1000,0.011,1533.8,0.347,0.769,4.2045,1.299,0.2699,6.4,0.0,0
SHP-10327,Nordic Raw Materials,Tier-1,Pharmaceuticals,"Shenzhen, CN","Rotterdam, NL",Air Freight,4.4,3655.97,1199,100,0.058,11993.7,0.424,0.324,0.3697,11.99,0.1453,4.4,0.0,0
SHP-10328,FastTrack Assembly Co,Tier-2,Automotive Assemblies,"Munich, DE","Rotterdam, NL",Standard Ground,8.2,3702.52,1318,250,0.273,664.2,0.229,0.183,12.3375,5.272,0.0534,8.2,0.0,0
SHP-10329,Nordic Raw Materials,Tier-1,Consumer Electronics,"Shenzhen, CN","Rotterdam, NL",Standard Ground,6.0,2926.33,1122,250,0.078,671.3,0.094,0.209,8.9302,4.488,0.0212,6.0,0.0,0
SHP-10330,Delta Industrial Supplies,Tier-2,Automotive Assemblies,"Shenzhen, CN","Frankfurt, DE",Ocean Intermodal,34.6,1346.4,359,100,0.242,10642.3,0.086,0.527,3.2492,3.59,0.0563,34.6,0.0,0
SHP-10331,Nordic Raw Materials,Tier-1,Industrial Machinery,"Tokyo, JP","Frankfurt, DE",Ocean Intermodal,28.1,4973.2,1264,500,0.097,11099.2,0.629,0.144,2.5275,2.528,0.0994,28.1,0.0,0
SHP-10332,Delta Industrial Supplies,Tier-2,Consumer Electronics,"Busan, KR","Los Angeles, US",Air Freight,6.2,27622.1,619,1000,0.232,11276.7,0.544,0.541,0.5471,0.619,0.3627,11.7,5.5,1
SHP-10333,FastTrack Assembly Co,Tier-2,Automotive Assemblies,"Shenzhen, CN","Los Angeles, US",Standard Ground,7.9,13771.66,1401,1000,0.287,1117.7,0.095,0.806,7.0639,1.401,0.0986,9.4,1.5,1
SHP-10334,Apex Auto Components,Tier-1,Pharmaceuticals,"Tokyo, JP","Dallas, US",Air Freight,4.8,17475.38,596,500,0.031,10122.2,0.505,0.71,0.4724,1.192,0.3695,10.4,5.6,1
SHP-10335,Bavaria Logistics Parts,Tier-1,Pharmaceuticals,"Taipei, TW","Los Angeles, US",Air Freight,4.4,50477.54,280,1000,0.136,7057.9,0.379,0.701,0.6247,0.28,0.3019,9.5,5.1,1
SHP-10336,Nordic Raw Materials,Tier-1,Semiconductors & Electronics,"Busan, KR","Singapore, SG",Ocean Intermodal,34.5,1233.07,1367,100,0.087,11976.3,0.28,0.648,2.8846,13.67,0.1973,37.9,3.4,1
SHP-10337,Nordic Raw Materials,Tier-1,Semiconductors & Electronics,"Chicago, US","Rotterdam, NL",Ocean Intermodal,19.0,2078.23,682,250,0.118,11211.8,0.318,0.498,1.6975,2.728,0.1771,20.0,1.0,1
SHP-10338,FastTrack Assembly Co,Tier-2,Consumer Electronics,"Shenzhen, CN","Dallas, US",Express Carrier,4.8,29282.14,951,500,0.337,2500.3,0.325,0.337,1.914,1.902,0.1464,4.8,0.0,0
SHP-10339,Nordic Raw Materials,Tier-1,Automotive Assemblies,"Tokyo, JP","Singapore, SG",Standard Ground,13.1,9117.18,499,1000,0.056,609.3,0.299,0.325,21.5381,0.499,0.1026,13.1,0.0,0
SHP-10340,GlobalTech Micro,Tier-1,Automotive Assemblies,"Busan, KR","Los Angeles, US",Standard Ground,12.8,38237.11,783,2000,0.058,1862.6,0.417,0.541,6.8563,0.3915,0.2387,12.8,0.0,0
SHP-10341,Apex Auto Components,Tier-1,Semiconductors & Electronics,"Munich, DE","Los Angeles, US",Air Freight,5.8,10084.48,702,250,0.042,7641.0,0.307,0.323,0.7564,2.808,0.1033,5.8,0.0,0
SHP-10342,TransPacific Freight,Tier-3,Automotive Assemblies,"Chicago, US","Los Angeles, US",Ocean Intermodal,30.6,3510.22,989,500,0.31,10897.0,0.061,0.356,2.8036,1.978,0.0285,35.1,4.5,1
SHP-10343,Shenzhen Silicon Ltd,Tier-2,Semiconductors & Electronics,"Chicago, US","Singapore, SG",Express Carrier,5.0,4480.83,754,100,0.294,7989.4,0.129,0.545,0.6244,7.54,0.091,5.0,0.0,0
SHP-10344,Nordic Raw Materials,Tier-1,Automotive Assemblies,"Taipei, TW","Singapore, SG",Ocean Intermodal,31.3,568.86,1140,50,0.087,10443.1,0.246,0.428,3.0003,22.8,0.1144,31.3,0.0,0
SHP-10345,Nordic Raw Materials,Tier-1,Pharmaceuticals,"Shenzhen, CN","Dallas, US",Standard Ground,13.0,955.74,396,50,0.038,2378.3,0.526,0.715,5.4748,7.92,0.3903,13.0,0.0,0
SHP-10346,Delta Industrial Supplies,Tier-2,Automotive Assemblies,"Taipei, TW","Dallas, US",Ocean Intermodal,18.9,2875.7,750,250,0.188,11977.9,0.193,0.432,1.5765,3.0,0.099,18.9,0.0,0
SHP-10347,Shenzhen Silicon Ltd,Tier-2,Consumer Electronics,"Chicago, US","Singapore, SG",Standard Ground,11.9,10850.69,777,1000,0.333,2840.3,0.286,0.54,4.2042,0.777,0.2059,15.6,3.7,1
SHP-10348,Shenzhen Silicon Ltd,Tier-2,Automotive Assemblies,"Shenzhen, CN","Los Angeles, US",Standard Ground,9.4,6857.1,659,500,0.296,1380.0,0.391,0.274,6.8231,1.318,0.1388,9.4,0.0,0
SHP-10349,TransPacific Freight,Tier-3,Semiconductors & Electronics,"Shenzhen, CN","Rotterdam, NL",Air Freight,3.4,5378.42,1337,100,0.381,8492.7,0.208,0.255,0.3963,13.37,0.0732,3.4,0.0,0
SHP-10350,TransPacific Freight,Tier-3,Industrial Machinery,"Munich, DE","Los Angeles, US",Air Freight,7.3,5884.86,1360,100,0.442,10499.3,0.139,0.362,0.6921,13.6,0.0726,8.3,1.0,1
SHP-10351,TransPacific Freight,Tier-3,Automotive Assemblies,"Munich, DE","Rotterdam, NL",Express Carrier,4.6,2581.88,876,50,0.476,4581.1,0.099,0.414,1.0096,17.52,0.0605,4.6,0.0,0
SHP-10352,FastTrack Assembly Co,Tier-2,Semiconductors & Electronics,"Shenzhen, CN","Rotterdam, NL",Standard Ground,6.4,3617.27,673,250,0.324,3434.8,0.451,0.201,1.871,2.692,0.12,6.4,0.0,0
SHP-10353,Delta Industrial Supplies,Tier-2,Automotive Assemblies,"Tokyo, JP","Frankfurt, DE",Air Freight,7.9,13418.93,406,500,0.217,4531.2,0.028,0.366,1.7538,0.812,0.0125,7.9,0.0,0
SHP-10354,Delta Industrial Supplies,Tier-2,Semiconductors & Electronics,"Tokyo, JP","Singapore, SG",Standard Ground,13.9,17604.48,1253,1000,0.174,742.1,0.392,0.488,18.7768,1.253,0.2245,13.9,0.0,0
SHP-10355,Delta Industrial Supplies,Tier-2,Semiconductors & Electronics,"Taipei, TW","Rotterdam, NL",Standard Ground,11.1,5206.71,440,500,0.251,728.0,0.071,0.426,15.2599,0.88,0.0378,11.1,0.0,0
SHP-10356,Apex Auto Components,Tier-1,Automotive Assemblies,"Tokyo, JP","Rotterdam, NL",Air Freight,4.3,7922.68,1041,250,0.035,6386.7,0.551,0.086,0.6756,4.164,0.0491,4.3,0.0,0
SHP-10357,Delta Industrial Supplies,Tier-2,Consumer Electronics,"Busan, KR","Frankfurt, DE",Standard Ground,12.3,621.16,957,50,0.263,2716.8,0.456,0.039,4.5324,19.14,0.0225,12.3,0.0,0
SHP-10358,Nordic Raw Materials,Tier-1,Automotive Assemblies,"Taipei, TW","Frankfurt, DE",Air Freight,4.5,49230.34,218,1000,0.066,8129.1,0.067,0.615,0.5565,0.218,0.0439,6.4,1.9,1
SHP-10359,FastTrack Assembly Co,Tier-2,Consumer Electronics,"Tokyo, JP","Frankfurt, DE",Air Freight,5.6,2991.3,101,50,0.314,10743.6,0.278,0.535,0.5215,2.02,0.1955,11.4,5.8,1
SHP-10360,Shenzhen Silicon Ltd,Tier-2,Industrial Machinery,"Tokyo, JP","Los Angeles, US",Ocean Intermodal,22.9,23957.02,108,2000,0.323,7657.9,0.244,0.358,2.9959,0.054,0.1156,29.5,6.6,1
SHP-10361,Bavaria Logistics Parts,Tier-1,Automotive Assemblies,"Shenzhen, CN","Singapore, SG",Standard Ground,8.1,2649.94,769,250,0.117,1840.2,0.163,0.752,4.3944,3.076,0.1369,8.1,0.0,0
SHP-10362,Shenzhen Silicon Ltd,Tier-2,Consumer Electronics,"Taipei, TW","Los Angeles, US",Standard Ground,11.0,7405.26,231,500,0.287,1138.6,0.341,0.133,9.6778,0.462,0.0583,11.0,0.0,0
SHP-10363,Bavaria Logistics Parts,Tier-1,Semiconductors & Electronics,"Tokyo, JP","Frankfurt, DE",Ocean Intermodal,26.6,4461.56,564,500,0.104,9585.7,0.757,0.519,2.7748,1.128,0.4339,30.7,4.1,1
SHP-10364,FastTrack Assembly Co,Tier-2,Consumer Electronics,"Chicago, US","Rotterdam, NL",Ocean Intermodal,23.0,5776.0,1443,500,0.29,12815.4,0.098,0.571,1.7925,2.886,0.0722,25.4,2.4,1
SHP-10365,GlobalTech Micro,Tier-1,Semiconductors & Electronics,"Chicago, US","Rotterdam, NL",Air Freight,3.1,4918.44,474,100,0.055,10572.3,0.095,0.112,0.2973,4.74,0.0112,3.1,0.0,0
SHP-10366,FastTrack Assembly Co,Tier-2,Pharmaceuticals,"Taipei, TW","Dallas, US",Air Freight,6.5,12371.67,51,250,0.314,11333.1,0.079,0.231,0.576,0.204,0.024,10.0,3.5,1
SHP-10367,Shenzhen Silicon Ltd,Tier-2,Semiconductors & Electronics,"Tokyo, JP","Singapore, SG",Standard Ground,7.1,1907.05,503,100,0.257,1622.9,0.322,0.076,4.3636,5.03,0.0308,7.1,0.0,0
SHP-10368,Delta Industrial Supplies,Tier-2,Industrial Machinery,"Taipei, TW","Frankfurt, DE",Standard Ground,13.7,13397.53,1051,1000,0.229,2733.3,0.611,0.373,5.0273,1.051,0.2801,16.6,2.9,1
SHP-10369,Delta Industrial Supplies,Tier-2,Automotive Assemblies,"Tokyo, JP","Rotterdam, NL",Air Freight,4.7,4239.87,288,100,0.226,7600.2,0.505,0.065,0.6136,2.88,0.0402,4.7,0.0,0
SHP-10370,TransPacific Freight,Tier-3,Consumer Electronics,"Busan, KR","Singapore, SG",Standard Ground,7.8,1043.6,1103,50,0.408,1397.0,0.573,0.148,5.6185,22.06,0.1194,7.8,0.0,0
SHP-10371,TransPacific Freight,Tier-3,Consumer Electronics,"Tokyo, JP","Dallas, US",Standard Ground,10.5,890.54,1163,50,0.387,2089.6,0.536,0.617,5.0411,23.26,0.4586,16.8,6.3,1
SHP-10372,Bavaria Logistics Parts,Tier-1,Semiconductors & Electronics,"Shenzhen, CN","Singapore, SG",Standard Ground,10.8,815.93,1154,50,0.031,2752.4,0.491,0.603,3.9248,23.08,0.3052,10.8,0.0,0
SHP-10373,Apex Auto Components,Tier-1,Automotive Assemblies,"Taipei, TW","Singapore, SG",Standard Ground,8.7,1250.2,129,100,0.085,664.1,0.657,0.225,13.0506,1.29,0.1603,8.7,0.0,0
SHP-10374,Shenzhen Silicon Ltd,Tier-2,Industrial Machinery,"Busan, KR","Frankfurt, DE",Ocean Intermodal,30.5,1743.8,1125,250,0.294,8147.5,0.662,0.519,3.7448,4.5,0.4447,36.5,6.0,1
SHP-10375,Delta Industrial Supplies,Tier-2,Automotive Assemblies,"Taipei, TW","Dallas, US",Standard Ground,10.9,1732.44,598,100,0.232,2640.0,0.339,0.525,4.142,5.98,0.2193,10.9,0.0,0
SHP-10376,Shenzhen Silicon Ltd,Tier-2,Pharmaceuticals,"Chicago, US","Dallas, US",Ocean Intermodal,26.5,2558.89,432,250,0.285,12967.0,0.456,0.406,2.044,1.728,0.2378,31.5,5.0,1
SHP-10377,TransPacific Freight,Tier-3,Semiconductors & Electronics,"Chicago, US","Singapore, SG",Ocean Intermodal,30.2,1209.53,798,100,0.405,7748.9,0.249,0.722,3.9013,7.98,0.2526,35.4,5.2,1
SHP-10378,GlobalTech Micro,Tier-1,Pharmaceuticals,"Chicago, US","Rotterdam, NL",Standard Ground,5.3,7391.28,350,500,0.021,2940.8,0.244,0.387,1.8096,0.7,0.0965,5.3,0.0,0
SHP-10379,TransPacific Freight,Tier-3,Pharmaceuticals,"Munich, DE","Los Angeles, US",Standard Ground,12.5,1596.7,877,100,0.489,1250.2,0.338,0.55,10.0211,8.77,0.2768,14.4,1.9,1
SHP-10380,Shenzhen Silicon Ltd,Tier-2,Automotive Assemblies,"Shenzhen, CN","Rotterdam, NL",Express Carrier,2.1,72921.79,997,1000,0.355,7035.2,0.721,0.908,0.2979,0.997,0.8869,11.1,9.0,1
SHP-10381,Apex Auto Components,Tier-1,Automotive Assemblies,"Busan, KR","Los Angeles, US",Standard Ground,12.2,3552.63,1280,250,0.077,2010.7,0.574,0.62,6.0748,5.12,0.3831,12.2,0.0,0
SHP-10382,Apex Auto Components,Tier-1,Industrial Machinery,"Shenzhen, CN","Los Angeles, US",Air Freight,6.8,10423.46,983,250,0.074,8872.2,0.167,0.325,0.7715,3.932,0.0583,6.8,0.0,0
SHP-10383,Bavaria Logistics Parts,Tier-1,Pharmaceuticals,"Taipei, TW","Frankfurt, DE",Ocean Intermodal,22.5,1402.64,898,250,0.035,9360.4,0.024,0.384,2.3997,3.592,0.0095,22.5,0.0,0
SHP-10384,Nordic Raw Materials,Tier-1,Industrial Machinery,"Chicago, US","Dallas, US",Standard Ground,10.4,8836.17,818,1000,0.129,689.8,0.502,0.324,15.1162,0.818,0.1836,10.4,0.0,0
SHP-10385,Apex Auto Components,Tier-1,Industrial Machinery,"Tokyo, JP","Dallas, US",Standard Ground,13.2,3233.24,76,250,0.113,607.7,0.242,0.511,21.7772,0.304,0.1377,13.2,0.0,0
SHP-10386,FastTrack Assembly Co,Tier-2,Consumer Electronics,"Busan, KR","Singapore, SG",Standard Ground,7.8,1116.2,353,100,0.345,1322.0,0.21,0.86,5.9253,3.53,0.2429,12.5,4.7,1
SHP-10387,TransPacific Freight,Tier-3,Automotive Assemblies,"Tokyo, JP","Rotterdam, NL",Ocean Intermodal,25.6,1164.42,736,100,0.449,12875.9,0.078,0.392,1.9897,7.36,0.0443,31.6,6.0,1
SHP-10388,TransPacific Freight,Tier-3,Consumer Electronics,"Busan, KR","Dallas, US",Air Freight,6.2,3542.49,1201,100,0.409,6827.8,0.22,0.531,0.9097,12.01,0.1646,9.9,3.7,1
SHP-10389,Apex Auto Components,Tier-1,Semiconductors & Electronics,"Tokyo, JP","Los Angeles, US",Ocean Intermodal,30.0,5814.6,315,500,0.129,7789.6,0.066,0.206,3.8513,0.63,0.0154,30.0,0.0,0
SHP-10390,Apex Auto Components,Tier-1,Automotive Assemblies,"Munich, DE","Singapore, SG",Ocean Intermodal,22.8,4448.83,822,500,0.129,9318.5,0.224,0.614,2.447,1.644,0.1553,27.2,4.4,1
SHP-10391,TransPacific Freight,Tier-3,Pharmaceuticals,"Busan, KR","Rotterdam, NL",Air Freight,7.5,3093.53,1233,100,0.362,8258.4,0.1,0.213,0.9114,12.33,0.029,7.5,0.0,0
SHP-10392,GlobalTech Micro,Tier-1,Pharmaceuticals,"Shenzhen, CN","Frankfurt, DE",Standard Ground,10.4,35251.48,206,2000,0.115,2980.4,0.498,0.415,3.4742,0.103,0.2305,10.4,0.0,0
SHP-10393,Delta Industrial Supplies,Tier-2,Consumer Electronics,"Taipei, TW","Los Angeles, US",Standard Ground,8.6,4803.44,849,250,0.216,2572.9,0.182,0.222,3.3571,3.396,0.0491,8.6,0.0,0
SHP-10394,Apex Auto Components,Tier-1,Industrial Machinery,"Munich, DE","Rotterdam, NL",Standard Ground,8.6,34988.16,747,2000,0.039,1654.9,0.192,0.172,5.2092,0.3735,0.0343,8.6,0.0,0
SHP-10395,FastTrack Assembly Co,Tier-2,Industrial Machinery,"Chicago, US","Los Angeles, US",Standard Ground,7.1,1016.32,1407,50,0.286,1364.5,0.524,0.459,5.2211,28.14,0.3093,7.1,0.0,0
SHP-10396,Apex Auto Components,Tier-1,Industrial Machinery,"Munich, DE","Singapore, SG",Air Freight,6.3,3642.6,134,100,0.046,7018.0,0.538,0.732,0.9006,1.34,0.4119,9.8,3.5,1
SHP-10397,Shenzhen Silicon Ltd,Tier-2,Consumer Electronics,"Taipei, TW","Dallas, US",Standard Ground,6.5,30137.72,56,2000,0.34,1525.6,0.661,0.137,4.27,0.028,0.1213,11.4,4.9,1
SHP-10398,Shenzhen Silicon Ltd,Tier-2,Consumer Electronics,"Taipei, TW","Dallas, US",Air Freight,6.0,28617.59,1386,500,0.229,5729.1,0.438,0.679,1.0393,2.772,0.3656,11.8,5.8,1
SHP-10399,Nordic Raw Materials,Tier-1,Pharmaceuticals,"Busan, KR","Dallas, US",Standard Ground,10.3,7188.76,627,500,0.104,708.9,0.715,0.472,14.5292,1.254,0.3724,10.3,0.0,0
SHP-10400,TransPacific Freight,Tier-3,Consumer Electronics,"Chicago, US","Rotterdam, NL",Ocean Intermodal,29.0,2279.07,1077,500,0.453,11323.9,0.277,0.815,2.557,2.154,0.328,39.2,10.2,1
SHP-10401,Nordic Raw Materials,Tier-1,Semiconductors & Electronics,"Chicago, US","Dallas, US",Ocean Intermodal,21.1,1835.61,1025,250,0.117,7737.8,0.227,0.549,2.7319,4.1,0.1392,21.1,0.0,0
SHP-10402,TransPacific Freight,Tier-3,Pharmaceuticals,"Tokyo, JP","Los Angeles, US",Express Carrier,4.4,17159.13,1453,250,0.367,4775.7,0.362,0.494,0.9119,5.812,0.2445,6.0,1.6,1
SHP-10403,Delta Industrial Supplies,Tier-2,Industrial Machinery,"Taipei, TW","Singapore, SG",Standard Ground,6.4,1986.28,388,100,0.262,655.1,0.573,0.546,9.8109,3.88,0.3948,6.4,0.0,0
SHP-10404,Apex Auto Components,Tier-1,Automotive Assemblies,"Munich, DE","Dallas, US",Standard Ground,10.2,3494.93,1286,250,0.04,1180.5,0.554,0.216,8.6229,5.144,0.1245,10.2,0.0,0
SHP-10405,Apex Auto Components,Tier-1,Industrial Machinery,"Shenzhen, CN","Dallas, US",Ocean Intermodal,24.1,3229.79,1282,500,0.038,11043.6,0.168,0.27,2.1807,2.564,0.0471,24.1,0.0,0
SHP-10406,Bavaria Logistics Parts,Tier-1,Industrial Machinery,"Tokyo, JP","Dallas, US",Express Carrier,2.1,16674.54,879,250,0.068,2801.1,0.252,0.299,0.7654,3.516,0.0804,2.1,0.0,0
SHP-10407,GlobalTech Micro,Tier-1,Consumer Electronics,"Tokyo, JP","Singapore, SG",Standard Ground,12.8,2133.94,979,100,0.118,692.1,0.116,0.194,18.4383,9.79,0.0252,12.8,0.0,0
SHP-10408,FastTrack Assembly Co,Tier-2,Semiconductors & Electronics,"Shenzhen, CN","Dallas, US",Ocean Intermodal,34.1,1506.54,528,250,0.305,10090.8,0.536,0.927,3.3758,2.112,0.6485,41.8,7.7,1
SHP-10409,Bavaria Logistics Parts,Tier-1,Pharmaceuticals,"Tokyo, JP","Singapore, SG",Standard Ground,9.7,1892.14,618,100,0.01,2531.3,0.316,0.442,3.8332,6.18,0.1411,9.7,0.0,0
SHP-10410,FastTrack Assembly Co,Tier-2,Consumer Electronics,"Shenzhen, CN","Los Angeles, US",Standard Ground,10.0,15539.71,1014,1000,0.351,3107.4,0.388,0.238,3.214,1.014,0.1247,10.0,0.0,0
SHP-10411,Bavaria Logistics Parts,Tier-1,Consumer Electronics,"Munich, DE","Dallas, US",Express Carrier,4.5,13465.63,277,250,0.099,4743.9,0.013,0.186,0.9567,1.108,0.0027,4.5,0.0,0
SHP-10412,Nordic Raw Materials,Tier-1,Pharmaceuticals,"Chicago, US","Singapore, SG",Standard Ground,12.9,7729.35,1216,500,0.047,1912.3,0.635,0.742,6.7474,2.432,0.4935,12.9,0.0,0
SHP-10413,Bavaria Logistics Parts,Tier-1,Automotive Assemblies,"Tokyo, JP","Singapore, SG",Air Freight,5.1,29683.88,1198,500,0.032,9313.2,0.405,0.332,0.5473,2.396,0.1387,5.1,0.0,0
SHP-10414,Shenzhen Silicon Ltd,Tier-2,Consumer Electronics,"Taipei, TW","Rotterdam, NL",Standard Ground,7.6,1233.54,503,100,0.266,2478.0,0.342,0.524,3.0854,5.03,0.2268,7.6,0.0,0
SHP-10415,TransPacific Freight,Tier-3,Industrial Machinery,"Shenzhen, CN","Los Angeles, US",Express Carrier,3.2,9038.42,1141,250,0.423,4200.8,0.412,0.68,0.7637,4.564,0.3988,6.9,3.7,1
SHP-10416,Shenzhen Silicon Ltd,Tier-2,Automotive Assemblies,"Busan, KR","Frankfurt, DE",Express Carrier,3.5,6289.76,1479,100,0.326,6554.2,0.43,0.583,0.5393,14.79,0.3323,8.0,4.5,1
SHP-10417,TransPacific Freight,Tier-3,Industrial Machinery,"Tokyo, JP","Dallas, US",Ocean Intermodal,28.3,4664.82,666,500,0.382,10199.2,0.439,0.132,2.7758,1.332,0.0801,32.1,3.8,1
SHP-10418,Bavaria Logistics Parts,Tier-1,Pharmaceuticals,"Munich, DE","Los Angeles, US",Air Freight,5.7,3403.65,647,100,0.09,7591.3,0.379,0.174,0.749,6.47,0.0719,5.7,0.0,0
SHP-10419,Bavaria Logistics Parts,Tier-1,Automotive Assemblies,"Chicago, US","Rotterdam, NL",Standard Ground,6.5,3683.66,1361,250,0.01,602.8,0.191,0.089,10.8384,5.444,0.0172,6.5,0.0,0
SHP-10420,Shenzhen Silicon Ltd,Tier-2,Semiconductors & Electronics,"Tokyo, JP","Frankfurt, DE",Standard Ground,10.5,5215.11,1395,250,0.24,2056.8,0.158,0.646,5.0815,5.58,0.1266,10.5,0.0,0
SHP-10421,FastTrack Assembly Co,Tier-2,Consumer Electronics,"Chicago, US","Rotterdam, NL",Ocean Intermodal,25.3,5853.15,1330,500,0.32,11648.9,0.051,0.6,2.1678,2.66,0.0404,29.0,3.7,1
SHP-10422,Bavaria Logistics Parts,Tier-1,Industrial Machinery,"Munich, DE","Frankfurt, DE",Standard Ground,13.8,774.93,180,50,0.118,1657.6,0.639,0.583,8.3487,3.6,0.4164,13.8,0.0,0
SHP-10423,Delta Industrial Supplies,Tier-2,Pharmaceuticals,"Munich, DE","Dallas, US",Express Carrier,3.0,11071.42,78,250,0.231,3383.0,0.567,0.49,0.8817,0.312,0.342,7.2,4.2,1
SHP-10424,Nordic Raw Materials,Tier-1,Industrial Machinery,"Chicago, US","Singapore, SG",Air Freight,3.6,17629.79,513,500,0.069,6713.3,0.434,0.384,0.5296,1.026,0.1782,3.6,0.0,0
SHP-10425,FastTrack Assembly Co,Tier-2,Semiconductors & Electronics,"Munich, DE","Frankfurt, DE",Air Freight,3.1,10851.22,764,250,0.286,6587.9,0.202,0.307,0.4729,3.056,0.0797,3.1,0.0,0
SHP-10426,FastTrack Assembly Co,Tier-2,Consumer Electronics,"Tokyo, JP","Frankfurt, DE",Air Freight,6.5,11487.17,171,250,0.346,9237.0,0.668,0.424,0.7087,0.684,0.3812,14.6,8.1,1
SHP-10427,Nordic Raw Materials,Tier-1,Consumer Electronics,"Busan, KR","Singapore, SG",Air Freight,5.9,5688.6,1320,100,0.098,4393.3,0.466,0.423,1.3356,13.2,0.2164,5.9,0.0,0
SHP-10428,Bavaria Logistics Parts,Tier-1,Semiconductors & Electronics,"Tokyo, JP","Rotterdam, NL",Air Freight,6.9,27104.03,1257,500,0.041,10684.5,0.059,0.518,0.6476,2.514,0.0318,6.9,0.0,0
SHP-10429,Nordic Raw Materials,Tier-1,Automotive Assemblies,"Taipei, TW","Los Angeles, US",Express Carrier,4.8,18132.57,566,250,0.013,7599.4,0.197,0.305,0.6336,2.264,0.0608,4.8,0.0,0
SHP-10430,GlobalTech Micro,Tier-1,Consumer Electronics,"Shenzhen, CN","Rotterdam, NL",Express Carrier,4.3,16631.74,958,250,0.174,7475.5,0.485,0.204,0.5808,3.832,0.1161,4.3,0.0,0
SHP-10431,GlobalTech Micro,Tier-1,Consumer Electronics,"Shenzhen, CN","Dallas, US",Air Freight,7.1,7691.83,910,250,0.118,8921.7,0.3,0.453,0.8003,3.64,0.1519,7.1,0.0,0
SHP-10432,Bavaria Logistics Parts,Tier-1,Semiconductors & Electronics,"Busan, KR","Singapore, SG",Ocean Intermodal,31.3,1298.03,886,100,0.082,13047.6,0.49,0.47,2.3978,8.86,0.2492,36.4,5.1,1
SHP-10433,Bavaria Logistics Parts,Tier-1,Industrial Machinery,"Munich, DE","Singapore, SG",Air Freight,6.3,23022.94,218,500,0.055,8454.5,0.066,0.053,0.7461,0.436,0.0037,6.3,0.0,0
SHP-10434,Bavaria Logistics Parts,Tier-1,Consumer Electronics,"Shenzhen, CN","Rotterdam, NL",Ocean Intermodal,18.2,2517.43,345,250,0.071,10874.0,0.582,0.286,1.6731,1.38,0.1783,20.0,1.8,1
SHP-10435,GlobalTech Micro,Tier-1,Semiconductors & Electronics,"Tokyo, JP","Singapore, SG",Air Freight,4.4,2151.74,125,50,0.111,8636.3,0.463,0.51,0.5133,2.5,0.2624,5.4,1.0,1
SHP-10436,Bavaria Logistics Parts,Tier-1,Consumer Electronics,"Chicago, US","Rotterdam, NL",Standard Ground,10.0,2332.02,1068,250,0.01,1232.7,0.419,0.162,8.1472,4.272,0.0686,10.0,0.0,0
SHP-10437,Shenzhen Silicon Ltd,Tier-2,Automotive Assemblies,"Tokyo, JP","Rotterdam, NL",Express Carrier,5.0,11882.37,478,250,0.291,7038.6,0.402,0.19,0.7092,1.912,0.0986,5.0,0.0,0
SHP-10438,Bavaria Logistics Parts,Tier-1,Industrial Machinery,"Munich, DE","Los Angeles, US",Standard Ground,8.8,3792.85,1156,250,0.078,2755.0,0.132,0.698,3.1962,4.624,0.0993,8.8,0.0,0
SHP-10439,TransPacific Freight,Tier-3,Consumer Electronics,"Tokyo, JP","Singapore, SG",Ocean Intermodal,18.6,1447.35,1230,250,0.416,9652.2,0.541,0.383,1.926,4.92,0.2934,23.7,5.1,1
SHP-10440,GlobalTech Micro,Tier-1,Consumer Electronics,"Munich, DE","Singapore, SG",Standard Ground,7.2,2393.59,865,250,0.188,2908.3,0.179,0.096,2.4585,3.46,0.0204,7.2,0.0,0
SHP-10441,Nordic Raw Materials,Tier-1,Pharmaceuticals,"Chicago, US","Singapore, SG",Standard Ground,11.1,3037.83,1204,250,0.148,2568.8,0.286,0.445,4.3262,4.816,0.1461,11.1,0.0,0
SHP-10442,Delta Industrial Supplies,Tier-2,Semiconductors & Electronics,"Munich, DE","Rotterdam, NL",Standard Ground,6.7,7951.81,979,500,0.263,2853.5,0.202,0.266,2.3368,1.958,0.0679,6.7,0.0,0
SHP-10443,Apex Auto Components,Tier-1,Consumer Electronics,"Tokyo, JP","Dallas, US",Standard Ground,6.2,3023.13,93,250,0.104,1545.5,0.289,0.637,4.0042,0.372,0.2032,6.2,0.0,0
SHP-10444,GlobalTech Micro,Tier-1,Industrial Machinery,"Shenzhen, CN","Singapore, SG",Standard Ground,12.5,3588.76,1272,250,0.062,3452.7,0.459,0.403,3.6162,5.088,0.1964,12.5,0.0,0
SHP-10445,Delta Industrial Supplies,Tier-2,Automotive Assemblies,"Busan, KR","Dallas, US",Ocean Intermodal,22.1,4472.97,55,500,0.27,9627.6,0.783,0.773,2.2962,0.11,0.7688,32.8,10.7,1
SHP-10446,Bavaria Logistics Parts,Tier-1,Industrial Machinery,"Chicago, US","Dallas, US",Express Carrier,3.2,16402.5,582,250,0.037,7341.8,0.614,0.422,0.4293,2.328,0.2686,3.2,0.0,0
SHP-10447,Bavaria Logistics Parts,Tier-1,Consumer Electronics,"Taipei, TW","Los Angeles, US",Air Freight,5.0,50325.2,1148,1000,0.027,10660.9,0.253,0.264,0.4699,1.148,0.0686,5.0,0.0,0
SHP-10448,FastTrack Assembly Co,Tier-2,Consumer Electronics,"Munich, DE","Rotterdam, NL",Express Carrier,3.6,15540.63,470,250,0.36,3858.6,0.24,0.376,0.9241,1.88,0.1227,3.6,0.0,0
SHP-10449,Bavaria Logistics Parts,Tier-1,Consumer Electronics,"Chicago, US","Rotterdam, NL",Air Freight,7.0,14851.07,1019,250,0.133,9011.9,0.299,0.424,0.7741,4.076,0.1437,7.0,0.0,0
SHP-10450,FastTrack Assembly Co,Tier-2,Automotive Assemblies,"Busan, KR","Los Angeles, US",Air Freight,4.3,18827.7,923,500,0.315,7177.9,0.552,0.628,0.6051,1.846,0.4558,10.4,6.1,1
SHP-10451,Apex Auto Components,Tier-1,Automotive Assemblies,"Shenzhen, CN","Dallas, US",Standard Ground,6.2,6431.03,1058,500,0.032,2090.3,0.665,0.201,2.9851,2.116,0.1379,6.2,0.0,0
SHP-10452,GlobalTech Micro,Tier-1,Consumer Electronics,"Tokyo, JP","Dallas, US",Standard Ground,12.9,747.58,285,50,0.138,1543.2,0.295,0.184,8.3512,5.7,0.0618,12.9,0.0,0
SHP-10453,Nordic Raw Materials,Tier-1,Automotive Assemblies,"Munich, DE","Frankfurt, DE",Ocean Intermodal,21.3,4595.02,1058,1000,0.083,12465.5,0.504,0.786,1.7055,1.058,0.4289,28.1,6.8,1
SHP-10454,Nordic Raw Materials,Tier-1,Consumer Electronics,"Taipei, TW","Los Angeles, US",Express Carrier,3.1,1880.94,717,50,0.073,6361.9,0.259,0.22,0.4926,14.34,0.0611,3.1,0.0,0
SHP-10455,TransPacific Freight,Tier-3,Pharmaceuticals,"Shenzhen, CN","Frankfurt, DE",Standard Ground,6.0,856.0,917,50,0.428,2761.8,0.07,0.412,2.1701,18.34,0.0412,6.0,0.0,0
SHP-10456,Shenzhen Silicon Ltd,Tier-2,Consumer Electronics,"Tokyo, JP","Los Angeles, US",Ocean Intermodal,35.0,1701.94,1059,250,0.27,11631.6,0.158,0.234,3.0083,4.236,0.047,35.0,0.0,0
SHP-10457,Shenzhen Silicon Ltd,Tier-2,Consumer Electronics,"Shenzhen, CN","Frankfurt, DE",Standard Ground,7.5,3505.32,155,250,0.319,3162.7,0.485,0.568,2.3863,0.62,0.3634,11.5,4.0,1
SHP-10458,TransPacific Freight,Tier-3,Consumer Electronics,"Busan, KR","Singapore, SG",Ocean Intermodal,33.0,5837.88,203,1000,0.445,11829.3,0.328,0.323,2.7921,0.203,0.1531,39.7,6.7,1
SHP-10459,Nordic Raw Materials,Tier-1,Pharmaceuticals,"Taipei, TW","Singapore, SG",Standard Ground,10.8,3554.11,670,250,0.159,1037.5,0.355,0.754,10.4319,2.68,0.3102,10.8,0.0,0
SHP-10460,Nordic Raw Materials,Tier-1,Industrial Machinery,"Munich, DE","Los Angeles, US",Air Freight,3.9,20954.52,817,500,0.025,8990.2,0.151,0.331,0.4388,1.634,0.0512,3.9,0.0,0
SHP-10461,Apex Auto Components,Tier-1,Industrial Machinery,"Shenzhen, CN","Dallas, US",Air Freight,4.1,17759.99,281,500,0.075,4553.8,0.141,0.569,0.8898,0.562,0.0863,4.1,0.0,0
SHP-10462,TransPacific Freight,Tier-3,Consumer Electronics,"Chicago, US","Rotterdam, NL",Air Freight,5.9,2853.3,1051,50,0.329,9576.7,0.321,0.578,0.6196,21.02,0.2467,10.4,4.5,1
SHP-10463,Nordic Raw Materials,Tier-1,Pharmaceuticals,"Busan, KR","Rotterdam, NL",Standard Ground,11.7,1079.17,259,100,0.021,2653.8,0.189,0.228,4.4032,2.59,0.044,11.7,0.0,0
SHP-10464,GlobalTech Micro,Tier-1,Consumer Electronics,"Busan, KR","Rotterdam, NL",Standard Ground,5.5,10522.15,380,1000,0.124,693.2,0.361,0.49,7.9272,0.38,0.1988,5.5,0.0,0
SHP-10465,Shenzhen Silicon Ltd,Tier-2,Semiconductors & Electronics,"Busan, KR","Rotterdam, NL",Ocean Intermodal,21.2,467.46,615,50,0.253,12056.2,0.42,0.363,1.7616,12.3,0.191,24.2,3.0,1
SHP-10466,Apex Auto Components,Tier-1,Consumer Electronics,"Tokyo, JP","Singapore, SG",Standard Ground,5.2,874.44,516,50,0.01,3309.1,0.377,0.628,1.5614,10.32,0.2391,5.2,0.0,0
SHP-10467,FastTrack Assembly Co,Tier-2,Pharmaceuticals,"Munich, DE","Singapore, SG",Standard Ground,8.4,19018.14,630,1000,0.321,3265.4,0.182,0.46,2.5603,0.63,0.1106,12.1,3.7,1
SHP-10468,Apex Auto Components,Tier-1,Consumer Electronics,"Busan, KR","Singapore, SG",Air Freight,3.7,11074.1,740,250,0.128,7400.0,0.169,0.435,0.5005,2.96,0.0829,3.7,0.0,0
SHP-10469,Delta Industrial Supplies,Tier-2,Consumer Electronics,"Tokyo, JP","Frankfurt, DE",Standard Ground,9.8,9016.1,361,500,0.256,2730.5,0.73,0.314,3.5846,0.722,0.2878,14.6,4.8,1
SHP-10470,TransPacific Freight,Tier-3,Automotive Assemblies,"Taipei, TW","Dallas, US",Air Freight,3.8,25362.94,1117,500,0.407,6174.9,0.186,0.555,0.6233,2.234,0.1453,8.7,4.9,1
SHP-10471,Nordic Raw Materials,Tier-1,Industrial Machinery,"Tokyo, JP","Frankfurt, DE",Standard Ground,9.7,9263.72,556,500,0.136,1872.4,0.478,0.515,5.1587,1.112,0.2797,9.7,0.0,0
SHP-10472,Delta Industrial Supplies,Tier-2,Semiconductors & Electronics,"Shenzhen, CN","Los Angeles, US",Standard Ground,5.0,8556.68,1111,500,0.263,3317.8,0.325,0.668,1.5123,2.222,0.2743,7.7,2.7,1
SHP-10473,Nordic Raw Materials,Tier-1,Automotive Assemblies,"Chicago, US","Singapore, SG",Air Freight,3.5,3004.4,188,50,0.086,7282.2,0.358,0.422,0.4851,3.76,0.1641,3.5,0.0,0
SHP-10474,GlobalTech Micro,Tier-1,Pharmaceuticals,"Shenzhen, CN","Frankfurt, DE",Air Freight,5.1,28963.82,1029,500,0.109,9162.8,0.5,0.345,0.5537,2.058,0.1913,5.1,0.0,0
SHP-10475,FastTrack Assembly Co,Tier-2,Industrial Machinery,"Taipei, TW","Frankfurt, DE",Standard Ground,9.5,3058.43,739,250,0.327,566.5,0.247,0.316,16.7974,2.956,0.1036,9.5,0.0,0
SHP-10476,TransPacific Freight,Tier-3,Semiconductors & Electronics,"Shenzhen, CN","Dallas, US",Ocean Intermodal,24.9,5522.34,172,500,0.441,12510.8,0.552,0.247,1.9942,0.344,0.1965,30.6,5.7,1
SHP-10477,FastTrack Assembly Co,Tier-2,Semiconductors & Electronics,"Munich, DE","Los Angeles, US",Ocean Intermodal,23.7,564.89,1164,100,0.336,11506.2,0.213,0.179,2.0595,11.64,0.051,23.7,0.0,0
SHP-10478,FastTrack Assembly Co,Tier-2,Automotive Assemblies,"Busan, KR","Singapore, SG",Air Freight,6.6,4037.9,311,100,0.252,5737.8,0.275,0.432,1.1452,3.11,0.1487,6.6,0.0,0
SHP-10479,GlobalTech Micro,Tier-1,Industrial Machinery,"Munich, DE","Los Angeles, US",Air Freight,7.8,14396.7,890,250,0.116,6748.3,0.329,0.662,1.1584,3.56,0.2431,7.8,0.0,0
SHP-10480,FastTrack Assembly Co,Tier-2,Consumer Electronics,"Shenzhen, CN","Singapore, SG",Ocean Intermodal,22.0,2382.87,1045,250,0.281,11458.6,0.499,0.648,1.9185,4.18,0.4144,29.0,7.0,1
SHP-10481,FastTrack Assembly Co,Tier-2,Pharmaceuticals,"Chicago, US","Singapore, SG",Standard Ground,13.2,3613.61,562,250,0.341,904.4,0.161,0.402,14.6207,2.248,0.0868,13.2,0.0,0
SHP-10482,Apex Auto Components,Tier-1,Automotive Assemblies,"Busan, KR","Frankfurt, DE",Air Freight,6.6,14614.05,320,500,0.052,8523.7,0.525,0.826,0.7717,0.64,0.4564,13.1,6.5,1
SHP-10483,FastTrack Assembly Co,Tier-2,Semiconductors & Electronics,"Shenzhen, CN","Rotterdam, NL",Air Freight,7.5,5675.58,1076,100,0.247,7880.6,0.331,0.515,0.9556,10.76,0.2126,11.2,3.7,1
SHP-10484,Apex Auto Components,Tier-1,Pharmaceuticals,"Shenzhen, CN","Dallas, US",Standard Ground,10.4,832.99,862,50,0.153,2610.5,0.401,0.322,3.9767,17.24,0.1489,10.4,0.0,0
SHP-10485,FastTrack Assembly Co,Tier-2,Semiconductors & Electronics,"Chicago, US","Dallas, US",Standard Ground,7.4,28342.29,1441,2000,0.317,1106.8,0.318,0.424,6.7148,0.7205,0.1775,7.4,0.0,0
SHP-10486,Nordic Raw Materials,Tier-1,Industrial Machinery,"Taipei, TW","Dallas, US",Air Freight,6.2,56429.91,792,1000,0.165,4203.6,0.354,0.291,1.4782,0.792,0.12,6.2,0.0,0
SHP-10487,Shenzhen Silicon Ltd,Tier-2,Industrial Machinery,"Taipei, TW","Frankfurt, DE",Standard Ground,9.5,18954.11,490,1000,0.326,2756.5,0.456,0.345,3.4581,0.49,0.2086,13.3,3.8,1
SHP-10488,Delta Industrial Supplies,Tier-2,Semiconductors & Electronics,"Tokyo, JP","Los Angeles, US",Air Freight,4.6,9476.24,1468,250,0.217,9202.0,0.543,0.723,0.4958,5.872,0.4776,9.9,5.3,1
SHP-10489,Bavaria Logistics Parts,Tier-1,Pharmaceuticals,"Tokyo, JP","Dallas, US",Air Freight,5.3,4649.43,416,100,0.04,9066.5,0.405,0.383,0.5859,4.16,0.1613,5.3,0.0,0
SHP-10490,Delta Industrial Supplies,Tier-2,Automotive Assemblies,"Busan, KR","Los Angeles, US",Ocean Intermodal,34.9,1636.76,70,250,0.218,11772.8,0.482,0.458,2.9636,0.28,0.2689,43.0,8.1,1
SHP-10491,Bavaria Logistics Parts,Tier-1,Automotive Assemblies,"Shenzhen, CN","Frankfurt, DE",Air Freight,7.4,3569.32,127,100,0.035,7131.0,0.487,0.425,1.0438,1.27,0.2142,7.4,0.0,0
SHP-10492,Apex Auto Components,Tier-1,Semiconductors & Electronics,"Shenzhen, CN","Rotterdam, NL",Air Freight,5.3,4633.13,794,100,0.052,7985.2,0.261,0.673,0.6622,7.94,0.1848,5.3,0.0,0
SHP-10493,Nordic Raw Materials,Tier-1,Pharmaceuticals,"Chicago, US","Los Angeles, US",Standard Ground,10.7,880.0,1338,50,0.128,908.7,0.426,0.193,11.7459,26.76,0.0928,10.7,0.0,0
SHP-10494,Apex Auto Components,Tier-1,Consumer Electronics,"Shenzhen, CN","Rotterdam, NL",Air Freight,7.9,12553.05,291,250,0.038,11126.6,0.419,0.144,0.7084,1.164,0.0626,7.9,0.0,0
SHP-10495,GlobalTech Micro,Tier-1,Pharmaceuticals,"Taipei, TW","Singapore, SG",Standard Ground,10.8,27025.88,171,2000,0.081,2267.4,0.133,0.226,4.7759,0.0855,0.0325,10.8,0.0,0
SHP-10496,Shenzhen Silicon Ltd,Tier-2,Consumer Electronics,"Shenzhen, CN","Rotterdam, NL",Standard Ground,7.3,2410.39,1406,250,0.281,2597.1,0.186,0.912,2.8017,5.624,0.2173,10.1,2.8,1
SHP-10497,Delta Industrial Supplies,Tier-2,Pharmaceuticals,"Tokyo, JP","Singapore, SG",Air Freight,5.5,6816.85,1210,250,0.198,9752.3,0.603,0.187,0.5623,4.84,0.1351,5.5,0.0,0
SHP-10498,Nordic Raw Materials,Tier-1,Industrial Machinery,"Tokyo, JP","Singapore, SG",Ocean Intermodal,24.0,5424.03,413,500,0.096,11039.3,0.369,0.489,2.1757,0.826,0.1978,26.4,2.4,1
SHP-10499,GlobalTech Micro,Tier-1,Consumer Electronics,"Taipei, TW","Dallas, US",Standard Ground,10.0,4647.66,663,500,0.095,1781.3,0.384,0.196,5.6094,1.326,0.0824,10.0,0.0,0
SHP-10500,Bavaria Logistics Parts,Tier-1,Semiconductors & Electronics,"Busan, KR","Frankfurt, DE",Standard Ground,12.7,2520.07,255,250,0.072,1551.4,0.276,0.198,8.2049,1.02,0.0586,12.7,0.0,0
SHP-10501,FastTrack Assembly Co,Tier-2,Semiconductors & Electronics,"Tokyo, JP","Singapore, SG",Air Freight,4.9,7364.35,1326,250,0.356,10289.5,0.132,0.587,0.4747,5.304,0.1051,9.4,4.5,1
SHP-10502,Shenzhen Silicon Ltd,Tier-2,Industrial Machinery,"Shenzhen, CN","Dallas, US",Ocean Intermodal,22.3,11030.36,331,1000,0.284,11956.2,0.563,0.391,1.867,0.331,0.2827,32.1,9.8,1
SHP-10503,GlobalTech Micro,Tier-1,Pharmaceuticals,"Tokyo, JP","Dallas, US",Air Freight,5.0,13615.02,1427,250,0.163,9160.1,0.327,0.23,0.5433,5.708,0.0875,5.0,0.0,0
SHP-10504,Nordic Raw Materials,Tier-1,Industrial Machinery,"Busan, KR","Singapore, SG",Air Freight,7.2,18341.53,1366,500,0.177,10247.6,0.166,0.754,0.7028,2.732,0.1474,10.5,3.3,1
SHP-10505,FastTrack Assembly Co,Tier-2,Semiconductors & Electronics,"Busan, KR","Rotterdam, NL",Standard Ground,7.6,2133.48,470,100,0.283,2300.5,0.268,0.168,3.2847,4.7,0.0577,7.6,0.0,0
SHP-10506,FastTrack Assembly Co,Tier-2,Semiconductors & Electronics,"Tokyo, JP","Rotterdam, NL",Standard Ground,10.6,9225.08,352,500,0.345,1808.1,0.241,0.467,5.867,0.704,0.1514,11.9,1.3,1
SHP-10507,GlobalTech Micro,Tier-1,Industrial Machinery,"Munich, DE","Frankfurt, DE",Standard Ground,7.9,721.28,937,50,0.104,2382.9,0.51,0.657,3.3139,18.74,0.3701,7.9,0.0,0
SHP-10508,Nordic Raw Materials,Tier-1,Consumer Electronics,"Shenzhen, CN","Rotterdam, NL",Ocean Intermodal,29.9,1254.89,1298,100,0.015,8169.9,0.326,0.537,3.6566,12.98,0.1776,29.9,0.0,0
SHP-10509,Delta Industrial Supplies,Tier-2,Pharmaceuticals,"Shenzhen, CN","Dallas, US",Standard Ground,10.3,9061.5,1005,500,0.173,3378.7,0.13,0.03,3.0571,2.01,0.0046,10.3,0.0,0
SHP-10510,Bavaria Logistics Parts,Tier-1,Pharmaceuticals,"Busan, KR","Rotterdam, NL",Standard Ground,10.1,807.53,810,50,0.05,560.1,0.022,0.674,18.0864,16.2,0.0156,10.1,0.0,0
SHP-10511,FastTrack Assembly Co,Tier-2,Industrial Machinery,"Busan, KR","Frankfurt, DE",Express Carrier,4.5,103116.26,818,2000,0.257,2764.2,0.248,0.531,1.6175,0.409,0.1655,8.5,4.0,1
SHP-10512,Apex Auto Components,Tier-1,Pharmaceuticals,"Chicago, US","Rotterdam, NL",Standard Ground,10.1,10706.65,536,1000,0.102,670.1,0.185,0.151,15.0334,0.536,0.0308,10.1,0.0,0
SHP-10513,GlobalTech Micro,Tier-1,Pharmaceuticals,"Munich, DE","Los Angeles, US",Ocean Intermodal,18.1,1454.29,84,250,0.056,10483.0,0.181,0.543,1.7276,0.336,0.1038,20.9,2.8,1
SHP-10514,Bavaria Logistics Parts,Tier-1,Pharmaceuticals,"Busan, KR","Dallas, US",Ocean Intermodal,31.0,1451.3,816,250,0.046,12020.8,0.638,0.351,2.5787,3.264,0.2342,34.2,3.2,1
SHP-10515,Nordic Raw Materials,Tier-1,Pharmaceuticals,"Munich, DE","Rotterdam, NL",Standard Ground,12.5,8537.48,793,500,0.066,2691.9,0.599,0.259,4.6408,1.586,0.1653,12.5,0.0,0
SHP-10516,Nordic Raw Materials,Tier-1,Industrial Machinery,"Chicago, US","Dallas, US",Ocean Intermodal,27.6,3054.93,71,250,0.052,11937.0,0.274,0.17,2.3161,0.284,0.049,27.6,0.0,0
SHP-10517,FastTrack Assembly Co,Tier-2,Pharmaceuticals,"Chicago, US","Los Angeles, US",Standard Ground,5.2,1031.25,144,100,0.353,899.0,0.293,0.526,5.7856,1.44,0.2085,5.2,0.0,0
SHP-10518,FastTrack Assembly Co,Tier-2,Semiconductors & Electronics,"Munich, DE","Rotterdam, NL",Standard Ground,9.6,9546.92,622,500,0.28,1193.3,0.083,0.835,8.0292,1.244,0.0887,14.6,5.0,1
SHP-10519,FastTrack Assembly Co,Tier-2,Industrial Machinery,"Shenzhen, CN","Singapore, SG",Standard Ground,10.5,4478.29,76,500,0.285,1681.8,0.215,0.125,6.2443,0.152,0.0345,10.5,0.0,0
SHP-10520,GlobalTech Micro,Tier-1,Automotive Assemblies,"Busan, KR","Dallas, US",Standard Ground,11.4,2294.22,1203,250,0.15,1517.3,0.311,0.094,7.5063,4.812,0.0336,11.4,0.0,0
SHP-10521,Bavaria Logistics Parts,Tier-1,Industrial Machinery,"Busan, KR","Singapore, SG",Standard Ground,12.1,21101.83,1074,2000,0.05,2746.8,0.221,0.12,4.4225,0.537,0.0279,12.1,0.0,0
SHP-10522,TransPacific Freight,Tier-3,Industrial Machinery,"Munich, DE","Los Angeles, US",Ocean Intermodal,22.3,2219.77,812,500,0.491,11700.2,0.272,0.422,1.9052,1.624,0.1711,27.7,5.4,1
SHP-10523,Apex Auto Components,Tier-1,Consumer Electronics,"Tokyo, JP","Dallas, US",Ocean Intermodal,30.3,5019.25,245,500,0.044,8091.3,0.267,0.695,3.7421,0.49,0.1937,35.1,4.8,1
SHP-10524,GlobalTech Micro,Tier-1,Consumer Electronics,"Munich, DE","Los Angeles, US",Ocean Intermodal,26.9,639.57,1028,50,0.088,12593.5,0.502,0.319,2.1349,20.56,0.1742,26.9,0.0,0
SHP-10525,Apex Auto Components,Tier-1,Automotive Assemblies,"Chicago, US","Los Angeles, US",Air Freight,5.2,5587.35,1276,100,0.034,9383.3,0.201,0.467,0.5501,12.76,0.097,5.2,0.0,0
SHP-10526,Shenzhen Silicon Ltd,Tier-2,Consumer Electronics,"Busan, KR","Frankfurt, DE",Air Freight,6.5,2889.33,1237,100,0.331,8109.2,0.104,0.185,0.7982,12.37,0.0256,6.5,0.0,0
SHP-10527,TransPacific Freight,Tier-3,Semiconductors & Electronics,"Taipei, TW","Singapore, SG",Air Freight,3.9,20344.99,476,500,0.447,5228.9,0.137,0.703,0.7459,0.952,0.1394,9.4,5.5,1
SHP-10528,Shenzhen Silicon Ltd,Tier-2,Industrial Machinery,"Shenzhen, CN","Dallas, US",Express Carrier,4.6,5168.26,328,100,0.339,7237.7,0.415,0.764,0.6343,3.28,0.4244,10.9,6.3,1
SHP-10529,GlobalTech Micro,Tier-1,Pharmaceuticals,"Tokyo, JP","Dallas, US",Standard Ground,8.6,4276.38,1286,250,0.13,3076.3,0.035,0.159,2.806,5.144,0.0063,8.6,0.0,0
SHP-10530,Nordic Raw Materials,Tier-1,Semiconductors & Electronics,"Tokyo, JP","Los Angeles, US",Express Carrier,4.2,53170.08,1118,1000,0.182,6010.2,0.069,0.284,0.7022,1.118,0.0232,4.2,0.0,0
SHP-10531,GlobalTech Micro,Tier-1,Pharmaceuticals,"Tokyo, JP","Singapore, SG",Air Freight,5.8,4629.29,907,100,0.107,6057.4,0.211,0.422,0.9609,9.07,0.0986,5.8,0.0,0
SHP-10532,Shenzhen Silicon Ltd,Tier-2,Consumer Electronics,"Chicago, US","Singapore, SG",Express Carrier,3.2,36614.19,871,500,0.234,7587.6,0.455,0.72,0.4209,1.742,0.4043,7.2,4.0,1
SHP-10533,Bavaria Logistics Parts,Tier-1,Pharmaceuticals,"Tokyo, JP","Rotterdam, NL",Ocean Intermodal,33.7,2656.7,1083,250,0.046,11869.5,0.206,0.136,2.8403,4.332,0.0293,33.7,0.0,0
SHP-10534,TransPacific Freight,Tier-3,Automotive Assemblies,"Shenzhen, CN","Frankfurt, DE",Ocean Intermodal,31.8,329.18,121,50,0.425,13028.7,0.034,0.304,2.4425,2.42,0.0147,33.6,1.8,1
SHP-10535,GlobalTech Micro,Tier-1,Consumer Electronics,"Chicago, US","Dallas, US",Ocean Intermodal,24.5,4712.75,862,500,0.111,9306.8,0.209,0.234,2.6311,1.724,0.0544,24.5,0.0,0
SHP-10536,Nordic Raw Materials,Tier-1,Pharmaceuticals,"Chicago, US","Los Angeles, US",Standard Ground,7.9,3456.68,84,250,0.092,3408.0,0.644,0.187,2.3087,0.336,0.1315,7.9,0.0,0
SHP-10537,Apex Auto Components,Tier-1,Consumer Electronics,"Shenzhen, CN","Frankfurt, DE",Ocean Intermodal,32.5,1155.9,519,100,0.106,10135.6,0.519,0.25,3.2037,5.19,0.1435,32.5,0.0,0
SHP-10538,FastTrack Assembly Co,Tier-2,Semiconductors & Electronics,"Chicago, US","Dallas, US",Air Freight,7.3,6609.63,583,250,0.358,10899.2,0.164,0.511,0.6671,2.332,0.1138,12.8,5.5,1
SHP-10539,Delta Industrial Supplies,Tier-2,Semiconductors & Electronics,"Munich, DE","Los Angeles, US",Standard Ground,13.5,16628.39,1466,1000,0.266,2654.0,0.26,0.286,5.0839,1.466,0.0942,13.5,0.0,0
SHP-10540,Nordic Raw Materials,Tier-1,Automotive Assemblies,"Shenzhen, CN","Rotterdam, NL",Standard Ground,6.4,2801.1,1261,250,0.066,2322.9,0.605,0.842,2.7471,5.044,0.5429,9.6,3.2,1
SHP-10541,GlobalTech Micro,Tier-1,Consumer Electronics,"Busan, KR","Singapore, SG",Standard Ground,5.3,5853.77,476,500,0.149,1041.8,0.409,0.508,5.1314,0.952,0.2387,5.3,0.0,0
SHP-10542,Delta Industrial Supplies,Tier-2,Consumer Electronics,"Munich, DE","Dallas, US",Air Freight,3.6,4844.69,789,100,0.262,8877.5,0.451,0.448,0.4002,7.89,0.255,7.0,3.4,1
SHP-10543,Apex Auto Components,Tier-1,Consumer Electronics,"Busan, KR","Los Angeles, US",Standard Ground,13.8,955.64,580,50,0.116,3412.9,0.163,0.048,4.0574,11.6,0.0087,13.8,0.0,0
SHP-10544,Bavaria Logistics Parts,Tier-1,Industrial Machinery,"Taipei, TW","Singapore, SG",Standard Ground,10.1,1083.13,926,100,0.011,769.9,0.328,0.307,13.08,9.26,0.1018,10.1,0.0,0
SHP-10545,Nordic Raw Materials,Tier-1,Pharmaceuticals,"Busan, KR","Singapore, SG",Ocean Intermodal,27.4,691.1,241,50,0.079,9225.6,0.106,0.19,2.9716,4.82,0.0217,27.4,0.0,0
SHP-10546,Shenzhen Silicon Ltd,Tier-2,Semiconductors & Electronics,"Busan, KR","Singapore, SG",Standard Ground,11.6,787.04,1110,50,0.273,2907.4,0.153,0.357,4.0002,22.2,0.0695,11.6,0.0,0
SHP-10547,Delta Industrial Supplies,Tier-2,Industrial Machinery,"Taipei, TW","Frankfurt, DE",Standard Ground,6.5,1693.15,635,100,0.21,2689.3,0.159,0.488,2.4103,6.35,0.0939,6.5,0.0,0
SHP-10548,TransPacific Freight,Tier-3,Consumer Electronics,"Shenzhen, CN","Rotterdam, NL",Ocean Intermodal,22.7,4597.35,905,500,0.429,7030.6,0.142,0.673,3.2224,1.81,0.1366,28.9,6.2,1
SHP-10549,Shenzhen Silicon Ltd,Tier-2,Automotive Assemblies,"Munich, DE","Frankfurt, DE",Ocean Intermodal,25.7,2677.44,380,250,0.267,13422.7,0.057,0.541,1.9111,1.52,0.0391,30.8,5.1,1
SHP-10550,Bavaria Logistics Parts,Tier-1,Automotive Assemblies,"Taipei, TW","Frankfurt, DE",Ocean Intermodal,30.5,1798.26,127,250,0.039,7887.1,0.269,0.21,3.8622,0.508,0.0587,30.5,0.0,0
SHP-10551,Delta Industrial Supplies,Tier-2,Semiconductors & Electronics,"Taipei, TW","Dallas, US",Ocean Intermodal,24.4,2663.94,1415,250,0.255,13478.8,0.501,0.15,1.8093,5.66,0.0943,29.6,5.2,1
SHP-10552,Delta Industrial Supplies,Tier-2,Automotive Assemblies,"Busan, KR","Singapore, SG",Standard Ground,6.1,23376.87,967,2000,0.292,796.6,0.47,0.587,7.5995,0.4835,0.3563,8.3,2.2,1
SHP-10553,Delta Industrial Supplies,Tier-2,Pharmaceuticals,"Chicago, US","Frankfurt, DE",Standard Ground,12.8,668.51,1024,50,0.266,3215.3,0.114,0.736,3.9885,20.48,0.1062,12.8,0.0,0
SHP-10554,Nordic Raw Materials,Tier-1,Pharmaceuticals,"Chicago, US","Los Angeles, US",Standard Ground,8.5,3856.14,547,250,0.044,2310.3,0.611,0.549,3.6801,2.188,0.3501,8.5,0.0,0
SHP-10555,Bavaria Logistics Parts,Tier-1,Consumer Electronics,"Munich, DE","Singapore, SG",Air Freight,7.4,5127.64,1330,100,0.056,6466.8,0.352,0.521,1.1478,13.3,0.1937,7.4,0.0,0
SHP-10556,Bavaria Logistics Parts,Tier-1,Industrial Machinery,"Chicago, US","Singapore, SG",Standard Ground,12.7,1088.13,210,50,0.067,2628.0,0.229,0.491,4.8292,4.2,0.12,12.7,0.0,0
SHP-10557,Shenzhen Silicon Ltd,Tier-2,Pharmaceuticals,"Munich, DE","Los Angeles, US",Ocean Intermodal,31.8,2179.01,1420,250,0.171,7850.6,0.405,0.352,4.047,5.68,0.167,31.8,0.0,0
SHP-10558,Shenzhen Silicon Ltd,Tier-2,Consumer Electronics,"Taipei, TW","Los Angeles, US",Air Freight,3.6,1582.48,911,50,0.249,6699.1,0.34,0.126,0.5395,18.22,0.0535,3.6,0.0,0
SHP-10559,Shenzhen Silicon Ltd,Tier-2,Semiconductors & Electronics,"Busan, KR","Frankfurt, DE",Express Carrier,3.5,3018.47,789,50,0.249,3833.4,0.32,0.478,0.9095,15.78,0.191,3.5,0.0,0
SHP-10560,TransPacific Freight,Tier-3,Pharmaceuticals,"Tokyo, JP","Rotterdam, NL",Ocean Intermodal,29.9,6241.99,129,1000,0.389,8057.6,0.377,0.393,3.7122,0.129,0.2057,34.5,4.6,1
SHP-10561,Nordic Raw Materials,Tier-1,Automotive Assemblies,"Shenzhen, CN","Los Angeles, US",Ocean Intermodal,18.8,416.36,1152,50,0.01,7456.3,0.222,0.263,2.5279,23.04,0.059,18.8,0.0,0
SHP-10562,GlobalTech Micro,Tier-1,Semiconductors & Electronics,"Busan, KR","Dallas, US",Express Carrier,2.1,12849.36,1033,250,0.081,7319.5,0.136,0.233,0.2832,4.132,0.0342,2.1,0.0,0
SHP-10563,Nordic Raw Materials,Tier-1,Consumer Electronics,"Munich, DE","Los Angeles, US",Ocean Intermodal,18.7,3412.25,1429,500,0.103,8510.4,0.611,0.291,2.2021,2.858,0.1961,18.7,0.0,0
SHP-10564,Shenzhen Silicon Ltd,Tier-2,Automotive Assemblies,"Busan, KR","Frankfurt, DE",Standard Ground,12.3,4964.4,192,500,0.347,1346.7,0.191,0.116,9.1455,0.384,0.0298,12.3,0.0,0
SHP-10565,Nordic Raw Materials,Tier-1,Automotive Assemblies,"Chicago, US","Rotterdam, NL",Standard Ground,7.3,837.51,606,50,0.148,709.4,0.637,0.22,10.295,12.12,0.1608,7.3,0.0,0
SHP-10566,Bavaria Logistics Parts,Tier-1,Automotive Assemblies,"Taipei, TW","Singapore, SG",Standard Ground,11.7,1105.81,494,100,0.077,1077.6,0.066,0.632,10.8632,4.94,0.0449,11.7,0.0,0
SHP-10567,GlobalTech Micro,Tier-1,Consumer Electronics,"Munich, DE","Los Angeles, US",Standard Ground,12.7,1893.98,1224,100,0.019,2100.0,0.594,0.582,6.058,12.24,0.3523,12.7,0.0,0
SHP-10568,Bavaria Logistics Parts,Tier-1,Industrial Machinery,"Shenzhen, CN","Dallas, US",Standard Ground,6.0,1293.89,1294,100,0.01,525.0,0.085,0.374,11.4143,12.94,0.0321,6.0,0.0,0
SHP-10569,Bavaria Logistics Parts,Tier-1,Pharmaceuticals,"Shenzhen, CN","Los Angeles, US",Air Freight,6.7,11553.74,452,250,0.088,9361.6,0.393,0.604,0.7118,1.808,0.2583,11.9,5.2,1
SHP-10570,Bavaria Logistics Parts,Tier-1,Pharmaceuticals,"Munich, DE","Singapore, SG",Standard Ground,7.0,1867.62,1387,100,0.019,2209.1,0.677,0.352,3.1661,13.87,0.2428,7.0,0.0,0
SHP-10571,Delta Industrial Supplies,Tier-2,Automotive Assemblies,"Munich, DE","Singapore, SG",Air Freight,3.5,1741.54,910,50,0.233,10227.2,0.514,0.493,0.339,18.2,0.3125,9.9,6.4,1
SHP-10572,FastTrack Assembly Co,Tier-2,Pharmaceuticals,"Busan, KR","Los Angeles, US",Ocean Intermodal,18.3,10653.07,167,1000,0.322,13374.3,0.34,0.19,1.3647,0.167,0.0854,26.3,8.0,1
SHP-10573,GlobalTech Micro,Tier-1,Pharmaceuticals,"Chicago, US","Frankfurt, DE",Air Freight,3.0,5161.95,403,100,0.141,5357.8,0.082,0.632,0.5601,4.03,0.0591,3.0,0.0,0
SHP-10574,Bavaria Logistics Parts,Tier-1,Industrial Machinery,"Munich, DE","Dallas, US",Ocean Intermodal,34.6,2512.08,1067,250,0.081,7455.3,0.458,0.297,4.6373,4.268,0.147,34.6,0.0,0
SHP-10575,Nordic Raw Materials,Tier-1,Consumer Electronics,"Chicago, US","Singapore, SG",Standard Ground,5.0,2239.32,396,250,0.115,3112.7,0.636,0.286,1.6183,1.584,0.2028,5.0,0.0,0
SHP-10576,Delta Industrial Supplies,Tier-2,Pharmaceuticals,"Shenzhen, CN","Singapore, SG",Standard Ground,13.3,1982.79,445,100,0.289,3078.6,0.282,0.474,4.3271,4.45,0.1723,13.3,0.0,0
SHP-10577,Apex Auto Components,Tier-1,Consumer Electronics,"Shenzhen, CN","Frankfurt, DE",Ocean Intermodal,31.5,2324.04,947,250,0.017,13286.8,0.288,0.601,2.3694,3.788,0.176,34.6,3.1,1
SHP-10578,TransPacific Freight,Tier-3,Semiconductors & Electronics,"Chicago, US","Dallas, US",Ocean Intermodal,24.7,1097.38,1422,100,0.395,7750.1,0.188,0.243,3.1818,14.22,0.0637,24.7,0.0,0
SHP-10579,Apex Auto Components,Tier-1,Semiconductors & Electronics,"Munich, DE","Rotterdam, NL",Standard Ground,12.1,9556.87,1317,1000,0.105,2077.5,0.242,0.265,5.8358,1.317,0.0709,12.1,0.0,0
SHP-10580,TransPacific Freight,Tier-3,Consumer Electronics,"Busan, KR","Dallas, US",Standard Ground,5.2,6508.09,1141,500,0.392,2503.0,0.274,0.568,2.092,2.282,0.2167,8.2,3.0,1
SHP-10581,Apex Auto Components,Tier-1,Automotive Assemblies,"Busan, KR","Dallas, US",Ocean Intermodal,21.8,1202.85,231,250,0.055,9830.6,0.084,0.163,2.2224,0.924,0.0144,21.8,0.0,0
SHP-10582,Bavaria Logistics Parts,Tier-1,Automotive Assemblies,"Taipei, TW","Rotterdam, NL",Air Freight,5.8,3908.11,416,100,0.02,8689.9,0.29,0.434,0.6639,4.16,0.1284,5.8,0.0,0
SHP-10583,GlobalTech Micro,Tier-1,Pharmaceuticals,"Taipei, TW","Rotterdam, NL",Standard Ground,13.8,1979.27,480,100,0.144,1285.9,0.137,0.611,10.7432,4.8,0.0958,13.8,0.0,0
SHP-10584,FastTrack Assembly Co,Tier-2,Industrial Machinery,"Busan, KR","Dallas, US",Air Freight,4.5,5593.37,378,100,0.227,11021.1,0.383,0.079,0.4082,3.78,0.0371,4.5,0.0,0
SHP-10585,Delta Industrial Supplies,Tier-2,Industrial Machinery,"Chicago, US","Rotterdam, NL",Standard Ground,10.5,2577.97,353,250,0.21,2913.6,0.14,0.387,3.6174,1.412,0.0655,10.5,0.0,0
SHP-10586,Nordic Raw Materials,Tier-1,Industrial Machinery,"Chicago, US","Rotterdam, NL",Standard Ground,8.5,2701.31,385,250,0.176,732.9,0.722,0.039,11.6314,1.54,0.0331,8.5,0.0,0
SHP-10587,Delta Industrial Supplies,Tier-2,Semiconductors & Electronics,"Taipei, TW","Frankfurt, DE",Ocean Intermodal,28.3,1016.31,847,100,0.207,7266.0,0.209,0.181,3.894,8.47,0.0457,28.3,0.0,0
SHP-10588,Shenzhen Silicon Ltd,Tier-2,Semiconductors & Electronics,"Taipei, TW","Frankfurt, DE",Standard Ground,13.2,4675.87,1005,250,0.28,3056.0,0.314,0.209,4.3254,4.02,0.084,13.2,0.0,0
SHP-10589,Delta Industrial Supplies,Tier-2,Automotive Assemblies,"Munich, DE","Los Angeles, US",Standard Ground,8.0,2692.41,599,250,0.192,2149.7,0.149,0.234,3.7115,2.396,0.0415,8.0,0.0,0
SHP-10590,GlobalTech Micro,Tier-1,Consumer Electronics,"Chicago, US","Singapore, SG",Standard Ground,13.9,717.87,1175,50,0.147,1501.1,0.516,0.413,9.2784,23.5,0.2445,13.9,0.0,0
SHP-10591,Bavaria Logistics Parts,Tier-1,Consumer Electronics,"Shenzhen, CN","Rotterdam, NL",Standard Ground,10.5,9606.49,162,1000,0.057,1589.7,0.235,0.297,6.6022,0.162,0.0738,10.5,0.0,0
SHP-10592,Bavaria Logistics Parts,Tier-1,Pharmaceuticals,"Chicago, US","Frankfurt, DE",Air Freight,6.9,9294.34,1337,250,0.118,8783.1,0.118,0.419,0.7857,5.348,0.0553,6.9,0.0,0
SHP-10593,Delta Industrial Supplies,Tier-2,Pharmaceuticals,"Chicago, US","Los Angeles, US",Standard Ground,11.0,4269.2,67,500,0.131,1768.6,0.487,0.399,6.2339,0.134,0.2198,11.0,0.0,0
SHP-10594,Delta Industrial Supplies,Tier-2,Consumer Electronics,"Shenzhen, CN","Frankfurt, DE",Standard Ground,5.8,5253.11,1054,500,0.267,885.8,0.529,0.51,6.5736,2.108,0.3419,5.8,0.0,0
SHP-10595,Bavaria Logistics Parts,Tier-1,Semiconductors & Electronics,"Tokyo, JP","Los Angeles, US",Express Carrier,3.6,18481.02,1195,250,0.01,3354.9,0.564,0.311,1.0853,4.78,0.1772,3.6,0.0,0
SHP-10596,GlobalTech Micro,Tier-1,Semiconductors & Electronics,"Tokyo, JP","Singapore, SG",Air Freight,7.8,4708.33,956,100,0.151,10795.8,0.319,0.347,0.7185,9.56,0.1274,7.8,0.0,0
SHP-10597,GlobalTech Micro,Tier-1,Semiconductors & Electronics,"Shenzhen, CN","Singapore, SG",Ocean Intermodal,30.5,701.78,974,100,0.212,11098.4,0.664,0.56,2.7509,9.74,0.4506,34.3,3.8,1
SHP-10598,Delta Industrial Supplies,Tier-2,Pharmaceuticals,"Tokyo, JP","Dallas, US",Standard Ground,11.4,4295.09,1066,250,0.228,3059.5,0.643,0.636,3.7376,4.264,0.502,16.3,4.9,1
SHP-10599,TransPacific Freight,Tier-3,Pharmaceuticals,"Shenzhen, CN","Frankfurt, DE",Air Freight,5.4,3894.12,940,100,0.4,11639.1,0.269,0.405,0.4654,9.4,0.1525,10.5,5.1,1
SHP-10600,Delta Industrial Supplies,Tier-2,Pharmaceuticals,"Tokyo, JP","Frankfurt, DE",Ocean Intermodal,19.5,10059.07,1456,1000,0.268,9508.1,0.673,0.789,2.0466,1.456,0.6735,27.6,8.1,1
SHP-10601,Nordic Raw Materials,Tier-1,Automotive Assemblies,"Busan, KR","Frankfurt, DE",Ocean Intermodal,25.3,1290.85,606,250,0.141,9806.6,0.347,0.586,2.5823,2.424,0.2319,31.4,6.1,1
SHP-10602,Shenzhen Silicon Ltd,Tier-2,Pharmaceuticals,"Chicago, US","Los Angeles, US",Express Carrier,4.3,34509.29,73,500,0.301,5252.6,0.176,0.338,0.818,0.146,0.0774,7.5,3.2,1
SHP-10603,TransPacific Freight,Tier-3,Automotive Assemblies,"Chicago, US","Los Angeles, US",Ocean Intermodal,32.3,2498.63,68,250,0.41,7381.8,0.283,0.285,4.378,0.272,0.1137,36.0,3.7,1
SHP-10604,Bavaria Logistics Parts,Tier-1,Consumer Electronics,"Taipei, TW","Frankfurt, DE",Standard Ground,7.3,2545.9,1035,250,0.087,1153.2,0.428,0.11,6.3395,4.14,0.0512,7.3,0.0,0
SHP-10605,Apex Auto Components,Tier-1,Industrial Machinery,"Munich, DE","Singapore, SG",Air Freight,6.4,26441.63,1354,500,0.102,7289.3,0.211,0.841,0.873,2.708,0.1955,9.8,3.4,1
SHP-10606,TransPacific Freight,Tier-3,Industrial Machinery,"Munich, DE","Singapore, SG",Air Freight,3.4,19444.47,823,500,0.462,5282.8,0.099,0.55,0.6488,1.646,0.0796,9.6,6.2,1
SHP-10607,FastTrack Assembly Co,Tier-2,Pharmaceuticals,"Tokyo, JP","Dallas, US",Air Freight,4.9,13623.59,925,250,0.297,7766.1,0.527,0.174,0.6364,3.7,0.119,4.9,0.0,0
SHP-10608,Shenzhen Silicon Ltd,Tier-2,Semiconductors & Electronics,"Tokyo, JP","Frankfurt, DE",Express Carrier,2.7,49498.73,883,1000,0.277,3858.6,0.57,0.172,0.7052,0.883,0.1252,2.7,0.0,0
SHP-10609,GlobalTech Micro,Tier-1,Semiconductors & Electronics,"Munich, DE","Frankfurt, DE",Air Freight,8.0,9502.41,290,250,0.146,10112.0,0.275,0.47,0.7871,1.16,0.1481,10.9,2.9,1
SHP-10610,TransPacific Freight,Tier-3,Automotive Assemblies,"Munich, DE","Dallas, US",Standard Ground,12.9,3500.26,751,250,0.424,2656.6,0.591,0.336,4.8499,3.004,0.2828,15.6,2.7,1
SHP-10611,Nordic Raw Materials,Tier-1,Consumer Electronics,"Shenzhen, CN","Frankfurt, DE",Standard Ground,10.6,1885.58,1088,100,0.162,3038.2,0.485,0.385,3.4758,10.88,0.217,10.6,0.0,0
SHP-10612,GlobalTech Micro,Tier-1,Automotive Assemblies,"Tokyo, JP","Dallas, US",Standard Ground,12.2,1564.02,279,100,0.139,1042.9,0.15,0.478,11.6742,2.79,0.0817,12.2,0.0,0
SHP-10613,FastTrack Assembly Co,Tier-2,Semiconductors & Electronics,"Tokyo, JP","Singapore, SG",Ocean Intermodal,32.1,1061.78,365,100,0.354,12680.2,0.109,0.094,2.5303,3.65,0.0139,32.1,0.0,0
SHP-10614,Delta Industrial Supplies,Tier-2,Consumer Electronics,"Shenzhen, CN","Los Angeles, US",Ocean Intermodal,26.8,687.74,78,100,0.222,10816.7,0.238,0.369,2.4756,0.78,0.1074,32.4,5.6,1
SHP-10615,GlobalTech Micro,Tier-1,Consumer Electronics,"Taipei, TW","Singapore, SG",Ocean Intermodal,25.4,12582.72,284,2000,0.076,10800.3,0.245,0.25,2.3487,0.142,0.0659,25.4,0.0,0
SHP-10616,Delta Industrial Supplies,Tier-2,Consumer Electronics,"Busan, KR","Singapore, SG",Standard Ground,7.3,7351.08,474,500,0.193,908.5,0.467,0.718,7.9836,0.948,0.4,11.4,4.1,1
SHP-10617,TransPacific Freight,Tier-3,Automotive Assemblies,"Tokyo, JP","Singapore, SG",Ocean Intermodal,26.2,1060.63,909,100,0.409,9265.6,0.278,0.555,2.8257,9.09,0.2174,31.3,5.1,1
SHP-10618,GlobalTech Micro,Tier-1,Pharmaceuticals,"Chicago, US","Rotterdam, NL",Ocean Intermodal,31.5,1022.91,857,100,0.196,8042.0,0.57,0.103,3.9149,8.57,0.0702,31.5,0.0,0
SHP-10619,Apex Auto Components,Tier-1,Semiconductors & Electronics,"Taipei, TW","Rotterdam, NL",Express Carrier,3.5,33730.77,541,500,0.046,5225.6,0.055,0.723,0.6651,1.082,0.0416,3.5,0.0,0
SHP-10620,Apex Auto Components,Tier-1,Industrial Machinery,"Shenzhen, CN","Los Angeles, US",Ocean Intermodal,34.3,2097.8,347,250,0.159,7527.5,0.361,0.285,4.5556,1.388,0.1193,34.3,0.0,0
SHP-10621,Apex Auto Components,Tier-1,Semiconductors & Electronics,"Chicago, US","Frankfurt, DE",Air Freight,5.1,14017.93,335,250,0.03,7402.7,0.223,0.545,0.6927,1.34,0.1251,5.1,0.0,0
SHP-10622,GlobalTech Micro,Tier-1,Automotive Assemblies,"Shenzhen, CN","Rotterdam, NL",Air Freight,4.9,2577.51,359,50,0.121,7998.6,0.438,0.364,0.6173,7.18,0.1787,4.9,0.0,0
SHP-10623,Shenzhen Silicon Ltd,Tier-2,Industrial Machinery,"Busan, KR","Dallas, US",Ocean Intermodal,19.1,8431.62,1072,1000,0.305,11352.0,0.398,0.732,1.6828,1.072,0.3802,24.7,5.6,1
SHP-10624,Nordic Raw Materials,Tier-1,Semiconductors & Electronics,"Chicago, US","Los Angeles, US",Ocean Intermodal,34.6,594.23,904,100,0.105,10167.0,0.378,0.598,3.4033,9.04,0.2497,37.4,2.8,1
SHP-10625,GlobalTech Micro,Tier-1,Automotive Assemblies,"Busan, KR","Dallas, US",Standard Ground,8.1,19105.04,58,1000,0.103,3262.7,0.41,0.368,2.4813,0.058,0.1664,8.1,0.0,0
SHP-10626,TransPacific Freight,Tier-3,Automotive Assemblies,"Munich, DE","Dallas, US",Standard Ground,8.3,4278.74,1471,500,0.431,3343.0,0.172,0.465,2.4882,2.942,0.1144,8.3,0.0,0
SHP-10627,FastTrack Assembly Co,Tier-2,Consumer Electronics,"Munich, DE","Rotterdam, NL",Air Freight,6.4,2470.12,108,50,0.288,11626.3,0.343,0.134,0.5485,2.16,0.0592,9.1,2.7,1
SHP-10628,Bavaria Logistics Parts,Tier-1,Automotive Assemblies,"Shenzhen, CN","Frankfurt, DE",Air Freight,6.2,29481.9,306,500,0.011,7421.5,0.365,0.275,0.8362,0.612,0.1015,6.2,0.0,0
SHP-10629,Nordic Raw Materials,Tier-1,Industrial Machinery,"Shenzhen, CN","Rotterdam, NL",Ocean Intermodal,21.3,3228.65,862,250,0.15,9017.5,0.29,0.647,2.3625,3.448,0.2157,25.2,3.9,1
SHP-10630,Delta Industrial Supplies,Tier-2,Pharmaceuticals,"Munich, DE","Dallas, US",Standard Ground,12.9,6034.75,569,500,0.229,3068.9,0.365,0.26,4.2177,1.138,0.1167,12.9,0.0,0
SHP-10631,TransPacific Freight,Tier-3,Consumer Electronics,"Chicago, US","Rotterdam, NL",Air Freight,4.0,26261.07,970,500,0.451,6411.4,0.336,0.12,0.6246,1.94,0.0585,4.0,0.0,0
SHP-10632,GlobalTech Micro,Tier-1,Pharmaceuticals,"Tokyo, JP","Rotterdam, NL",Ocean Intermodal,33.5,2126.15,297,250,0.108,11846.4,0.525,0.435,2.8274,1.188,0.2532,37.3,3.8,1
SHP-10633,Nordic Raw Materials,Tier-1,Consumer Electronics,"Tokyo, JP","Singapore, SG",Ocean Intermodal,26.0,13671.75,790,2000,0.165,10228.9,0.377,0.188,2.545,0.395,0.0826,29.2,3.2,1
SHP-10634,Delta Industrial Supplies,Tier-2,Pharmaceuticals,"Shenzhen, CN","Dallas, US",Air Freight,4.6,6851.23,323,250,0.292,4792.5,0.714,0.114,0.9586,1.292,0.1052,8.8,4.2,1
SHP-10635,TransPacific Freight,Tier-3,Consumer Electronics,"Busan, KR","Los Angeles, US",Air Freight,3.9,21502.02,155,500,0.462,4892.8,0.848,0.144,0.8044,0.31,0.1785,10.8,6.9,1
SHP-10636,Shenzhen Silicon Ltd,Tier-2,Industrial Machinery,"Busan, KR","Dallas, US",Air Freight,7.3,5060.99,504,100,0.26,5186.4,0.411,0.25,1.403,5.04,0.1295,7.3,0.0,0
SHP-10637,Apex Auto Components,Tier-1,Automotive Assemblies,"Chicago, US","Singapore, SG",Standard Ground,12.4,4400.73,1027,500,0.118,1797.0,0.197,0.154,6.9263,2.054,0.0339,12.4,0.0,0
SHP-10638,Delta Industrial Supplies,Tier-2,Pharmaceuticals,"Busan, KR","Rotterdam, NL",Ocean Intermodal,21.2,1258.61,892,100,0.258,7256.0,0.263,0.531,2.9175,8.92,0.1757,21.2,0.0,0
SHP-10639,Bavaria Logistics Parts,Tier-1,Pharmaceuticals,"Taipei, TW","Dallas, US",Air Freight,4.9,20559.35,82,500,0.085,6823.0,0.508,0.325,0.7149,0.164,0.1791,7.8,2.9,1
SHP-10640,FastTrack Assembly Co,Tier-2,Automotive Assemblies,"Shenzhen, CN","Los Angeles, US",Standard Ground,9.8,4743.68,968,250,0.341,1140.3,0.623,0.408,8.6183,3.872,0.3409,9.8,0.0,0
SHP-10641,Shenzhen Silicon Ltd,Tier-2,Semiconductors & Electronics,"Taipei, TW","Rotterdam, NL",Air Freight,6.4,9530.49,698,250,0.264,8531.1,0.478,0.161,0.7511,2.792,0.0972,6.4,0.0,0
SHP-10642,TransPacific Freight,Tier-3,Consumer Electronics,"Taipei, TW","Los Angeles, US",Ocean Intermodal,24.1,634.65,497,50,0.447,9749.3,0.771,0.46,2.468,9.94,0.5132,32.0,7.9,1
SHP-10643,Bavaria Logistics Parts,Tier-1,Semiconductors & Electronics,"Shenzhen, CN","Frankfurt, DE",Standard Ground,12.1,1584.48,1316,100,0.027,1192.3,0.417,0.276,10.1645,13.16,0.1182,12.1,0.0,0
SHP-10644,GlobalTech Micro,Tier-1,Automotive Assemblies,"Shenzhen, CN","Rotterdam, NL",Air Freight,7.7,9356.74,766,250,0.129,10504.9,0.504,0.475,0.7332,3.064,0.2703,12.1,4.4,1
SHP-10645,Bavaria Logistics Parts,Tier-1,Industrial Machinery,"Shenzhen, CN","Rotterdam, NL",Air Freight,6.7,4141.67,934,100,0.033,6967.1,0.479,0.495,0.9548,9.34,0.245,6.7,0.0,0
SHP-10646,GlobalTech Micro,Tier-1,Semiconductors & Electronics,"Taipei, TW","Rotterdam, NL",Standard Ground,9.6,4329.66,502,250,0.16,2678.9,0.239,0.534,3.5834,2.008,0.148,9.6,0.0,0
SHP-10647,FastTrack Assembly Co,Tier-2,Semiconductors & Electronics,"Taipei, TW","Singapore, SG",Express Carrier,4.9,24350.2,1290,500,0.23,4348.0,0.137,0.279,1.1223,2.58,0.047,4.9,0.0,0
SHP-10648,TransPacific Freight,Tier-3,Pharmaceuticals,"Chicago, US","Frankfurt, DE",Ocean Intermodal,20.9,3788.24,77,500,0.401,13253.4,0.095,0.709,1.5787,0.154,0.0943,27.4,6.5,1
SHP-10649,TransPacific Freight,Tier-3,Pharmaceuticals,"Munich, DE","Los Angeles, US",Standard Ground,5.8,4278.31,61,250,0.451,580.3,0.17,0.637,10.0417,0.244,0.1571,10.2,4.4,1
SHP-10650,Nordic Raw Materials,Tier-1,Semiconductors & Electronics,"Shenzhen, CN","Frankfurt, DE",Air Freight,7.6,7288.25,1077,250,0.117,7007.1,0.127,0.538,1.0901,4.308,0.0763,7.6,0.0,0
SHP-10651,TransPacific Freight,Tier-3,Pharmaceuticals,"Busan, KR","Los Angeles, US",Ocean Intermodal,25.9,1471.86,441,100,0.361,10847.7,0.213,0.517,2.3912,4.41,0.1499,28.4,2.5,1
SHP-10652,TransPacific Freight,Tier-3,Semiconductors & Electronics,"Chicago, US","Rotterdam, NL",Air Freight,3.9,13945.83,114,250,0.392,11873.1,0.287,0.247,0.3314,0.456,0.0986,10.2,6.3,1
SHP-10653,Apex Auto Components,Tier-1,Consumer Electronics,"Taipei, TW","Dallas, US",Standard Ground,9.6,2406.43,921,250,0.01,772.7,0.545,0.12,12.4664,3.684,0.0661,9.6,0.0,0
SHP-10654,Apex Auto Components,Tier-1,Pharmaceuticals,"Tokyo, JP","Rotterdam, NL",Standard Ground,11.0,1221.94,346,100,0.049,3406.0,0.534,0.495,3.2441,3.46,0.2774,11.0,0.0,0
SHP-10655,Bavaria Logistics Parts,Tier-1,Consumer Electronics,"Tokyo, JP","Singapore, SG",Standard Ground,6.8,3561.96,76,250,0.036,1060.1,0.184,0.209,6.4009,0.304,0.0398,6.8,0.0,0
SHP-10656,Bavaria Logistics Parts,Tier-1,Semiconductors & Electronics,"Shenzhen, CN","Singapore, SG",Standard Ground,5.3,1559.93,1275,100,0.01,553.4,0.71,0.406,9.5814,12.75,0.2911,5.3,0.0,0
SHP-10657,FastTrack Assembly Co,Tier-2,Pharmaceuticals,"Munich, DE","Dallas, US",Ocean Intermodal,29.7,2219.39,985,250,0.39,11290.0,0.343,0.83,2.6307,3.94,0.3958,36.8,7.1,1
SHP-10658,TransPacific Freight,Tier-3,Semiconductors & Electronics,"Taipei, TW","Frankfurt, DE",Air Freight,4.0,13965.39,1047,500,0.363,7153.1,0.495,0.412,0.5605,2.094,0.278,9.8,5.8,1
SHP-10659,GlobalTech Micro,Tier-1,Industrial Machinery,"Tokyo, JP","Los Angeles, US",Standard Ground,12.6,7259.8,310,500,0.132,3048.6,0.325,0.558,4.1308,0.62,0.2052,12.6,0.0,0
SHP-10660,Delta Industrial Supplies,Tier-2,Semiconductors & Electronics,"Taipei, TW","Frankfurt, DE",Standard Ground,12.8,3436.56,1148,250,0.241,719.0,0.197,0.575,17.7847,4.592,0.1406,12.8,0.0,0
SHP-10661,FastTrack Assembly Co,Tier-2,Industrial Machinery,"Munich, DE","Dallas, US",Ocean Intermodal,25.9,1142.4,368,100,0.288,7592.7,0.196,0.421,3.4108,3.68,0.1063,25.9,0.0,0
SHP-10662,Shenzhen Silicon Ltd,Tier-2,Consumer Electronics,"Taipei, TW","Los Angeles, US",Air Freight,6.2,9653.83,1297,250,0.265,11507.0,0.116,0.517,0.5381,5.188,0.0758,8.5,2.3,1
SHP-10663,GlobalTech Micro,Tier-1,Consumer Electronics,"Shenzhen, CN","Los Angeles, US",Standard Ground,9.4,2424.2,873,250,0.144,2871.8,0.33,0.278,3.2771,3.492,0.1049,9.4,0.0,0
SHP-10664,Shenzhen Silicon Ltd,Tier-2,Industrial Machinery,"Munich, DE","Rotterdam, NL",Express Carrier,2.8,22160.65,1055,500,0.266,3686.2,0.261,0.336,0.7561,2.11,0.111,2.8,0.0,0
SHP-10665,Apex Auto Components,Tier-1,Consumer Electronics,"Busan, KR","Frankfurt, DE",Standard Ground,6.1,1441.28,1218,100,0.065,2894.5,0.542,0.725,2.1229,12.18,0.4185,6.1,0.0,0
SHP-10666,GlobalTech Micro,Tier-1,Pharmaceuticals,"Chicago, US","Singapore, SG",Express Carrier,2.7,2929.15,628,50,0.099,5593.9,0.491,0.44,0.4871,12.56,0.2374,2.7,0.0,0
SHP-10667,GlobalTech Micro,Tier-1,Industrial Machinery,"Tokyo, JP","Los Angeles, US",Standard Ground,5.2,8533.08,646,500,0.144,1634.4,0.121,0.827,3.1997,1.292,0.1144,5.2,0.0,0
SHP-10668,Shenzhen Silicon Ltd,Tier-2,Automotive Assemblies,"Tokyo, JP","Singapore, SG",Express Carrier,2.9,60867.88,633,1000,0.281,6694.6,0.166,0.532,0.4373,0.633,0.1131,7.4,4.5,1
SHP-10669,Delta Industrial Supplies,Tier-2,Pharmaceuticals,"Shenzhen, CN","Rotterdam, NL",Air Freight,5.2,17153.66,1152,500,0.232,4142.4,0.347,0.639,1.2555,2.304,0.2732,10.8,5.6,1
SHP-10670,Apex Auto Components,Tier-1,Automotive Assemblies,"Busan, KR","Dallas, US",Standard Ground,10.2,5001.58,1132,250,0.105,917.6,0.628,0.322,11.1399,4.528,0.2234,10.2,0.0,0
SHP-10671,FastTrack Assembly Co,Tier-2,Consumer Electronics,"Busan, KR","Rotterdam, NL",Standard Ground,6.9,1779.51,1315,100,0.355,2451.0,0.05,0.167,2.8129,13.15,0.0113,6.9,0.0,0
SHP-10672,FastTrack Assembly Co,Tier-2,Industrial Machinery,"Tokyo, JP","Frankfurt, DE",Ocean Intermodal,30.2,4815.01,1125,1000,0.263,7819.3,0.061,0.527,3.8569,1.125,0.0406,33.3,3.1,1
SHP-10673,Delta Industrial Supplies,Tier-2,Industrial Machinery,"Munich, DE","Frankfurt, DE",Ocean Intermodal,23.7,5119.36,932,500,0.286,13293.9,0.381,0.604,1.7864,1.864,0.2959,31.0,7.3,1
SHP-10674,TransPacific Freight,Tier-3,Industrial Machinery,"Busan, KR","Dallas, US",Standard Ground,5.7,769.67,852,50,0.393,1302.7,0.374,0.372,4.3394,17.04,0.1938,5.7,0.0,0
SHP-10675,GlobalTech Micro,Tier-1,Automotive Assemblies,"Busan, KR","Dallas, US",Standard Ground,13.7,5106.44,450,500,0.073,557.9,0.127,0.176,24.5347,0.9,0.024,13.7,0.0,0
SHP-10676,Shenzhen Silicon Ltd,Tier-2,Automotive Assemblies,"Shenzhen, CN","Los Angeles, US",Standard Ground,8.7,1584.69,87,100,0.295,1366.5,0.195,0.354,6.3528,0.87,0.0894,8.7,0.0,0
SHP-10677,GlobalTech Micro,Tier-1,Consumer Electronics,"Taipei, TW","Los Angeles, US",Air Freight,7.9,104212.37,795,2000,0.185,7248.1,0.291,0.642,1.0932,0.3975,0.2214,13.1,5.2,1
SHP-10678,TransPacific Freight,Tier-3,Automotive Assemblies,"Chicago, US","Frankfurt, DE",Ocean Intermodal,24.5,2410.34,1456,250,0.435,9241.5,0.118,0.058,2.6524,5.824,0.0098,24.5,0.0,0
SHP-10679,Apex Auto Components,Tier-1,Pharmaceuticals,"Shenzhen, CN","Los Angeles, US",Ocean Intermodal,29.9,1238.22,480,100,0.052,13265.2,0.072,0.301,2.2532,4.8,0.0228,29.9,0.0,0
SHP-10680,GlobalTech Micro,Tier-1,Industrial Machinery,"Munich, DE","Singapore, SG",Ocean Intermodal,21.0,760.23,243,100,0.01,10271.1,0.108,0.076,2.0428,2.43,0.0083,21.0,0.0,0
SHP-10681,TransPacific Freight,Tier-3,Pharmaceuticals,"Chicago, US","Rotterdam, NL",Ocean Intermodal,21.8,2188.36,1460,250,0.425,10926.5,0.45,0.481,1.9965,5.84,0.3085,28.5,6.7,1
SHP-10682,Nordic Raw Materials,Tier-1,Industrial Machinery,"Chicago, US","Singapore, SG",Ocean Intermodal,19.2,2241.2,500,250,0.085,11988.2,0.237,0.368,1.6001,2.0,0.0946,19.2,0.0,0
SHP-10683,GlobalTech Micro,Tier-1,Pharmaceuticals,"Busan, KR","Los Angeles, US",Air Freight,5.8,10155.77,1455,250,0.156,6777.3,0.101,0.178,0.8572,5.82,0.0208,5.8,0.0,0
SHP-10684,Nordic Raw Materials,Tier-1,Semiconductors & Electronics,"Busan, KR","Rotterdam, NL",Air Freight,4.3,8827.72,1067,250,0.092,6842.7,0.267,0.399,0.6259,4.268,0.1164,4.3,0.0,0
SHP-10685,Delta Industrial Supplies,Tier-2,Industrial Machinery,"Tokyo, JP","Dallas, US",Ocean Intermodal,29.7,1148.58,884,100,0.153,11828.5,0.395,0.635,2.5108,8.84,0.2892,35.6,5.9,1
SHP-10686,Bavaria Logistics Parts,Tier-1,Pharmaceuticals,"Chicago, US","Rotterdam, NL",Standard Ground,6.6,3731.11,823,250,0.088,2529.2,0.289,0.605,2.601,3.292,0.1902,6.6,0.0,0
SHP-10687,FastTrack Assembly Co,Tier-2,Industrial Machinery,"Shenzhen, CN","Dallas, US",Air Freight,7.7,27327.41,662,1000,0.232,5675.4,0.365,0.616,1.3645,0.662,0.2771,12.9,5.2,1
SHP-10688,GlobalTech Micro,Tier-1,Semiconductors & Electronics,"Munich, DE","Rotterdam, NL",Ocean Intermodal,19.2,5679.86,405,500,0.148,11825.4,0.44,0.454,1.6224,0.81,0.2294,24.8,5.6,1
SHP-10689,Nordic Raw Materials,Tier-1,Consumer Electronics,"Tokyo, JP","Rotterdam, NL",Ocean Intermodal,29.5,2926.38,78,250,0.098,13197.9,0.36,0.653,2.2378,0.312,0.2581,36.1,6.6,1
SHP-10690,GlobalTech Micro,Tier-1,Consumer Electronics,"Busan, KR","Rotterdam, NL",Standard Ground,6.2,1140.33,494,100,0.123,914.3,0.496,0.058,6.7711,4.94,0.0323,6.2,0.0,0
SHP-10691,Bavaria Logistics Parts,Tier-1,Automotive Assemblies,"Busan, KR","Dallas, US",Air Freight,7.0,8663.13,693,250,0.065,4445.1,0.396,0.303,1.5759,2.772,0.1278,7.0,0.0,0
SHP-10692,Apex Auto Components,Tier-1,Industrial Machinery,"Taipei, TW","Los Angeles, US",Air Freight,6.3,4680.28,543,100,0.109,5491.0,0.241,0.243,1.1482,5.43,0.0649,6.3,0.0,0
SHP-10693,TransPacific Freight,Tier-3,Industrial Machinery,"Taipei, TW","Frankfurt, DE",Standard Ground,5.5,2315.95,141,250,0.426,2820.2,0.529,0.169,1.939,0.564,0.1275,9.6,4.1,1
SHP-10694,Nordic Raw Materials,Tier-1,Consumer Electronics,"Tokyo, JP","Los Angeles, US",Air Freight,7.1,11959.21,764,250,0.062,4662.4,0.113,0.153,1.5311,3.056,0.0184,7.1,0.0,0
SHP-10695,Nordic Raw Materials,Tier-1,Pharmaceuticals,"Busan, KR","Los Angeles, US",Standard Ground,11.5,6788.71,665,500,0.044,1560.6,0.384,0.265,7.353,1.33,0.1062,11.5,0.0,0
SHP-10696,FastTrack Assembly Co,Tier-2,Semiconductors & Electronics,"Busan, KR","Dallas, US",Standard Ground,8.4,1462.24,1166,100,0.289,3413.9,0.449,0.616,2.4463,11.66,0.3565,10.9,2.5,1
SHP-10697,Shenzhen Silicon Ltd,Tier-2,Automotive Assemblies,"Tokyo, JP","Singapore, SG",Standard Ground,5.4,2043.18,1132,100,0.265,1715.7,0.104,0.643,3.1238,11.32,0.0846,5.4,0.0,0
SHP-10698,Nordic Raw Materials,Tier-1,Semiconductors & Electronics,"Shenzhen, CN","Singapore, SG",Air Freight,7.4,37885.62,1147,1000,0.097,7747.3,0.312,0.311,0.9586,1.147,0.1065,7.4,0.0,0
SHP-10699,Delta Industrial Supplies,Tier-2,Pharmaceuticals,"Taipei, TW","Frankfurt, DE",Standard Ground,9.1,28786.05,136,2000,0.282,2979.1,0.497,0.359,3.0443,0.068,0.2287,11.0,1.9,1
SHP-10700,FastTrack Assembly Co,Tier-2,Automotive Assemblies,"Taipei, TW","Frankfurt, DE",Standard Ground,10.1,1802.46,1283,100,0.29,2298.9,0.411,0.31,4.3934,12.83,0.1644,10.1,0.0,0
SHP-10701,Nordic Raw Materials,Tier-1,Automotive Assemblies,"Busan, KR","Rotterdam, NL",Ocean Intermodal,29.6,1794.24,1331,250,0.067,9434.4,0.09,0.37,3.1329,5.324,0.0355,29.6,0.0,0
SHP-10702,Delta Industrial Supplies,Tier-2,Industrial Machinery,"Taipei, TW","Frankfurt, DE",Air Freight,7.9,8043.57,1492,250,0.203,6839.5,0.226,0.395,1.1569,5.968,0.1074,7.9,0.0,0
SHP-10703,Apex Auto Components,Tier-1,Automotive Assemblies,"Munich, DE","Frankfurt, DE",Ocean Intermodal,27.1,1373.46,764,100,0.058,11884.6,0.194,0.957,2.2812,7.64,0.1964,31.0,3.9,1
SHP-10704,FastTrack Assembly Co,Tier-2,Pharmaceuticals,"Taipei, TW","Singapore, SG",Ocean Intermodal,21.1,1763.22,1063,250,0.33,11218.4,0.56,0.568,1.8841,4.252,0.4231,28.6,7.5,1
SHP-10705,Nordic Raw Materials,Tier-1,Consumer Electronics,"Shenzhen, CN","Frankfurt, DE",Standard Ground,12.5,8289.94,528,500,0.11,1927.4,0.134,0.593,6.4984,1.056,0.0882,12.5,0.0,0
SHP-10706,Bavaria Logistics Parts,Tier-1,Pharmaceuticals,"Shenzhen, CN","Rotterdam, NL",Standard Ground,5.5,7517.91,110,500,0.012,3141.1,0.085,0.354,1.7393,0.22,0.0305,5.5,0.0,0
SHP-10707,Nordic Raw Materials,Tier-1,Industrial Machinery,"Busan, KR","Frankfurt, DE",Standard Ground,6.7,1300.57,983,100,0.07,2472.5,0.747,0.805,2.7238,9.83,0.6436,10.3,3.6,1
SHP-10708,TransPacific Freight,Tier-3,Automotive Assemblies,"Busan, KR","Singapore, SG",Air Freight,7.5,3324.77,564,100,0.429,11461.0,0.386,0.513,0.652,5.64,0.283,14.2,6.7,1
SHP-10709,Delta Industrial Supplies,Tier-2,Consumer Electronics,"Busan, KR","Rotterdam, NL",Standard Ground,8.9,6322.49,1391,500,0.244,808.5,0.214,0.633,10.9788,2.782,0.1685,8.9,0.0,0
SHP-10710,FastTrack Assembly Co,Tier-2,Consumer Electronics,"Shenzhen, CN","Singapore, SG",Air Freight,5.9,3033.62,637,50,0.302,4200.2,0.424,0.707,1.3936,12.74,0.3902,11.1,5.2,1
SHP-10711,Apex Auto Components,Tier-1,Pharmaceuticals,"Munich, DE","Dallas, US",Ocean Intermodal,33.0,2397.01,830,250,0.114,13693.6,0.058,0.549,2.4064,3.32,0.0355,33.0,0.0,0
SHP-10712,Nordic Raw Materials,Tier-1,Automotive Assemblies,"Shenzhen, CN","Singapore, SG",Ocean Intermodal,34.0,368.27,1250,50,0.109,12665.0,0.544,0.057,2.6835,25.0,0.0344,34.0,0.0,0
SHP-10713,Apex Auto Components,Tier-1,Pharmaceuticals,"Shenzhen, CN","Frankfurt, DE",Air Freight,7.0,5469.65,1341,100,0.01,10530.7,0.401,0.543,0.662,13.41,0.2199,7.0,0.0,0
SHP-10714,Nordic Raw Materials,Tier-1,Automotive Assemblies,"Munich, DE","Dallas, US",Ocean Intermodal,24.1,1690.94,578,250,0.115,8569.2,0.302,0.423,2.813,2.312,0.1425,24.1,0.0,0
SHP-10715,Delta Industrial Supplies,Tier-2,Consumer Electronics,"Busan, KR","Los Angeles, US",Air Freight,4.1,4043.64,387,100,0.189,10899.3,0.308,0.454,0.3729,3.87,0.1663,7.0,2.9,1
SHP-10716,TransPacific Freight,Tier-3,Pharmaceuticals,"Munich, DE","Frankfurt, DE",Air Freight,7.1,8214.85,726,250,0.457,4273.6,0.257,0.47,1.66,2.904,0.176,9.5,2.4,1
SHP-10717,TransPacific Freight,Tier-3,Pharmaceuticals,"Taipei, TW","Frankfurt, DE",Standard Ground,10.9,948.08,848,100,0.434,1070.3,0.411,0.71,10.1526,8.48,0.4185,16.2,5.3,1
SHP-10718,FastTrack Assembly Co,Tier-2,Consumer Electronics,"Busan, KR","Frankfurt, DE",Standard Ground,13.4,1635.85,677,100,0.31,1297.0,0.187,0.408,10.3483,6.77,0.1,13.4,0.0,0
SHP-10719,Apex Auto Components,Tier-1,Semiconductors & Electronics,"Busan, KR","Frankfurt, DE",Express Carrier,2.1,13413.86,485,250,0.035,7989.6,0.256,0.079,0.2688,1.94,0.0209,2.1,0.0,0
SHP-10720,Bavaria Logistics Parts,Tier-1,Pharmaceuticals,"Tokyo, JP","Frankfurt, DE",Ocean Intermodal,20.7,8273.38,1023,1000,0.031,11251.3,0.328,0.405,1.8391,1.023,0.1369,24.3,3.6,1
SHP-10721,GlobalTech Micro,Tier-1,Consumer Electronics,"Busan, KR","Dallas, US",Air Freight,7.2,3302.89,895,100,0.159,8368.4,0.822,0.222,0.8614,8.95,0.2115,10.2,3.0,1
SHP-10722,Nordic Raw Materials,Tier-1,Industrial Machinery,"Busan, KR","Los Angeles, US",Standard Ground,11.9,30736.43,434,2000,0.123,3373.7,0.367,0.807,3.5352,0.217,0.3327,17.1,5.2,1
SHP-10723,Bavaria Logistics Parts,Tier-1,Automotive Assemblies,"Shenzhen, CN","Singapore, SG",Standard Ground,5.4,4933.65,734,250,0.098,3342.6,0.187,0.631,1.607,2.936,0.1296,5.4,0.0,0
SHP-10724,Nordic Raw Materials,Tier-1,Automotive Assemblies,"Chicago, US","Dallas, US",Air Freight,7.4,2804.19,1128,50,0.129,7965.3,0.5,0.394,0.923,22.56,0.2225,7.4,0.0,0
SHP-10725,TransPacific Freight,Tier-3,Semiconductors & Electronics,"Shenzhen, CN","Los Angeles, US",Air Freight,7.7,8393.33,546,250,0.421,11561.3,0.37,0.25,0.663,2.184,0.1315,12.3,4.6,1
SHP-10726,Shenzhen Silicon Ltd,Tier-2,Automotive Assemblies,"Tokyo, JP","Rotterdam, NL",Standard Ground,10.3,1603.48,860,100,0.252,1700.4,0.207,0.224,6.0782,8.6,0.0581,10.3,0.0,0
SHP-10727,Delta Industrial Supplies,Tier-2,Automotive Assemblies,"Chicago, US","Rotterdam, NL",Air Freight,7.1,48585.92,132,1000,0.276,5733.5,0.348,0.518,1.2446,0.132,0.2299,14.7,7.6,1
SHP-10728,FastTrack Assembly Co,Tier-2,Semiconductors & Electronics,"Busan, KR","Rotterdam, NL",Express Carrier,4.3,2123.51,1238,50,0.273,2174.0,0.141,0.411,1.9836,24.76,0.0738,4.3,0.0,0
SHP-10729,Shenzhen Silicon Ltd,Tier-2,Industrial Machinery,"Busan, KR","Los Angeles, US",Air Freight,5.2,29661.01,507,500,0.245,7255.9,0.324,0.559,0.7105,1.014,0.2255,10.5,5.3,1
SHP-10730,Shenzhen Silicon Ltd,Tier-2,Automotive Assemblies,"Taipei, TW","Frankfurt, DE",Standard Ground,6.5,3070.62,451,250,0.298,2178.8,0.478,0.474,2.9814,1.804,0.2941,10.8,4.3,1
SHP-10731,Nordic Raw Materials,Tier-1,Pharmaceuticals,"Tokyo, JP","Singapore, SG",Standard Ground,8.6,8977.25,1293,500,0.126,1964.7,0.409,0.395,4.3829,2.586,0.1818,8.6,0.0,0
SHP-10732,Delta Industrial Supplies,Tier-2,Semiconductors & Electronics,"Munich, DE","Frankfurt, DE",Express Carrier,2.4,24713.36,722,500,0.228,2286.3,0.419,0.33,1.0685,1.444,0.1698,2.4,0.0,0
SHP-10733,Apex Auto Components,Tier-1,Semiconductors & Electronics,"Busan, KR","Singapore, SG",Express Carrier,2.8,6897.86,335,100,0.059,6848.1,0.291,0.559,0.4063,3.35,0.1723,2.8,0.0,0
SHP-10734,Delta Industrial Supplies,Tier-2,Pharmaceuticals,"Munich, DE","Los Angeles, US",Air Freight,3.9,4777.56,1140,100,0.271,6383.7,0.638,0.459,0.613,11.4,0.3721,7.8,3.9,1
SHP-10735,Shenzhen Silicon Ltd,Tier-2,Consumer Electronics,"Taipei, TW","Los Angeles, US",Ocean Intermodal,23.9,5572.48,1052,500,0.323,13985.2,0.164,0.126,1.7107,2.104,0.0273,27.3,3.4,1
SHP-10736,Shenzhen Silicon Ltd,Tier-2,Automotive Assemblies,"Munich, DE","Singapore, SG",Ocean Intermodal,21.3,994.08,469,100,0.226,10797.9,0.129,0.89,1.9692,4.69,0.1408,27.3,6.0,1
SHP-10737,Nordic Raw Materials,Tier-1,Automotive Assemblies,"Taipei, TW","Los Angeles, US",Air Freight,5.3,18395.46,565,500,0.078,11302.9,0.226,0.361,0.4716,1.13,0.0879,5.3,0.0,0
SHP-10738,Delta Industrial Supplies,Tier-2,Consumer Electronics,"Busan, KR","Los Angeles, US",Standard Ground,10.6,3840.41,879,250,0.21,1142.3,0.594,0.57,9.3039,3.516,0.4096,10.6,0.0,0
SHP-10739,TransPacific Freight,Tier-3,Semiconductors & Electronics,"Tokyo, JP","Singapore, SG",Standard Ground,7.0,8370.75,897,500,0.437,3278.0,0.73,0.611,2.1233,1.794,0.6408,15.4,8.4,1
SHP-10740,Apex Auto Components,Tier-1,Industrial Machinery,"Shenzhen, CN","Rotterdam, NL",Air Freight,4.0,5939.36,1114,100,0.041,10758.3,0.115,0.494,0.3698,11.14,0.0591,4.0,0.0,0
SHP-10741,Bavaria Logistics Parts,Tier-1,Semiconductors & Electronics,"Munich, DE","Dallas, US",Standard Ground,9.0,2516.23,287,250,0.059,2379.1,0.277,0.42,3.7866,1.148,0.1232,9.0,0.0,0
SHP-10742,Apex Auto Components,Tier-1,Pharmaceuticals,"Shenzhen, CN","Frankfurt, DE",Express Carrier,3.7,31618.74,100,500,0.09,6174.9,0.297,0.463,0.6059,0.2,0.1499,3.7,0.0,0
SHP-10743,Nordic Raw Materials,Tier-1,Automotive Assemblies,"Chicago, US","Frankfurt, DE",Express Carrier,3.1,35901.39,1138,500,0.087,6611.6,0.464,0.385,0.4736,2.276,0.1942,3.1,0.0,0
SHP-10744,Bavaria Logistics Parts,Tier-1,Industrial Machinery,"Chicago, US","Rotterdam, NL",Ocean Intermodal,24.6,669.75,60,100,0.029,7625.0,0.15,0.433,3.2245,0.6,0.0668,24.6,0.0,0
SHP-10745,Nordic Raw Materials,Tier-1,Consumer Electronics,"Taipei, TW","Singapore, SG",Standard Ground,13.6,4334.12,1410,250,0.128,3068.7,0.441,0.032,4.4466,5.64,0.0159,13.6,0.0,0
SHP-10746,Apex Auto Components,Tier-1,Semiconductors & Electronics,"Munich, DE","Los Angeles, US",Standard Ground,7.6,10159.45,1076,500,0.054,2944.0,0.457,0.596,2.5851,2.152,0.287,7.6,0.0,0
SHP-10747,FastTrack Assembly Co,Tier-2,Automotive Assemblies,"Taipei, TW","Frankfurt, DE",Air Freight,6.7,12260.0,403,250,0.232,9954.2,0.318,0.28,0.6761,1.612,0.1097,11.0,4.3,1
SHP-10748,TransPacific Freight,Tier-3,Semiconductors & Electronics,"Busan, KR","Rotterdam, NL",Standard Ground,7.9,2672.16,1323,250,0.461,2044.9,0.28,0.484,3.8614,5.292,0.198,7.9,0.0,0
SHP-10749,Delta Industrial Supplies,Tier-2,Semiconductors & Electronics,"Shenzhen, CN","Singapore, SG",Standard Ground,7.6,2879.99,1077,250,0.284,832.2,0.164,0.377,9.1316,4.308,0.0794,7.6,0.0,0
SHP-10750,Shenzhen Silicon Ltd,Tier-2,Industrial Machinery,"Taipei, TW","Rotterdam, NL",Air Freight,6.9,24806.15,1116,500,0.348,5680.4,0.322,0.309,1.2181,2.232,0.1342,6.9,0.0,0
SHP-10751,TransPacific Freight,Tier-3,Industrial Machinery,"Chicago, US","Singapore, SG",Air Freight,7.4,5780.96,671,100,0.437,8869.8,0.351,0.306,0.8322,6.71,0.1543,12.2,4.8,1
SHP-10752,FastTrack Assembly Co,Tier-2,Pharmaceuticals,"Munich, DE","Singapore, SG",Ocean Intermodal,27.8,2371.86,104,250,0.249,10784.3,0.355,0.178,2.5791,0.416,0.0789,33.7,5.9,1
SHP-10753,GlobalTech Micro,Tier-1,Pharmaceuticals,"Busan, KR","Rotterdam, NL",Ocean Intermodal,25.9,3106.53,634,250,0.135,11356.0,0.549,0.5,2.277,2.536,0.3116,30.9,5.0,1
SHP-10754,Nordic Raw Materials,Tier-1,Consumer Electronics,"Shenzhen, CN","Dallas, US",Express Carrier,4.4,23118.79,927,500,0.024,5297.3,0.477,0.277,0.8218,1.854,0.1353,4.4,0.0,0
SHP-10755,Shenzhen Silicon Ltd,Tier-2,Industrial Machinery,"Busan, KR","Dallas, US",Standard Ground,9.2,2144.0,99,100,0.381,827.6,0.124,0.143,11.0602,0.99,0.0245,9.2,0.0,0
SHP-10756,Apex Auto Components,Tier-1,Semiconductors & Electronics,"Chicago, US","Los Angeles, US",Standard Ground,5.4,1422.43,738,100,0.018,2223.7,0.321,0.301,2.4445,7.38,0.0984,5.4,0.0,0
SHP-10757,Nordic Raw Materials,Tier-1,Consumer Electronics,"Shenzhen, CN","Frankfurt, DE",Standard Ground,7.0,2536.06,1445,250,0.134,1776.9,0.099,0.576,3.9357,5.78,0.0647,7.0,0.0,0
SHP-10758,Delta Industrial Supplies,Tier-2,Industrial Machinery,"Taipei, TW","Singapore, SG",Ocean Intermodal,19.4,732.34,553,50,0.23,10177.6,0.313,0.199,1.908,11.06,0.0766,19.4,0.0,0
SHP-10759,Apex Auto Components,Tier-1,Pharmaceuticals,"Tokyo, JP","Rotterdam, NL",Standard Ground,12.9,1667.25,370,100,0.097,1268.3,0.432,0.387,10.1808,3.7,0.1833,12.9,0.0,0
SHP-10760,Apex Auto Components,Tier-1,Automotive Assemblies,"Chicago, US","Frankfurt, DE",Standard Ground,13.0,1288.47,1087,100,0.057,2963.2,0.687,0.278,4.378,10.87,0.202,13.0,0.0,0
SHP-10761,Delta Industrial Supplies,Tier-2,Pharmaceuticals,"Busan, KR","Singapore, SG",Ocean Intermodal,32.7,1032.15,966,100,0.233,8187.1,0.607,0.612,3.9901,9.66,0.458,40.8,8.1,1
SHP-10762,GlobalTech Micro,Tier-1,Automotive Assemblies,"Shenzhen, CN","Frankfurt, DE",Air Freight,3.6,71264.24,523,2000,0.114,5110.1,0.5,0.404,0.6998,0.2615,0.225,8.2,4.6,1
SHP-10763,Delta Industrial Supplies,Tier-2,Automotive Assemblies,"Munich, DE","Frankfurt, DE",Standard Ground,5.7,634.57,311,50,0.221,529.0,0.144,0.512,10.699,6.22,0.09,5.7,0.0,0
SHP-10764,Delta Industrial Supplies,Tier-2,Consumer Electronics,"Taipei, TW","Rotterdam, NL",Ocean Intermodal,33.1,360.42,434,50,0.191,11761.9,0.267,0.381,2.8179,8.68,0.1211,33.1,0.0,0
SHP-10765,Bavaria Logistics Parts,Tier-1,Consumer Electronics,"Shenzhen, CN","Frankfurt, DE",Ocean Intermodal,22.5,4519.72,1395,500,0.06,9857.4,0.44,0.387,2.2793,2.79,0.1804,22.5,0.0,0
SHP-10766,FastTrack Assembly Co,Tier-2,Industrial Machinery,"Munich, DE","Rotterdam, NL",Standard Ground,8.7,2267.41,1322,250,0.282,576.6,0.097,0.733,15.0124,5.288,0.0911,8.7,0.0,0
SHP-10767,Bavaria Logistics Parts,Tier-1,Consumer Electronics,"Taipei, TW","Frankfurt, DE",Ocean Intermodal,23.4,2799.9,829,500,0.115,9342.7,0.415,0.728,2.5081,1.658,0.3367,25.7,2.3,1
SHP-10768,Apex Auto Components,Tier-1,Automotive Assemblies,"Munich, DE","Singapore, SG",Air Freight,7.6,3713.44,145,100,0.122,7221.6,0.321,0.611,1.0521,1.45,0.2201,13.3,5.7,1
SHP-10769,GlobalTech Micro,Tier-1,Consumer Electronics,"Busan, KR","Frankfurt, DE",Express Carrier,2.0,29173.43,56,500,0.13,7626.7,0.504,0.313,0.2652,0.112,0.1782,6.1,4.1,1
SHP-10770,GlobalTech Micro,Tier-1,Consumer Electronics,"Busan, KR","Rotterdam, NL",Standard Ground,6.0,6848.23,782,500,0.161,2589.1,0.467,0.364,2.3151,1.564,0.1974,6.0,0.0,0
SHP-10771,FastTrack Assembly Co,Tier-2,Pharmaceuticals,"Busan, KR","Rotterdam, NL",Ocean Intermodal,19.9,733.21,1301,50,0.364,9733.9,0.099,0.064,2.0406,26.02,0.0086,19.9,0.0,0
SHP-10772,GlobalTech Micro,Tier-1,Semiconductors & Electronics,"Taipei, TW","Frankfurt, DE",Ocean Intermodal,25.4,1272.47,235,250,0.105,13977.1,0.257,0.438,1.8163,0.94,0.1244,29.7,4.3,1
SHP-10773,Shenzhen Silicon Ltd,Tier-2,Automotive Assemblies,"Taipei, TW","Dallas, US",Ocean Intermodal,28.9,7472.67,258,1000,0.267,10868.7,0.233,0.458,2.6605,0.258,0.1352,32.0,3.1,1
SHP-10774,Apex Auto Components,Tier-1,Industrial Machinery,"Tokyo, JP","Dallas, US",Air Freight,5.6,11673.57,218,250,0.031,5218.2,0.242,0.275,1.0807,0.872,0.0686,5.6,0.0,0
SHP-10775,FastTrack Assembly Co,Tier-2,Pharmaceuticals,"Taipei, TW","Frankfurt, DE",Ocean Intermodal,22.2,13354.78,1224,2000,0.34,13503.5,0.077,0.666,1.647,0.612,0.0687,30.6,8.4,1
SHP-10776,Shenzhen Silicon Ltd,Tier-2,Industrial Machinery,"Munich, DE","Rotterdam, NL",Air Freight,3.6,4233.43,1188,100,0.278,11557.7,0.089,0.464,0.3082,11.88,0.0528,4.6,1.0,1
SHP-10777,Delta Industrial Supplies,Tier-2,Consumer Electronics,"Shenzhen, CN","Frankfurt, DE",Standard Ground,10.5,3337.12,1259,250,0.232,2305.0,0.363,0.334,4.5454,5.036,0.1494,10.5,0.0,0
SHP-10778,Shenzhen Silicon Ltd,Tier-2,Semiconductors & Electronics,"Busan, KR","Dallas, US",Standard Ground,9.0,1253.35,1041,100,0.303,3228.7,0.198,0.457,2.802,10.41,0.1179,9.0,0.0,0
SHP-10779,GlobalTech Micro,Tier-1,Industrial Machinery,"Munich, DE","Frankfurt, DE",Air Freight,3.4,5993.71,1049,100,0.128,11961.5,0.759,0.316,0.2824,10.49,0.2704,6.8,3.4,1
SHP-10780,Nordic Raw Materials,Tier-1,Consumer Electronics,"Busan, KR","Los Angeles, US",Ocean Intermodal,26.8,4516.99,1086,1000,0.129,9274.2,0.153,0.202,2.8886,1.086,0.0349,26.8,0.0,0
SHP-10781,TransPacific Freight,Tier-3,Consumer Electronics,"Busan, KR","Frankfurt, DE",Air Freight,7.3,9154.45,1112,250,0.354,5359.1,0.672,0.7,1.3556,4.448,0.6368,14.7,7.4,1
SHP-10782,FastTrack Assembly Co,Tier-2,Automotive Assemblies,"Busan, KR","Singapore, SG",Ocean Intermodal,32.9,1324.68,871,100,0.304,7445.9,0.351,0.161,4.417,8.71,0.0737,32.9,0.0,0
SHP-10783,Nordic Raw Materials,Tier-1,Consumer Electronics,"Taipei, TW","Los Angeles, US",Air Freight,7.0,5187.52,1234,100,0.125,11833.9,0.344,0.265,0.5895,12.34,0.1025,7.0,0.0,0
SHP-10784,GlobalTech Micro,Tier-1,Pharmaceuticals,"Busan, KR","Rotterdam, NL",Ocean Intermodal,24.3,2107.28,1376,250,0.12,8045.4,0.166,0.489,3.0161,5.504,0.0909,24.3,0.0,0
SHP-10785,Nordic Raw Materials,Tier-1,Industrial Machinery,"Busan, KR","Singapore, SG",Standard Ground,6.7,8029.84,1395,500,0.099,3312.4,0.263,0.036,2.0174,2.79,0.0104,6.7,0.0,0
SHP-10786,Delta Industrial Supplies,Tier-2,Automotive Assemblies,"Munich, DE","Singapore, SG",Air Freight,5.8,1708.3,1145,50,0.235,4128.3,0.587,0.462,1.4079,22.9,0.3349,5.8,0.0,0
SHP-10787,Delta Industrial Supplies,Tier-2,Industrial Machinery,"Shenzhen, CN","Dallas, US",Standard Ground,8.9,2348.59,1146,250,0.155,1263.1,0.085,0.238,7.0366,4.584,0.0234,8.9,0.0,0
SHP-10788,Shenzhen Silicon Ltd,Tier-2,Pharmaceuticals,"Chicago, US","Dallas, US",Standard Ground,8.1,1142.48,498,100,0.235,2516.8,0.558,0.326,3.2209,4.98,0.2246,8.1,0.0,0
SHP-10789,Bavaria Logistics Parts,Tier-1,Industrial Machinery,"Tokyo, JP","Singapore, SG",Ocean Intermodal,26.4,1385.96,1179,100,0.088,8394.7,0.642,0.48,3.1491,11.79,0.3354,28.5,2.1,1
SHP-10790,GlobalTech Micro,Tier-1,Industrial Machinery,"Taipei, TW","Dallas, US",Standard Ground,8.7,9011.2,824,500,0.075,3037.7,0.307,0.327,2.8507,1.648,0.1079,8.7,0.0,0
SHP-10791,TransPacific Freight,Tier-3,Pharmaceuticals,"Chicago, US","Frankfurt, DE",Express Carrier,4.7,25831.33,1027,500,0.453,7145.0,0.523,0.164,0.6606,2.054,0.1246,9.9,5.2,1
SHP-10792,Delta Industrial Supplies,Tier-2,Automotive Assemblies,"Munich, DE","Dallas, US",Standard Ground,5.7,3089.94,836,250,0.269,1037.6,0.505,0.153,5.5316,3.344,0.0981,5.7,0.0,0
SHP-10793,TransPacific Freight,Tier-3,Automotive Assemblies,"Shenzhen, CN","Los Angeles, US",Standard Ground,10.9,1808.08,764,100,0.401,3360.8,0.203,0.309,3.2297,7.64,0.0879,10.9,0.0,0
SHP-10794,Delta Industrial Supplies,Tier-2,Pharmaceuticals,"Tokyo, JP","Los Angeles, US",Air Freight,3.9,26582.25,966,500,0.291,4892.4,0.677,0.333,0.7948,1.932,0.2911,10.0,6.1,1
SHP-10795,Bavaria Logistics Parts,Tier-1,Automotive Assemblies,"Chicago, US","Singapore, SG",Air Freight,6.8,22208.77,799,500,0.014,7605.0,0.453,0.195,0.8932,1.598,0.0896,6.8,0.0,0
SHP-10796,Delta Industrial Supplies,Tier-2,Pharmaceuticals,"Tokyo, JP","Singapore, SG",Air Freight,6.7,42970.46,1367,1000,0.316,10105.4,0.549,0.218,0.6664,1.367,0.1575,12.0,5.3,1
SHP-10797,Delta Industrial Supplies,Tier-2,Consumer Electronics,"Shenzhen, CN","Dallas, US",Ocean Intermodal,32.1,563.99,726,100,0.229,8884.5,0.523,0.209,3.6126,7.26,0.1343,32.1,0.0,0
SHP-10798,TransPacific Freight,Tier-3,Industrial Machinery,"Taipei, TW","Rotterdam, NL",Ocean Intermodal,18.8,694.88,964,100,0.404,7404.4,0.272,0.055,2.5337,9.64,0.021,18.8,0.0,0
SHP-10799,Shenzhen Silicon Ltd,Tier-2,Pharmaceuticals,"Chicago, US","Los Angeles, US",Standard Ground,11.1,5696.19,557,500,0.262,2592.2,0.132,0.633,4.268,1.114,0.1054,11.1,0.0,0
SHP-10800,Shenzhen Silicon Ltd,Tier-2,Industrial Machinery,"Chicago, US","Frankfurt, DE",Express Carrier,2.4,67720.59,292,1000,0.291,6733.2,0.705,0.348,0.3606,0.292,0.3168,8.5,6.1,1
SHP-10801,FastTrack Assembly Co,Tier-2,Industrial Machinery,"Munich, DE","Rotterdam, NL",Air Freight,5.3,2388.65,1158,50,0.326,9491.3,0.256,0.239,0.5544,23.16,0.0811,5.3,0.0,0
SHP-10802,Shenzhen Silicon Ltd,Tier-2,Semiconductors & Electronics,"Tokyo, JP","Rotterdam, NL",Ocean Intermodal,18.5,7343.32,958,1000,0.244,9391.3,0.107,0.582,1.9689,0.958,0.0775,22.1,3.6,1
SHP-10803,FastTrack Assembly Co,Tier-2,Industrial Machinery,"Shenzhen, CN","Rotterdam, NL",Ocean Intermodal,22.9,917.09,352,100,0.193,13111.7,0.459,0.138,1.7474,3.52,0.0756,22.9,0.0,0
SHP-10804,Shenzhen Silicon Ltd,Tier-2,Pharmaceuticals,"Shenzhen, CN","Rotterdam, NL",Standard Ground,7.4,6628.82,387,500,0.32,1866.1,0.4,0.631,3.9617,0.774,0.3331,12.7,5.3,1
SHP-10805,TransPacific Freight,Tier-3,Industrial Machinery,"Shenzhen, CN","Singapore, SG",Air Freight,6.9,16226.48,672,500,0.411,5467.3,0.591,0.713,1.2601,1.344,0.5946,14.4,7.5,1
SHP-10806,Shenzhen Silicon Ltd,Tier-2,Consumer Electronics,"Busan, KR","Singapore, SG",Ocean Intermodal,31.7,1670.26,868,250,0.249,10698.4,0.417,0.47,2.9594,3.472,0.2447,34.5,2.8,1
SHP-10807,Nordic Raw Materials,Tier-1,Automotive Assemblies,"Chicago, US","Singapore, SG",Air Freight,7.4,14709.62,111,250,0.054,8904.9,0.235,0.496,0.83,0.444,0.1228,10.8,3.4,1
SHP-10808,Bavaria Logistics Parts,Tier-1,Semiconductors & Electronics,"Munich, DE","Dallas, US",Standard Ground,12.5,4416.27,819,250,0.119,2053.6,0.588,0.361,6.0806,3.276,0.2376,12.5,0.0,0
SHP-10809,FastTrack Assembly Co,Tier-2,Pharmaceuticals,"Chicago, US","Frankfurt, DE",Standard Ground,7.5,9577.73,913,500,0.326,3223.5,0.611,0.452,2.3375,1.826,0.3662,12.5,5.0,1
SHP-10810,GlobalTech Micro,Tier-1,Semiconductors & Electronics,"Shenzhen, CN","Los Angeles, US",Air Freight,8.0,2655.4,1249,50,0.102,9649.8,0.089,0.15,0.8259,24.98,0.0147,8.0,0.0,0
SHP-10811,Apex Auto Components,Tier-1,Pharmaceuticals,"Tokyo, JP","Rotterdam, NL",Standard Ground,10.6,2519.51,379,250,0.081,2063.0,0.058,0.619,5.1341,1.516,0.0388,10.6,0.0,0
SHP-10812,Bavaria Logistics Parts,Tier-1,Automotive Assemblies,"Chicago, US","Rotterdam, NL",Air Freight,4.7,11888.78,929,250,0.092,8985.4,0.254,0.655,0.5273,3.716,0.1817,4.7,0.0,0
SHP-10813,FastTrack Assembly Co,Tier-2,Consumer Electronics,"Tokyo, JP","Dallas, US",Express Carrier,2.1,38013.12,949,1000,0.334,5091.3,0.332,0.475,0.4217,0.949,0.2104,5.2,3.1,1
SHP-10814,GlobalTech Micro,Tier-1,Pharmaceuticals,"Munich, DE","Frankfurt, DE",Ocean Intermodal,21.3,2126.5,245,250,0.117,9581.1,0.27,0.35,2.2239,0.98,0.1055,21.3,0.0,0
SHP-10815,Shenzhen Silicon Ltd,Tier-2,Pharmaceuticals,"Shenzhen, CN","Rotterdam, NL",Express Carrier,2.6,70853.06,1122,1000,0.302,2976.5,0.415,0.657,0.8756,1.122,0.3551,8.1,5.5,1
SHP-10816,FastTrack Assembly Co,Tier-2,Consumer Electronics,"Tokyo, JP","Los Angeles, US",Standard Ground,13.1,4844.94,1197,500,0.327,1232.7,0.429,0.212,10.653,2.394,0.1207,13.1,0.0,0
SHP-10817,TransPacific Freight,Tier-3,Semiconductors & Electronics,"Chicago, US","Rotterdam, NL",Standard Ground,11.3,4981.94,1033,500,0.415,2483.6,0.496,0.512,4.5625,2.066,0.3593,16.0,4.7,1
SHP-10818,GlobalTech Micro,Tier-1,Pharmaceuticals,"Busan, KR","Rotterdam, NL",Air Freight,4.8,51442.65,1147,1000,0.074,9366.4,0.341,0.307,0.5138,1.147,0.1125,4.8,0.0,0
SHP-10819,Nordic Raw Materials,Tier-1,Pharmaceuticals,"Chicago, US","Dallas, US",Standard Ground,5.2,2949.85,979,250,0.104,2853.9,0.164,0.167,1.8206,3.916,0.0302,5.2,0.0,0
SHP-10820,FastTrack Assembly Co,Tier-2,Pharmaceuticals,"Busan, KR","Frankfurt, DE",Air Freight,5.6,7197.42,162,250,0.322,4248.9,0.587,0.271,1.3101,0.648,0.2103,10.5,4.9,1
SHP-10821,Shenzhen Silicon Ltd,Tier-2,Industrial Machinery,"Shenzhen, CN","Los Angeles, US",Air Freight,6.6,18895.66,832,500,0.257,10693.9,0.061,0.313,0.6203,1.664,0.024,6.6,0.0,0
SHP-10822,TransPacific Freight,Tier-3,Industrial Machinery,"Shenzhen, CN","Rotterdam, NL",Express Carrier,4.8,6693.55,534,100,0.435,7168.7,0.461,0.256,0.6697,5.34,0.1694,9.1,4.3,1
SHP-10823,Apex Auto Components,Tier-1,Industrial Machinery,"Tokyo, JP","Los Angeles, US",Standard Ground,7.3,1148.52,1491,100,0.109,2662.5,0.463,0.817,2.7263,14.91,0.4195,7.3,0.0,0
SHP-10824,Delta Industrial Supplies,Tier-2,Semiconductors & Electronics,"Taipei, TW","Los Angeles, US",Standard Ground,5.5,768.3,1401,50,0.181,2591.8,0.325,0.065,2.1057,28.02,0.0249,5.5,0.0,0
SHP-10825,Apex Auto Components,Tier-1,Consumer Electronics,"Chicago, US","Los Angeles, US",Ocean Intermodal,28.8,8886.52,669,1000,0.11,10840.5,0.117,0.115,2.6547,0.669,0.0149,28.8,0.0,0
SHP-10826,Apex Auto Components,Tier-1,Industrial Machinery,"Busan, KR","Rotterdam, NL",Air Freight,4.0,15966.64,265,500,0.01,4006.8,0.19,0.272,0.9948,0.53,0.0522,4.0,0.0,0
SHP-10827,Bavaria Logistics Parts,Tier-1,Pharmaceuticals,"Shenzhen, CN","Singapore, SG",Standard Ground,11.7,9212.3,166,500,0.01,1904.3,0.091,0.063,6.1254,0.332,0.0058,11.7,0.0,0
SHP-10828,Nordic Raw Materials,Tier-1,Automotive Assemblies,"Taipei, TW","Dallas, US",Standard Ground,13.5,15501.67,1287,1000,0.074,732.0,0.2,0.545,18.5058,1.287,0.117,13.5,0.0,0
SHP-10829,Delta Industrial Supplies,Tier-2,Consumer Electronics,"Busan, KR","Rotterdam, NL",Standard Ground,7.3,4281.41,703,250,0.237,2720.4,0.347,0.365,2.68,2.812,0.1566,7.3,0.0,0
SHP-10830,Nordic Raw Materials,Tier-1,Semiconductors & Electronics,"Chicago, US","Frankfurt, DE",Ocean Intermodal,29.2,2797.76,1484,250,0.069,11567.5,0.565,0.283,2.5213,5.936,0.1709,29.2,0.0,0
SHP-10831,Nordic Raw Materials,Tier-1,Consumer Electronics,"Shenzhen, CN","Los Angeles, US",Ocean Intermodal,19.9,663.74,678,100,0.049,10051.8,0.367,0.633,1.9767,6.78,0.2438,22.6,2.7,1
SHP-10832,GlobalTech Micro,Tier-1,Automotive Assemblies,"Chicago, US","Rotterdam, NL",Air Freight,7.1,2919.17,1203,100,0.19,4718.9,0.242,0.585,1.5146,12.03,0.1685,7.1,0.0,0
SHP-10833,Shenzhen Silicon Ltd,Tier-2,Consumer Electronics,"Tokyo, JP","Singapore, SG",Standard Ground,9.5,4624.26,440,250,0.252,589.3,0.618,0.588,16.1835,1.76,0.455,12.4,2.9,1
SHP-10834,GlobalTech Micro,Tier-1,Consumer Electronics,"Taipei, TW","Los Angeles, US",Ocean Intermodal,28.1,1918.38,980,250,0.232,11811.6,0.53,0.572,2.3823,3.92,0.3736,33.6,5.5,1
SHP-10835,TransPacific Freight,Tier-3,Automotive Assemblies,"Tokyo, JP","Frankfurt, DE",Standard Ground,6.5,4465.34,410,500,0.465,634.7,0.201,0.602,10.1725,0.82,0.1772,10.0,3.5,1
SHP-10836,Nordic Raw Materials,Tier-1,Semiconductors & Electronics,"Taipei, TW","Los Angeles, US",Air Freight,7.0,16067.2,106,500,0.019,5745.4,0.133,0.226,1.2166,0.212,0.0306,7.0,0.0,0
SHP-10837,Delta Industrial Supplies,Tier-2,Automotive Assemblies,"Tokyo, JP","Rotterdam, NL",Standard Ground,7.6,1506.72,556,100,0.213,2515.3,0.299,0.024,3.0323,5.56,0.0087,7.6,0.0,0
SHP-10838,Bavaria Logistics Parts,Tier-1,Automotive Assemblies,"Munich, DE","Frankfurt, DE",Standard Ground,8.3,1045.97,1494,100,0.042,3427.4,0.235,0.845,2.4336,14.94,0.2069,8.3,0.0,0
SHP-10839,FastTrack Assembly Co,Tier-2,Semiconductors & Electronics,"Munich, DE","Frankfurt, DE",Ocean Intermodal,21.9,584.83,663,100,0.316,8028.1,0.161,0.288,2.7286,6.63,0.061,21.9,0.0,0
SHP-10840,Bavaria Logistics Parts,Tier-1,Industrial Machinery,"Shenzhen, CN","Frankfurt, DE",Standard Ground,11.4,25254.95,503,2000,0.045,904.5,0.226,0.796,12.6074,0.2515,0.188,11.4,0.0,0
SHP-10841,Apex Auto Components,Tier-1,Semiconductors & Electronics,"Busan, KR","Rotterdam, NL",Ocean Intermodal,34.9,1873.68,251,250,0.072,9318.2,0.567,0.591,3.7493,1.004,0.3591,39.5,4.6,1
SHP-10842,Nordic Raw Materials,Tier-1,Automotive Assemblies,"Chicago, US","Frankfurt, DE",Air Freight,7.3,7699.15,159,250,0.169,5382.0,0.365,0.391,1.3495,0.636,0.1668,7.3,0.0,0
SHP-10843,Shenzhen Silicon Ltd,Tier-2,Pharmaceuticals,"Shenzhen, CN","Dallas, US",Air Freight,7.4,10966.81,621,250,0.316,11231.8,0.27,0.045,0.6606,2.484,0.016,7.4,0.0,0
SHP-10844,GlobalTech Micro,Tier-1,Consumer Electronics,"Shenzhen, CN","Dallas, US",Air Freight,5.1,7402.96,1114,250,0.114,8369.2,0.303,0.148,0.6044,4.456,0.05,5.1,0.0,0
SHP-10845,Bavaria Logistics Parts,Tier-1,Pharmaceuticals,"Chicago, US","Los Angeles, US",Air Freight,6.4,56971.42,127,1000,0.012,10458.7,0.484,0.631,0.6121,0.127,0.309,12.4,6.0,1
SHP-10846,FastTrack Assembly Co,Tier-2,Consumer Electronics,"Taipei, TW","Singapore, SG",Ocean Intermodal,20.8,11634.32,1294,1000,0.332,13074.5,0.685,0.647,1.589,1.294,0.5904,30.8,10.0,1
SHP-10847,TransPacific Freight,Tier-3,Automotive Assemblies,"Shenzhen, CN","Frankfurt, DE",Ocean Intermodal,25.7,3130.13,967,250,0.475,12164.7,0.185,0.28,2.1155,3.868,0.0764,28.5,2.8,1
SHP-10848,TransPacific Freight,Tier-3,Automotive Assemblies,"Taipei, TW","Singapore, SG",Express Carrier,2.8,126224.71,295,2000,0.491,3203.2,0.745,0.541,0.8714,0.1475,0.6008,10.5,7.7,1
SHP-10849,TransPacific Freight,Tier-3,Industrial Machinery,"Busan, KR","Singapore, SG",Standard Ground,6.3,8772.86,67,1000,0.459,1584.0,0.135,0.166,3.9728,0.067,0.0327,6.3,0.0,0
SHP-10850,Apex Auto Components,Tier-1,Semiconductors & Electronics,"Shenzhen, CN","Singapore, SG",Express Carrier,3.6,14088.96,77,250,0.121,5037.0,0.288,0.849,0.7122,0.308,0.274,9.6,6.0,1
SHP-10851,Apex Auto Components,Tier-1,Consumer Electronics,"Munich, DE","Frankfurt, DE",Ocean Intermodal,29.9,1022.18,1498,100,0.133,13650.8,0.292,0.161,2.189,14.98,0.0533,29.9,0.0,0
SHP-10852,Apex Auto Components,Tier-1,Industrial Machinery,"Busan, KR","Singapore, SG",Ocean Intermodal,19.7,2767.61,469,500,0.124,13159.9,0.213,0.495,1.498,0.938,0.1185,24.9,5.2,1
SHP-10853,Nordic Raw Materials,Tier-1,Consumer Electronics,"Shenzhen, CN","Singapore, SG",Standard Ground,6.4,882.29,1145,50,0.023,1028.1,0.116,0.561,6.2526,22.9,0.0665,6.4,0.0,0
SHP-10854,Apex Auto Components,Tier-1,Semiconductors & Electronics,"Busan, KR","Frankfurt, DE",Express Carrier,2.8,113644.89,1291,2000,0.036,6345.2,0.333,0.108,0.4429,0.6455,0.0373,2.8,0.0,0
SHP-10855,Bavaria Logistics Parts,Tier-1,Automotive Assemblies,"Tokyo, JP","Frankfurt, DE",Air Freight,5.0,27025.21,1251,500,0.016,10146.2,0.158,0.521,0.4933,2.502,0.0836,5.0,0.0,0
SHP-10856,Shenzhen Silicon Ltd,Tier-2,Industrial Machinery,"Taipei, TW","Frankfurt, DE",Standard Ground,6.0,1765.97,452,100,0.277,1354.4,0.41,0.708,4.435,4.52,0.3707,6.0,0.0,0
SHP-10857,Nordic Raw Materials,Tier-1,Industrial Machinery,"Busan, KR","Rotterdam, NL",Express Carrier,3.4,21914.15,462,500,0.113,7744.9,0.265,0.145,0.4359,0.924,0.0428,3.4,0.0,0
SHP-10858,Delta Industrial Supplies,Tier-2,Semiconductors & Electronics,"Taipei, TW","Frankfurt, DE",Ocean Intermodal,25.3,2633.49,365,500,0.201,11737.4,0.198,0.537,2.1573,0.73,0.1277,30.0,4.7,1
SHP-10859,Delta Industrial Supplies,Tier-2,Semiconductors & Electronics,"Taipei, TW","Frankfurt, DE",Ocean Intermodal,18.2,1265.08,565,100,0.203,13025.6,0.317,0.494,1.3944,5.65,0.1884,24.4,6.2,1
SHP-10860,Nordic Raw Materials,Tier-1,Automotive Assemblies,"Taipei, TW","Frankfurt, DE",Standard Ground,5.6,970.46,114,100,0.105,2876.6,0.6,0.686,1.9322,1.14,0.455,9.6,4.0,1
SHP-10861,GlobalTech Micro,Tier-1,Industrial Machinery,"Chicago, US","Frankfurt, DE",Standard Ground,7.9,2532.37,422,250,0.148,2826.4,0.342,0.291,2.8011,1.688,0.1142,7.9,0.0,0
SHP-10862,FastTrack Assembly Co,Tier-2,Industrial Machinery,"Taipei, TW","Dallas, US",Standard Ground,13.2,2214.91,222,100,0.303,1693.1,0.463,0.6,7.7891,2.22,0.362,17.3,4.1,1
SHP-10863,GlobalTech Micro,Tier-1,Semiconductors & Electronics,"Shenzhen, CN","Singapore, SG",Standard Ground,12.4,3398.02,1079,250,0.149,901.6,0.207,0.484,13.7281,4.316,0.1152,12.4,0.0,0
SHP-10864,Nordic Raw Materials,Tier-1,Semiconductors & Electronics,"Shenzhen, CN","Rotterdam, NL",Express Carrier,3.8,34051.86,514,500,0.114,7790.9,0.238,0.242,0.4882,1.028,0.0642,3.8,0.0,0
SHP-10865,Bavaria Logistics Parts,Tier-1,Consumer Electronics,"Tokyo, JP","Dallas, US",Standard Ground,11.3,3323.72,1139,250,0.014,946.7,0.433,0.375,11.9308,4.556,0.1647,11.3,0.0,0
SHP-10866,GlobalTech Micro,Tier-1,Industrial Machinery,"Shenzhen, CN","Dallas, US",Standard Ground,9.9,4423.41,1053,250,0.157,555.0,0.279,0.444,17.8513,4.212,0.1433,9.9,0.0,0
SHP-10867,Delta Industrial Supplies,Tier-2,Semiconductors & Electronics,"Busan, KR","Dallas, US",Air Freight,7.1,5313.73,1339,100,0.262,11926.1,0.254,0.455,0.5968,13.39,0.1459,11.5,4.4,1
SHP-10868,Bavaria Logistics Parts,Tier-1,Pharmaceuticals,"Shenzhen, CN","Rotterdam, NL",Air Freight,7.0,14804.98,1066,250,0.084,6024.7,0.527,0.432,1.1698,4.264,0.2467,7.0,0.0,0
SHP-10869,Bavaria Logistics Parts,Tier-1,Pharmaceuticals,"Taipei, TW","Singapore, SG",Express Carrier,4.5,6557.02,1017,100,0.043,6857.9,0.582,0.488,0.6517,10.17,0.2962,4.5,0.0,0
SHP-10870,Apex Auto Components,Tier-1,Pharmaceuticals,"Taipei, TW","Frankfurt, DE",Express Carrier,4.6,19006.76,930,500,0.057,7213.0,0.331,0.211,0.6386,1.86,0.0739,4.6,0.0,0
SHP-10871,TransPacific Freight,Tier-3,Consumer Electronics,"Taipei, TW","Frankfurt, DE",Standard Ground,9.9,866.39,110,50,0.429,1558.4,0.741,0.204,6.3675,2.2,0.2161,13.4,3.5,1
SHP-10872,Shenzhen Silicon Ltd,Tier-2,Automotive Assemblies,"Busan, KR","Dallas, US",Standard Ground,12.3,37094.87,1156,2000,0.216,2672.6,0.326,0.319,4.6175,0.578,0.1264,12.3,0.0,0
SHP-10873,Nordic Raw Materials,Tier-1,Semiconductors & Electronics,"Chicago, US","Dallas, US",Ocean Intermodal,23.3,1050.55,126,100,0.147,9390.9,0.102,0.766,2.4767,1.26,0.0896,27.5,4.2,1
SHP-10874,FastTrack Assembly Co,Tier-2,Semiconductors & Electronics,"Shenzhen, CN","Dallas, US",Ocean Intermodal,31.3,4911.27,1039,500,0.335,9210.5,0.37,0.731,3.3937,2.078,0.3609,37.6,6.3,1
SHP-10875,FastTrack Assembly Co,Tier-2,Industrial Machinery,"Munich, DE","Frankfurt, DE",Standard Ground,5.3,1271.45,213,100,0.368,822.7,0.116,0.084,6.4927,2.13,0.0133,5.3,0.0,0
SHP-10876,Bavaria Logistics Parts,Tier-1,Pharmaceuticals,"Munich, DE","Singapore, SG",Air Freight,4.0,13673.74,331,250,0.01,6839.4,0.144,0.454,0.5794,1.324,0.066,4.0,0.0,0
SHP-10877,Bavaria Logistics Parts,Tier-1,Consumer Electronics,"Tokyo, JP","Dallas, US",Standard Ground,8.3,1121.28,375,100,0.042,2540.5,0.332,0.448,3.2591,3.75,0.155,8.3,0.0,0
SHP-10878,Shenzhen Silicon Ltd,Tier-2,Automotive Assemblies,"Chicago, US","Dallas, US",Standard Ground,9.0,9905.46,1251,500,0.318,1103.9,0.507,0.243,8.1721,2.502,0.1623,9.0,0.0,0
SHP-10879,TransPacific Freight,Tier-3,Consumer Electronics,"Chicago, US","Rotterdam, NL",Ocean Intermodal,28.9,1515.53,962,250,0.448,7627.7,0.539,0.218,3.7923,3.848,0.1701,31.9,3.0,1
SHP-10880,Apex Auto Components,Tier-1,Pharmaceuticals,"Taipei, TW","Dallas, US",Standard Ground,13.3,3614.49,1006,250,0.074,894.8,0.473,0.429,14.8595,4.024,0.218,13.3,0.0,0
SHP-10881,Shenzhen Silicon Ltd,Tier-2,Automotive Assemblies,"Busan, KR","Frankfurt, DE",Ocean Intermodal,24.2,2894.31,1054,250,0.255,9011.7,0.146,0.146,2.6829,4.216,0.0268,24.2,0.0,0
SHP-10882,TransPacific Freight,Tier-3,Pharmaceuticals,"Busan, KR","Los Angeles, US",Air Freight,7.8,5430.28,938,100,0.332,7107.3,0.548,0.376,1.0975,9.38,0.2744,10.6,2.8,1
SHP-10883,Shenzhen Silicon Ltd,Tier-2,Industrial Machinery,"Taipei, TW","Rotterdam, NL",Ocean Intermodal,28.7,1443.47,275,250,0.223,7441.9,0.653,0.195,3.8528,1.1,0.1557,32.0,3.3,1
SHP-10884,Bavaria Logistics Parts,Tier-1,Automotive Assemblies,"Chicago, US","Frankfurt, DE",Air Freight,7.9,13782.05,134,250,0.103,5656.0,0.521,0.644,1.4047,0.536,0.3702,12.5,4.6,1
SHP-10885,GlobalTech Micro,Tier-1,Pharmaceuticals,"Munich, DE","Frankfurt, DE",Ocean Intermodal,34.8,613.64,946,50,0.159,11000.1,0.4,0.562,3.1603,18.92,0.2606,37.8,3.0,1
SHP-10886,FastTrack Assembly Co,Tier-2,Pharmaceuticals,"Tokyo, JP","Singapore, SG",Standard Ground,5.8,1878.9,1202,100,0.316,1802.8,0.141,0.304,3.2447,12.02,0.0564,5.8,0.0,0
SHP-10887,GlobalTech Micro,Tier-1,Automotive Assemblies,"Shenzhen, CN","Frankfurt, DE",Standard Ground,8.0,1566.8,702,100,0.128,929.5,0.171,0.436,8.5651,7.02,0.0841,8.0,0.0,0
SHP-10888,Bavaria Logistics Parts,Tier-1,Consumer Electronics,"Taipei, TW","Dallas, US",Standard Ground,13.7,1342.15,1150,100,0.056,3261.0,0.507,0.554,4.2094,11.5,0.2967,13.7,0.0,0
SHP-10889,Nordic Raw Materials,Tier-1,Industrial Machinery,"Munich, DE","Singapore, SG",Express Carrier,2.1,7053.8,233,100,0.103,6764.4,0.332,0.554,0.3079,2.33,0.203,2.1,0.0,0
SHP-10890,Bavaria Logistics Parts,Tier-1,Industrial Machinery,"Taipei, TW","Frankfurt, DE",Ocean Intermodal,31.1,2263.64,177,250,0.096,11393.2,0.04,0.682,2.7286,0.708,0.0299,33.9,2.8,1
SHP-10891,Nordic Raw Materials,Tier-1,Pharmaceuticals,"Shenzhen, CN","Los Angeles, US",Air Freight,6.3,13615.08,332,250,0.084,10508.4,0.327,0.541,0.5984,1.328,0.1918,9.0,2.7,1
SHP-10892,TransPacific Freight,Tier-3,Consumer Electronics,"Tokyo, JP","Los Angeles, US",Standard Ground,5.8,12453.91,857,1000,0.434,2692.0,0.201,0.588,2.1547,0.857,0.1695,11.6,5.8,1
SHP-10893,Shenzhen Silicon Ltd,Tier-2,Industrial Machinery,"Taipei, TW","Frankfurt, DE",Standard Ground,5.3,3123.13,1088,250,0.328,2280.7,0.414,0.484,2.3146,4.352,0.2661,5.3,0.0,0
SHP-10894,Bavaria Logistics Parts,Tier-1,Pharmaceuticals,"Taipei, TW","Frankfurt, DE",Standard Ground,7.7,4377.35,362,250,0.039,3483.9,0.137,0.553,2.2074,1.448,0.0787,7.7,0.0,0
SHP-10895,FastTrack Assembly Co,Tier-2,Semiconductors & Electronics,"Shenzhen, CN","Frankfurt, DE",Standard Ground,11.7,1792.26,1112,100,0.244,2209.8,0.048,0.046,5.3162,11.12,0.0027,11.7,0.0,0
SHP-10896,Shenzhen Silicon Ltd,Tier-2,Industrial Machinery,"Busan, KR","Rotterdam, NL",Standard Ground,11.7,4462.22,1003,250,0.261,1430.1,0.193,0.468,8.1993,4.012,0.1139,11.7,0.0,0
SHP-10897,Nordic Raw Materials,Tier-1,Consumer Electronics,"Taipei, TW","Dallas, US",Express Carrier,3.9,34453.26,918,500,0.085,6722.4,0.399,0.601,0.5759,1.836,0.2601,8.2,4.3,1
SHP-10898,TransPacific Freight,Tier-3,Semiconductors & Electronics,"Tokyo, JP","Singapore, SG",Ocean Intermodal,34.8,674.49,1124,100,0.437,12370.4,0.316,0.218,2.8165,11.24,0.099,40.6,5.8,1
SHP-10899,Apex Auto Components,Tier-1,Pharmaceuticals,"Shenzhen, CN","Dallas, US",Ocean Intermodal,29.9,6080.1,826,500,0.063,12773.9,0.312,0.313,2.3403,1.652,0.1038,29.9,0.0,0
SHP-10900,Bavaria Logistics Parts,Tier-1,Industrial Machinery,"Busan, KR","Singapore, SG",Standard Ground,9.5,6119.71,1148,500,0.032,1663.8,0.405,0.187,5.7282,2.296,0.0782,9.5,0.0,0
SHP-10901,Apex Auto Components,Tier-1,Semiconductors & Electronics,"Taipei, TW","Singapore, SG",Ocean Intermodal,23.6,5662.16,1065,500,0.126,10016.8,0.251,0.062,2.3604,2.13,0.0175,23.6,0.0,0
SHP-10902,FastTrack Assembly Co,Tier-2,Consumer Electronics,"Munich, DE","Singapore, SG",Ocean Intermodal,19.7,10100.17,1405,1000,0.326,8347.4,0.283,0.583,2.3595,1.405,0.2187,26.6,6.9,1
SHP-10903,Delta Industrial Supplies,Tier-2,Automotive Assemblies,"Munich, DE","Frankfurt, DE",Air Freight,4.3,13684.65,949,500,0.219,11886.5,0.242,0.216,0.3602,1.898,0.0637,4.3,0.0,0
SHP-10904,TransPacific Freight,Tier-3,Semiconductors & Electronics,"Shenzhen, CN","Rotterdam, NL",Standard Ground,13.0,1635.99,1326,100,0.456,2427.9,0.269,0.171,5.3585,13.26,0.067,13.0,0.0,0
SHP-10905,Apex Auto Components,Tier-1,Consumer Electronics,"Taipei, TW","Frankfurt, DE",Air Freight,7.9,2943.28,704,100,0.132,9485.4,0.447,0.237,0.8305,7.04,0.1199,7.9,0.0,0
SHP-10906,Nordic Raw Materials,Tier-1,Pharmaceuticals,"Shenzhen, CN","Dallas, US",Ocean Intermodal,24.8,2927.86,759,500,0.055,10862.4,0.144,0.625,2.2874,1.518,0.0949,29.0,4.2,1
SHP-10907,FastTrack Assembly Co,Tier-2,Automotive Assemblies,"Busan, KR","Los Angeles, US",Standard Ground,8.7,9099.65,588,1000,0.326,1303.6,0.093,0.167,6.6683,0.588,0.0206,8.7,0.0,0
SHP-10908,GlobalTech Micro,Tier-1,Semiconductors & Electronics,"Shenzhen, CN","Frankfurt, DE",Standard Ground,7.2,6809.24,1050,500,0.092,2947.8,0.477,0.421,2.4494,2.1,0.2192,7.2,0.0,0
SHP-10909,GlobalTech Micro,Tier-1,Consumer Electronics,"Munich, DE","Los Angeles, US",Standard Ground,5.3,4050.51,1078,250,0.153,1982.7,0.533,0.453,2.6518,4.312,0.2784,5.3,0.0,0
SHP-10910,Delta Industrial Supplies,Tier-2,Semiconductors & Electronics,"Chicago, US","Dallas, US",Express Carrier,3.9,6266.04,322,100,0.157,3194.6,0.091,0.263,1.2269,3.22,0.0277,3.9,0.0,0
SHP-10911,FastTrack Assembly Co,Tier-2,Industrial Machinery,"Taipei, TW","Singapore, SG",Ocean Intermodal,21.6,2190.05,1043,250,0.31,7154.1,0.093,0.129,3.0195,4.172,0.0157,21.6,0.0,0
SHP-10912,Bavaria Logistics Parts,Tier-1,Automotive Assemblies,"Chicago, US","Frankfurt, DE",Standard Ground,12.7,2609.59,71,250,0.017,2456.3,0.232,0.367,5.1879,0.284,0.0866,12.7,0.0,0
SHP-10913,FastTrack Assembly Co,Tier-2,Semiconductors & Electronics,"Tokyo, JP","Singapore, SG",Standard Ground,11.8,6828.4,257,500,0.326,738.5,0.339,0.227,16.0334,0.514,0.1021,11.8,0.0,0
SHP-10914,GlobalTech Micro,Tier-1,Pharmaceuticals,"Chicago, US","Dallas, US",Standard Ground,10.6,682.46,1394,50,0.15,1114.1,0.224,0.5,9.4832,27.88,0.1288,10.6,0.0,0
SHP-10915,TransPacific Freight,Tier-3,Industrial Machinery,"Chicago, US","Singapore, SG",Standard Ground,13.5,39597.97,1471,2000,0.378,3444.5,0.392,0.547,3.9242,0.7355,0.2956,18.7,5.2,1
SHP-10916,GlobalTech Micro,Tier-1,Automotive Assemblies,"Chicago, US","Dallas, US",Standard Ground,11.3,1019.15,1368,50,0.022,1592.5,0.141,0.299,7.1098,27.36,0.0431,11.3,0.0,0
SHP-10917,TransPacific Freight,Tier-3,Consumer Electronics,"Busan, KR","Rotterdam, NL",Air Freight,4.2,1758.84,1350,50,0.395,10770.0,0.102,0.085,0.3879,27.0,0.0121,4.2,0.0,0
SHP-10918,GlobalTech Micro,Tier-1,Pharmaceuticals,"Busan, KR","Frankfurt, DE",Air Freight,5.1,3485.05,1493,100,0.099,11772.6,0.802,0.572,0.4357,14.93,0.504,10.8,5.7,1
SHP-10919,FastTrack Assembly Co,Tier-2,Automotive Assemblies,"Munich, DE","Rotterdam, NL",Ocean Intermodal,33.2,1407.95,1101,250,0.297,12036.4,0.211,0.664,2.7623,4.404,0.1817,39.3,6.1,1
SHP-10920,Apex Auto Components,Tier-1,Semiconductors & Electronics,"Chicago, US","Rotterdam, NL",Standard Ground,9.4,5019.56,927,250,0.04,3445.0,0.289,0.529,2.7393,3.708,0.1591,9.4,0.0,0
SHP-10921,FastTrack Assembly Co,Tier-2,Semiconductors & Electronics,"Shenzhen, CN","Los Angeles, US",Air Freight,7.0,2829.07,606,50,0.328,4978.9,0.55,0.34,1.4081,12.12,0.2483,7.0,0.0,0
SHP-10922,Apex Auto Components,Tier-1,Industrial Machinery,"Busan, KR","Rotterdam, NL",Standard Ground,11.8,1032.36,1046,50,0.132,2325.2,0.373,0.246,5.0649,20.92,0.1039,11.8,0.0,0
SHP-10923,Apex Auto Components,Tier-1,Pharmaceuticals,"Chicago, US","Frankfurt, DE",Standard Ground,13.6,5194.14,411,250,0.132,2786.6,0.142,0.16,4.8728,1.644,0.0257,13.6,0.0,0
SHP-10924,Shenzhen Silicon Ltd,Tier-2,Semiconductors & Electronics,"Taipei, TW","Rotterdam, NL",Standard Ground,9.5,5193.45,531,500,0.26,2009.2,0.513,0.355,4.7043,1.062,0.2295,9.5,0.0,0
SHP-10925,Nordic Raw Materials,Tier-1,Semiconductors & Electronics,"Chicago, US","Frankfurt, DE",Express Carrier,4.2,12177.79,253,250,0.108,5076.0,0.118,0.464,0.8229,1.012,0.0606,4.2,0.0,0
SHP-10926,TransPacific Freight,Tier-3,Pharmaceuticals,"Shenzhen, CN","Frankfurt, DE",Standard Ground,10.9,4476.02,702,250,0.364,2755.1,0.251,0.48,3.956,2.808,0.1643,10.9,0.0,0
SHP-10927,Bavaria Logistics Parts,Tier-1,Semiconductors & Electronics,"Chicago, US","Frankfurt, DE",Ocean Intermodal,32.9,5128.09,891,500,0.01,8660.4,0.529,0.254,3.7942,1.782,0.1357,32.9,0.0,0
SHP-10928,Apex Auto Components,Tier-1,Semiconductors & Electronics,"Taipei, TW","Singapore, SG",Air Freight,7.9,13315.75,236,250,0.126,9831.1,0.21,0.219,0.8023,0.944,0.0518,7.9,0.0,0
SHP-10929,GlobalTech Micro,Tier-1,Semiconductors & Electronics,"Chicago, US","Los Angeles, US",Ocean Intermodal,26.7,2537.96,984,250,0.118,13797.2,0.338,0.478,1.9328,3.936,0.1806,29.5,2.8,1
SHP-10930,Bavaria Logistics Parts,Tier-1,Semiconductors & Electronics,"Busan, KR","Singapore, SG",Ocean Intermodal,19.0,5557.03,600,500,0.101,7617.1,0.129,0.726,2.4929,1.2,0.1031,23.0,4.0,1
SHP-10931,GlobalTech Micro,Tier-1,Consumer Electronics,"Busan, KR","Frankfurt, DE",Ocean Intermodal,18.9,6071.47,514,500,0.153,12244.3,0.239,0.591,1.5416,1.028,0.1629,26.1,7.2,1
SHP-10932,TransPacific Freight,Tier-3,Automotive Assemblies,"Taipei, TW","Frankfurt, DE",Air Freight,5.4,31473.69,430,1000,0.423,7686.5,0.253,0.532,0.7017,0.43,0.1915,11.1,5.7,1
SHP-10933,Bavaria Logistics Parts,Tier-1,Automotive Assemblies,"Shenzhen, CN","Singapore, SG",Air Freight,6.0,3221.68,577,100,0.046,11593.4,0.268,0.553,0.5169,5.77,0.1551,6.0,0.0,0
SHP-10934,Bavaria Logistics Parts,Tier-1,Industrial Machinery,"Tokyo, JP","Rotterdam, NL",Standard Ground,10.6,3498.26,868,250,0.042,1652.0,0.335,0.252,6.4219,3.472,0.088,10.6,0.0,0
SHP-10935,GlobalTech Micro,Tier-1,Semiconductors & Electronics,"Taipei, TW","Dallas, US",Ocean Intermodal,24.9,9845.08,250,2000,0.069,9806.3,0.102,0.428,2.5383,0.125,0.0467,24.9,0.0,0
SHP-10936,TransPacific Freight,Tier-3,Pharmaceuticals,"Tokyo, JP","Rotterdam, NL",Air Freight,7.1,9157.66,401,250,0.493,11852.2,0.075,0.171,0.5968,1.604,0.0191,13.5,6.4,1
SHP-10937,Bavaria Logistics Parts,Tier-1,Automotive Assemblies,"Busan, KR","Frankfurt, DE",Ocean Intermodal,21.2,3038.06,128,250,0.075,11301.1,0.175,0.479,1.8756,0.512,0.0901,24.5,3.3,1
SHP-10938,Shenzhen Silicon Ltd,Tier-2,Pharmaceuticals,"Busan, KR","Dallas, US",Air Freight,3.6,2047.6,243,50,0.264,4002.7,0.08,0.281,0.8922,4.86,0.0284,3.6,0.0,0
SHP-10939,Apex Auto Components,Tier-1,Industrial Machinery,"Munich, DE","Los Angeles, US",Express Carrier,2.4,4414.45,1343,100,0.136,2711.9,0.227,0.56,0.8999,13.43,0.1444,2.4,0.0,0
SHP-10940,Shenzhen Silicon Ltd,Tier-2,Automotive Assemblies,"Shenzhen, CN","Frankfurt, DE",Standard Ground,5.4,1094.11,1337,100,0.238,3075.4,0.354,0.153,1.7717,13.37,0.0671,5.4,0.0,0
SHP-10941,GlobalTech Micro,Tier-1,Consumer Electronics,"Shenzhen, CN","Singapore, SG",Ocean Intermodal,29.8,528.09,841,50,0.151,12083.7,0.194,0.649,2.4651,16.82,0.145,33.4,3.6,1
SHP-10942,GlobalTech Micro,Tier-1,Consumer Electronics,"Chicago, US","Singapore, SG",Air Freight,7.0,13278.48,319,250,0.096,10375.9,0.225,0.091,0.6739,1.276,0.0224,7.0,0.0,0
SHP-10943,Apex Auto Components,Tier-1,Pharmaceuticals,"Tokyo, JP","Singapore, SG",Air Freight,3.7,4140.73,819,100,0.069,5542.3,0.254,0.338,0.6609,8.19,0.0918,3.7,0.0,0
SHP-10944,Bavaria Logistics Parts,Tier-1,Industrial Machinery,"Taipei, TW","Frankfurt, DE",Ocean Intermodal,24.3,2749.37,1333,250,0.01,9547.1,0.328,0.19,2.5502,5.332,0.0629,24.3,0.0,0
SHP-10945,Delta Industrial Supplies,Tier-2,Pharmaceuticals,"Shenzhen, CN","Los Angeles, US",Standard Ground,13.2,1023.03,1243,100,0.224,1952.4,0.335,0.688,6.7507,12.43,0.2822,13.2,0.0,0
SHP-10946,FastTrack Assembly Co,Tier-2,Industrial Machinery,"Chicago, US","Singapore, SG",Standard Ground,6.6,7850.13,920,500,0.32,1677.8,0.632,0.384,3.9555,1.84,0.3205,7.6,1.0,1
SHP-10947,Shenzhen Silicon Ltd,Tier-2,Automotive Assemblies,"Chicago, US","Dallas, US",Ocean Intermodal,23.6,1360.32,1206,100,0.216,13048.4,0.151,0.565,1.808,12.06,0.1038,26.8,3.2,1
SHP-10948,TransPacific Freight,Tier-3,Pharmaceuticals,"Chicago, US","Rotterdam, NL",Air Freight,6.5,14921.17,1447,250,0.431,11189.3,0.308,0.152,0.585,5.788,0.067,10.7,4.2,1
SHP-10949,FastTrack Assembly Co,Tier-2,Automotive Assemblies,"Munich, DE","Singapore, SG",Ocean Intermodal,32.5,1714.14,931,250,0.321,8167.5,0.809,0.658,3.9737,3.724,0.7034,41.4,8.9,1
SHP-10950,GlobalTech Micro,Tier-1,Automotive Assemblies,"Busan, KR","Rotterdam, NL",Standard Ground,12.3,1885.25,1300,100,0.138,2320.6,0.119,0.334,5.2896,13.0,0.0452,12.3,0.0,0
SHP-10951,Bavaria Logistics Parts,Tier-1,Consumer Electronics,"Taipei, TW","Rotterdam, NL",Standard Ground,7.2,1813.23,1294,100,0.021,1811.8,0.117,0.206,3.9982,12.94,0.0246,7.2,0.0,0
SHP-10952,Delta Industrial Supplies,Tier-2,Pharmaceuticals,"Busan, KR","Dallas, US",Ocean Intermodal,27.2,1321.64,282,100,0.123,8897.8,0.216,0.596,3.0619,2.82,0.1445,27.2,0.0,0
SHP-10953,Nordic Raw Materials,Tier-1,Industrial Machinery,"Tokyo, JP","Los Angeles, US",Air Freight,5.9,11641.85,220,250,0.029,6635.0,0.557,0.681,0.8885,0.88,0.3902,7.8,1.9,1
SHP-10954,FastTrack Assembly Co,Tier-2,Industrial Machinery,"Munich, DE","Frankfurt, DE",Standard Ground,9.4,8994.67,300,1000,0.346,1599.2,0.207,0.537,5.9037,0.3,0.1496,12.3,2.9,1
SHP-10955,GlobalTech Micro,Tier-1,Pharmaceuticals,"Chicago, US","Singapore, SG",Ocean Intermodal,22.6,2427.28,260,250,0.152,10524.7,0.662,0.218,2.149,1.04,0.1662,26.5,3.9,1
SHP-10956,FastTrack Assembly Co,Tier-2,Semiconductors & Electronics,"Chicago, US","Singapore, SG",Standard Ground,6.6,2695.69,1384,250,0.304,1815.1,0.782,0.41,3.6177,5.536,0.4181,9.1,2.5,1
SHP-10957,Delta Industrial Supplies,Tier-2,Automotive Assemblies,"Tokyo, JP","Frankfurt, DE",Air Freight,4.7,3451.53,598,100,0.178,11930.4,0.459,0.103,0.3921,5.98,0.0557,4.7,0.0,0
SHP-10958,GlobalTech Micro,Tier-1,Consumer Electronics,"Taipei, TW","Singapore, SG",Air Freight,3.4,2871.12,1457,100,0.053,9530.8,0.403,0.692,0.3571,14.57,0.2936,7.3,3.9,1
SHP-10959,Bavaria Logistics Parts,Tier-1,Automotive Assemblies,"Chicago, US","Frankfurt, DE",Standard Ground,13.0,6946.26,1348,500,0.01,1826.2,0.58,0.565,7.1237,2.696,0.331,13.0,0.0,0
SHP-10960,TransPacific Freight,Tier-3,Semiconductors & Electronics,"Tokyo, JP","Dallas, US",Ocean Intermodal,25.5,2863.03,1011,500,0.377,9125.9,0.593,0.145,2.7982,2.022,0.1184,29.4,3.9,1
SHP-10961,FastTrack Assembly Co,Tier-2,Semiconductors & Electronics,"Tokyo, JP","Rotterdam, NL",Ocean Intermodal,34.1,19100.84,1302,2000,0.279,7187.1,0.198,0.304,4.7461,0.651,0.077,37.3,3.2,1
SHP-10962,Bavaria Logistics Parts,Tier-1,Industrial Machinery,"Busan, KR","Frankfurt, DE",Air Freight,6.8,5133.28,798,100,0.026,5614.6,0.235,0.114,1.2041,7.98,0.0275,6.8,0.0,0
SHP-10963,FastTrack Assembly Co,Tier-2,Pharmaceuticals,"Taipei, TW","Singapore, SG",Express Carrier,3.8,5476.19,1208,100,0.298,4494.4,0.123,0.751,0.8419,12.08,0.1199,5.1,1.3,1
SHP-10964,FastTrack Assembly Co,Tier-2,Consumer Electronics,"Chicago, US","Frankfurt, DE",Air Freight,6.6,10039.88,886,250,0.383,9958.0,0.103,0.269,0.6667,3.544,0.0383,6.6,0.0,0
SHP-10965,Apex Auto Components,Tier-1,Industrial Machinery,"Tokyo, JP","Frankfurt, DE",Ocean Intermodal,23.6,636.4,568,50,0.088,11115.6,0.16,0.598,2.1255,11.36,0.1041,23.6,0.0,0
SHP-10966,TransPacific Freight,Tier-3,Industrial Machinery,"Munich, DE","Singapore, SG",Standard Ground,5.6,1071.83,308,100,0.392,1431.0,0.493,0.108,3.8909,3.08,0.0741,5.6,0.0,0
SHP-10967,GlobalTech Micro,Tier-1,Industrial Machinery,"Shenzhen, CN","Dallas, US",Ocean Intermodal,28.8,816.42,715,100,0.064,8633.1,0.352,0.653,3.3315,7.15,0.2445,28.8,0.0,0
SHP-10968,Shenzhen Silicon Ltd,Tier-2,Semiconductors & Electronics,"Munich, DE","Singapore, SG",Air Freight,3.7,4004.93,1312,100,0.305,4363.3,0.593,0.363,0.859,13.12,0.2809,3.7,0.0,0
SHP-10969,Delta Industrial Supplies,Tier-2,Consumer Electronics,"Tokyo, JP","Rotterdam, NL",Standard Ground,5.9,35302.86,137,2000,0.209,2100.9,0.027,0.713,2.8318,0.0685,0.0233,5.9,0.0,0
SHP-10970,Bavaria Logistics Parts,Tier-1,Automotive Assemblies,"Munich, DE","Frankfurt, DE",Standard Ground,7.5,2766.38,941,250,0.041,2834.9,0.397,0.232,2.6601,3.764,0.0959,7.5,0.0,0
SHP-10971,Delta Industrial Supplies,Tier-2,Industrial Machinery,"Tokyo, JP","Frankfurt, DE",Standard Ground,12.5,1329.94,1199,100,0.163,3131.9,0.33,0.168,4.0004,11.99,0.0645,12.5,0.0,0
SHP-10972,Bavaria Logistics Parts,Tier-1,Semiconductors & Electronics,"Busan, KR","Dallas, US",Standard Ground,8.4,7807.47,911,500,0.058,2031.3,0.688,0.433,4.1504,1.822,0.3153,8.4,0.0,0
SHP-10973,TransPacific Freight,Tier-3,Automotive Assemblies,"Chicago, US","Singapore, SG",Air Freight,6.3,11723.79,453,250,0.471,4873.4,0.176,0.508,1.2868,1.812,0.1315,10.8,4.5,1
SHP-10974,Apex Auto Components,Tier-1,Automotive Assemblies,"Shenzhen, CN","Singapore, SG",Express Carrier,3.3,4913.78,1482,100,0.063,7478.2,0.108,0.379,0.4428,14.82,0.0435,3.3,0.0,0
SHP-10975,Bavaria Logistics Parts,Tier-1,Pharmaceuticals,"Busan, KR","Los Angeles, US",Standard Ground,6.2,5034.48,1353,250,0.051,2597.8,0.281,0.456,2.3701,5.412,0.1346,6.2,0.0,0
SHP-10976,Nordic Raw Materials,Tier-1,Automotive Assemblies,"Tokyo, JP","Rotterdam, NL",Standard Ground,11.8,2278.08,141,250,0.021,1546.4,0.242,0.307,7.6457,0.564,0.0759,11.8,0.0,0
SHP-10977,Delta Industrial Supplies,Tier-2,Semiconductors & Electronics,"Busan, KR","Rotterdam, NL",Air Freight,3.6,11702.52,1413,250,0.166,10993.4,0.211,0.398,0.3249,5.652,0.0979,3.6,0.0,0
SHP-10978,Apex Auto Components,Tier-1,Semiconductors & Electronics,"Munich, DE","Singapore, SG",Standard Ground,9.1,7595.66,436,500,0.051,1515.6,0.241,0.316,5.9899,0.872,0.0801,9.1,0.0,0
SHP-10979,Apex Auto Components,Tier-1,Consumer Electronics,"Tokyo, JP","Frankfurt, DE",Air Freight,7.3,6759.82,1266,250,0.041,6178.0,0.446,0.132,1.1832,5.064,0.0613,7.3,0.0,0
SHP-10980,FastTrack Assembly Co,Tier-2,Semiconductors & Electronics,"Tokyo, JP","Los Angeles, US",Ocean Intermodal,28.3,2233.5,1424,250,0.286,12064.9,0.198,0.304,2.3484,5.696,0.0774,28.3,0.0,0
SHP-10981,Apex Auto Components,Tier-1,Semiconductors & Electronics,"Munich, DE","Frankfurt, DE",Standard Ground,5.8,1844.7,745,100,0.01,3094.4,0.148,0.268,1.8886,7.45,0.0401,5.8,0.0,0
SHP-10982,FastTrack Assembly Co,Tier-2,Semiconductors & Electronics,"Busan, KR","Frankfurt, DE",Standard Ground,13.3,36896.3,956,2000,0.356,2026.5,0.132,0.934,6.5617,0.478,0.1671,18.7,5.4,1
SHP-10983,FastTrack Assembly Co,Tier-2,Automotive Assemblies,"Shenzhen, CN","Frankfurt, DE",Air Freight,3.6,1773.38,685,50,0.325,7073.8,0.597,0.19,0.506,13.7,0.1502,3.6,0.0,0
SHP-10984,Bavaria Logistics Parts,Tier-1,Pharmaceuticals,"Chicago, US","Frankfurt, DE",Standard Ground,13.3,9381.34,149,500,0.076,3144.2,0.501,0.711,4.2441,0.298,0.3831,16.6,3.3,1
SHP-10985,TransPacific Freight,Tier-3,Pharmaceuticals,"Taipei, TW","Los Angeles, US",Standard Ground,13.9,4071.9,1371,250,0.388,2471.6,0.26,0.532,5.644,5.484,0.1919,13.9,0.0,0
SHP-10986,FastTrack Assembly Co,Tier-2,Semiconductors & Electronics,"Chicago, US","Rotterdam, NL",Air Freight,4.5,18869.49,961,500,0.22,5019.4,0.375,0.548,0.8925,1.922,0.2508,8.9,4.4,1
SHP-10987,GlobalTech Micro,Tier-1,Automotive Assemblies,"Chicago, US","Rotterdam, NL",Ocean Intermodal,22.2,3001.86,562,500,0.08,8735.0,0.202,0.507,2.5393,1.124,0.1106,22.2,0.0,0
SHP-10988,FastTrack Assembly Co,Tier-2,Semiconductors & Electronics,"Tokyo, JP","Frankfurt, DE",Air Freight,6.4,6851.78,693,250,0.325,8166.1,0.416,0.578,0.7863,2.772,0.3187,10.6,4.2,1
SHP-10989,Apex Auto Components,Tier-1,Consumer Electronics,"Munich, DE","Dallas, US",Ocean Intermodal,29.6,661.59,1450,100,0.01,10433.7,0.327,0.471,2.8357,14.5,0.1556,29.6,0.0,0
SHP-10990,Shenzhen Silicon Ltd,Tier-2,Automotive Assemblies,"Shenzhen, CN","Frankfurt, DE",Ocean Intermodal,23.0,3148.25,1331,250,0.145,7842.3,0.458,0.354,2.932,5.324,0.1856,23.0,0.0,0
SHP-10991,Apex Auto Components,Tier-1,Consumer Electronics,"Chicago, US","Los Angeles, US",Standard Ground,12.8,1089.29,222,100,0.074,1553.4,0.44,0.459,8.2466,2.22,0.2169,12.8,0.0,0
SHP-10992,GlobalTech Micro,Tier-1,Industrial Machinery,"Busan, KR","Singapore, SG",Ocean Intermodal,22.2,2798.43,499,500,0.128,10407.8,0.203,0.47,2.1357,0.998,0.1076,25.5,3.3,1
SHP-10993,Shenzhen Silicon Ltd,Tier-2,Semiconductors & Electronics,"Munich, DE","Singapore, SG",Standard Ground,7.5,3410.74,838,250,0.287,619.0,0.044,0.539,12.0404,3.352,0.0305,7.5,0.0,0
SHP-10994,TransPacific Freight,Tier-3,Semiconductors & Electronics,"Shenzhen, CN","Dallas, US",Air Freight,7.5,103140.31,1173,2000,0.48,7255.6,0.069,0.496,1.038,0.5865,0.0507,12.7,5.2,1
SHP-10995,Delta Industrial Supplies,Tier-2,Consumer Electronics,"Tokyo, JP","Rotterdam, NL",Standard Ground,5.3,9504.16,386,500,0.22,1128.4,0.888,0.877,4.7362,0.772,0.9502,14.7,9.4,1
SHP-10996,Nordic Raw Materials,Tier-1,Automotive Assemblies,"Busan, KR","Singapore, SG",Standard Ground,11.9,5051.38,732,250,0.04,2296.6,0.244,0.161,5.1698,2.928,0.0409,11.9,0.0,0
SHP-10997,Bavaria Logistics Parts,Tier-1,Pharmaceuticals,"Busan, KR","Frankfurt, DE",Air Freight,5.2,3955.76,991,100,0.156,6816.9,0.268,0.64,0.7681,9.91,0.1983,5.2,0.0,0
SHP-10998,Bavaria Logistics Parts,Tier-1,Semiconductors & Electronics,"Munich, DE","Rotterdam, NL",Standard Ground,11.2,2565.75,1313,250,0.077,2763.8,0.058,0.277,4.0524,5.252,0.0173,11.2,0.0,0
SHP-10999,Shenzhen Silicon Ltd,Tier-2,Industrial Machinery,"Busan, KR","Singapore, SG",Ocean Intermodal,26.4,979.02,347,100,0.285,7880.7,0.485,0.374,3.3509,3.47,0.2331,29.4,3.0,1
SHP-11000,TransPacific Freight,Tier-3,Automotive Assemblies,"Munich, DE","Singapore, SG",Standard Ground,12.6,645.49,932,50,0.369,1361.3,0.161,0.716,9.2617,18.64,0.1578,12.6,0.0,0
SHP-11001,Bavaria Logistics Parts,Tier-1,Automotive Assemblies,"Chicago, US","Frankfurt, DE",Express Carrier,2.4,131184.98,1016,2000,0.118,2813.3,0.191,0.334,0.8656,0.508,0.0713,2.4,0.0,0
SHP-11002,TransPacific Freight,Tier-3,Semiconductors & Electronics,"Shenzhen, CN","Dallas, US",Standard Ground,7.0,3104.36,231,250,0.429,2527.1,0.264,0.112,2.7726,0.924,0.0422,7.0,0.0,0
SHP-11003,Nordic Raw Materials,Tier-1,Automotive Assemblies,"Chicago, US","Los Angeles, US",Express Carrier,3.1,2319.25,152,50,0.076,7343.8,0.23,0.28,0.4255,3.04,0.0693,3.1,0.0,0
SHP-11004,Delta Industrial Supplies,Tier-2,Pharmaceuticals,"Busan, KR","Dallas, US",Standard Ground,11.6,2216.13,941,250,0.265,3478.2,0.617,0.555,3.3439,3.764,0.4331,16.3,4.7,1
SHP-11005,FastTrack Assembly Co,Tier-2,Consumer Electronics,"Busan, KR","Rotterdam, NL",Express Carrier,4.5,34426.11,1167,500,0.311,5041.3,0.02,0.353,0.8882,2.334,0.0093,4.5,0.0,0
SHP-11006,Bavaria Logistics Parts,Tier-1,Pharmaceuticals,"Tokyo, JP","Rotterdam, NL",Standard Ground,11.3,2178.41,267,100,0.033,3411.9,0.247,0.178,3.3004,2.67,0.0454,11.3,0.0,0
SHP-11007,FastTrack Assembly Co,Tier-2,Industrial Machinery,"Chicago, US","Singapore, SG",Ocean Intermodal,23.0,882.56,425,100,0.332,13367.7,0.448,0.264,1.7204,4.25,0.1575,26.3,3.3,1
SHP-11008,GlobalTech Micro,Tier-1,Pharmaceuticals,"Taipei, TW","Frankfurt, DE",Standard Ground,11.4,1966.67,1357,100,0.101,1626.1,0.179,0.468,7.0029,13.57,0.0922,11.4,0.0,0
SHP-11009,TransPacific Freight,Tier-3,Pharmaceuticals,"Shenzhen, CN","Singapore, SG",Standard Ground,11.4,1567.28,1277,100,0.404,1523.1,0.403,0.284,7.4967,12.77,0.1607,11.4,0.0,0
SHP-11010,TransPacific Freight,Tier-3,Semiconductors & Electronics,"Shenzhen, CN","Rotterdam, NL",Standard Ground,13.8,1400.5,260,100,0.478,502.9,0.338,0.346,27.4084,2.6,0.1729,13.8,0.0,0
SHP-11011,Shenzhen Silicon Ltd,Tier-2,Semiconductors & Electronics,"Chicago, US","Singapore, SG",Air Freight,6.6,2605.36,964,50,0.307,6219.1,0.611,0.093,1.0534,19.28,0.0743,6.6,0.0,0
SHP-11012,GlobalTech Micro,Tier-1,Pharmaceuticals,"Taipei, TW","Singapore, SG",Air Freight,4.0,8312.0,1045,250,0.106,9369.8,0.372,0.598,0.424,4.18,0.246,8.2,4.2,1
SHP-11013,GlobalTech Micro,Tier-1,Pharmaceuticals,"Shenzhen, CN","Frankfurt, DE",Standard Ground,8.8,1966.5,957,100,0.062,952.0,0.192,0.566,9.2504,9.57,0.1154,8.8,0.0,0
SHP-11014,TransPacific Freight,Tier-3,Industrial Machinery,"Tokyo, JP","Frankfurt, DE",Air Freight,7.2,19768.74,216,500,0.422,7842.3,0.113,0.463,0.9203,0.432,0.0744,12.6,5.4,1
SHP-11015,Bavaria Logistics Parts,Tier-1,Semiconductors & Electronics,"Tokyo, JP","Rotterdam, NL",Ocean Intermodal,21.0,1584.34,604,250,0.067,7116.9,0.036,0.591,2.9555,2.416,0.0227,21.0,0.0,0
SHP-11016,Shenzhen Silicon Ltd,Tier-2,Consumer Electronics,"Taipei, TW","Frankfurt, DE",Standard Ground,5.4,4269.17,1267,250,0.261,2676.7,0.323,0.327,2.0337,5.068,0.1332,5.4,0.0,0
SHP-11017,Nordic Raw Materials,Tier-1,Consumer Electronics,"Busan, KR","Singapore, SG",Air Freight,4.0,27933.43,81,500,0.1,10469.7,0.447,0.522,0.3774,0.162,0.2566,9.3,5.3,1
SHP-11018,Delta Industrial Supplies,Tier-2,Consumer Electronics,"Munich, DE","Dallas, US",Ocean Intermodal,34.7,11425.17,488,1000,0.245,11778.1,0.539,0.503,2.9488,0.488,0.3375,41.7,7.0,1
SHP-11019,Nordic Raw Materials,Tier-1,Pharmaceuticals,"Munich, DE","Rotterdam, NL",Ocean Intermodal,18.2,1791.87,66,250,0.135,11828.4,0.366,0.586,1.5372,0.264,0.2434,24.5,6.3,1
SHP-11020,Apex Auto Components,Tier-1,Semiconductors & Electronics,"Taipei, TW","Frankfurt, DE",Standard Ground,13.4,3667.18,255,250,0.17,935.5,0.244,0.25,14.3222,1.02,0.0713,13.4,0.0,0
SHP-11021,Bavaria Logistics Parts,Tier-1,Semiconductors & Electronics,"Busan, KR","Rotterdam, NL",Air Freight,4.3,2882.38,1180,50,0.077,4018.0,0.494,0.262,1.0784,23.6,0.1394,4.3,0.0,0
SHP-11022,Apex Auto Components,Tier-1,Industrial Machinery,"Tokyo, JP","Singapore, SG",Air Freight,7.1,27040.3,224,500,0.077,8029.9,0.224,0.432,0.8808,0.448,0.1042,7.1,0.0,0
SHP-11023,FastTrack Assembly Co,Tier-2,Automotive Assemblies,"Shenzhen, CN","Frankfurt, DE",Ocean Intermodal,34.5,2419.1,621,250,0.331,9404.7,0.285,0.155,3.6682,2.484,0.0588,34.5,0.0,0
SHP-11024,FastTrack Assembly Co,Tier-2,Industrial Machinery,"Chicago, US","Frankfurt, DE",Air Freight,6.2,108274.76,330,2000,0.358,6419.6,0.362,0.577,0.9657,0.165,0.2837,12.7,6.5,1
SHP-11025,TransPacific Freight,Tier-3,Automotive Assemblies,"Busan, KR","Rotterdam, NL",Standard Ground,11.0,2249.96,177,100,0.403,3162.8,0.245,0.723,3.4879,1.77,0.2485,16.8,5.8,1
SHP-11026,Shenzhen Silicon Ltd,Tier-2,Pharmaceuticals,"Taipei, TW","Singapore, SG",Air Freight,7.2,6523.52,112,250,0.247,7107.1,0.33,0.367,1.0163,0.448,0.1511,11.2,4.0,1
SHP-11027,TransPacific Freight,Tier-3,Consumer Electronics,"Tokyo, JP","Rotterdam, NL",Express Carrier,4.8,49028.4,521,1000,0.457,6399.7,0.303,0.613,0.7502,0.521,0.2705,12.1,7.3,1
SHP-11028,Nordic Raw Materials,Tier-1,Consumer Electronics,"Shenzhen, CN","Frankfurt, DE",Standard Ground,9.4,1447.4,1217,100,0.022,3140.2,0.21,0.211,2.9776,12.17,0.0453,9.4,0.0,0
SHP-11029,Shenzhen Silicon Ltd,Tier-2,Consumer Electronics,"Busan, KR","Los Angeles, US",Air Freight,5.7,3388.65,574,100,0.253,7152.4,0.542,0.552,0.7952,5.74,0.375,9.1,3.4,1
SHP-11030,TransPacific Freight,Tier-3,Industrial Machinery,"Chicago, US","Rotterdam, NL",Standard Ground,11.7,37956.41,571,2000,0.423,1533.8,0.299,0.259,7.6503,0.2855,0.1102,11.7,0.0,0
SHP-11031,Delta Industrial Supplies,Tier-2,Consumer Electronics,"Munich, DE","Singapore, SG",Ocean Intermodal,34.2,5087.73,1144,500,0.267,11008.4,0.115,0.486,3.1077,2.288,0.0708,37.1,2.9,1
SHP-11032,GlobalTech Micro,Tier-1,Semiconductors & Electronics,"Munich, DE","Los Angeles, US",Standard Ground,11.2,4177.2,920,250,0.076,3154.2,0.108,0.577,3.5582,3.68,0.0671,11.2,0.0,0
SHP-11033,Nordic Raw Materials,Tier-1,Industrial Machinery,"Munich, DE","Singapore, SG",Air Freight,5.6,10698.43,781,250,0.143,11007.0,0.339,0.54,0.5043,3.124,0.2093,8.7,3.1,1
SHP-11034,FastTrack Assembly Co,Tier-2,Automotive Assemblies,"Shenzhen, CN","Los Angeles, US",Ocean Intermodal,27.7,1752.85,457,250,0.295,9488.0,0.109,0.14,2.9164,1.828,0.0198,27.7,0.0,0
SHP-11035,Nordic Raw Materials,Tier-1,Consumer Electronics,"Taipei, TW","Rotterdam, NL",Ocean Intermodal,29.1,9134.89,933,2000,0.01,7134.5,0.253,0.465,4.0765,0.4665,0.1188,29.1,0.0,0
SHP-11036,FastTrack Assembly Co,Tier-2,Pharmaceuticals,"Chicago, US","Los Angeles, US",Ocean Intermodal,33.2,4509.85,461,500,0.315,7686.2,0.289,0.3,4.3221,0.922,0.114,34.5,1.3,1
SHP-11037,Shenzhen Silicon Ltd,Tier-2,Automotive Assemblies,"Shenzhen, CN","Singapore, SG",Standard Ground,5.1,1854.37,271,100,0.251,3110.0,0.307,0.346,1.6328,2.71,0.1329,5.1,0.0,0
SHP-11038,FastTrack Assembly Co,Tier-2,Automotive Assemblies,"Taipei, TW","Singapore, SG",Air Freight,4.4,1495.61,770,50,0.331,4843.1,0.311,0.126,0.899,15.4,0.0522,4.4,0.0,0
SHP-11039,FastTrack Assembly Co,Tier-2,Automotive Assemblies,"Chicago, US","Dallas, US",Standard Ground,6.4,1006.48,572,50,0.336,1525.0,0.723,0.569,4.2262,11.44,0.5497,11.7,5.3,1
SHP-11040,Bavaria Logistics Parts,Tier-1,Semiconductors & Electronics,"Munich, DE","Los Angeles, US",Standard Ground,13.7,1810.23,1398,100,0.015,1201.1,0.36,0.428,11.3763,13.98,0.1563,13.7,0.0,0
SHP-11041,Bavaria Logistics Parts,Tier-1,Consumer Electronics,"Chicago, US","Singapore, SG",Standard Ground,11.5,876.57,446,50,0.068,1855.4,0.25,0.273,6.2108,8.92,0.0729,11.5,0.0,0
SHP-11042,GlobalTech Micro,Tier-1,Consumer Electronics,"Taipei, TW","Frankfurt, DE",Air Freight,5.2,29857.13,507,500,0.099,5877.1,0.278,0.697,0.881,1.014,0.213,8.7,3.5,1
SHP-11043,Delta Industrial Supplies,Tier-2,Consumer Electronics,"Shenzhen, CN","Frankfurt, DE",Ocean Intermodal,28.8,1205.31,885,100,0.22,7155.6,0.72,0.362,4.0272,8.85,0.3179,32.7,3.9,1
SHP-11044,GlobalTech Micro,Tier-1,Consumer Electronics,"Chicago, US","Rotterdam, NL",Ocean Intermodal,31.2,2020.9,567,250,0.109,13982.5,0.306,0.358,2.2292,2.268,0.1215,34.3,3.1,1
SHP-11045,Apex Auto Components,Tier-1,Semiconductors & Electronics,"Shenzhen, CN","Frankfurt, DE",Ocean Intermodal,27.2,2574.56,435,250,0.094,11134.8,0.228,0.854,2.4395,1.74,0.213,31.6,4.4,1
SHP-11046,Nordic Raw Materials,Tier-1,Automotive Assemblies,"Chicago, US","Dallas, US",Standard Ground,10.8,3392.77,1103,250,0.077,2318.7,0.222,0.489,4.6667,4.412,0.1169,10.8,0.0,0
SHP-11047,Bavaria Logistics Parts,Tier-1,Pharmaceuticals,"Busan, KR","Dallas, US",Ocean Intermodal,23.1,2348.24,815,250,0.028,7360.3,0.182,0.452,3.1408,3.26,0.0846,23.1,0.0,0
SHP-11048,Bavaria Logistics Parts,Tier-1,Pharmaceuticals,"Chicago, US","Singapore, SG",Standard Ground,10.5,6025.78,212,500,0.121,587.6,0.323,0.432,17.8976,0.424,0.1565,10.5,0.0,0
SHP-11049,TransPacific Freight,Tier-3,Semiconductors & Electronics,"Munich, DE","Singapore, SG",Standard Ground,12.4,6267.97,665,500,0.425,2774.5,0.778,0.296,4.4721,1.33,0.3281,17.6,5.2,1
SHP-11050,Nordic Raw Materials,Tier-1,Semiconductors & Electronics,"Taipei, TW","Singapore, SG",Standard Ground,5.4,634.74,843,50,0.108,718.1,0.171,0.449,7.4828,16.86,0.0851,5.4,0.0,0
SHP-11051,TransPacific Freight,Tier-3,Consumer Electronics,"Shenzhen, CN","Dallas, US",Air Freight,3.6,13790.05,1274,250,0.445,8085.1,0.498,0.209,0.449,5.096,0.1504,7.5,3.9,1
SHP-11052,TransPacific Freight,Tier-3,Industrial Machinery,"Busan, KR","Frankfurt, DE",Air Freight,4.7,3408.25,165,100,0.478,7132.0,0.375,0.467,0.6632,1.65,0.2589,11.7,7.0,1
SHP-11053,Delta Industrial Supplies,Tier-2,Automotive Assemblies,"Taipei, TW","Los Angeles, US",Standard Ground,10.9,5029.57,1159,250,0.275,2141.5,0.698,0.347,5.1061,4.636,0.3089,10.9,0.0,0
SHP-11054,TransPacific Freight,Tier-3,Pharmaceuticals,"Taipei, TW","Singapore, SG",Ocean Intermodal,29.9,2499.94,650,250,0.371,10040.0,0.128,0.343,2.9823,2.6,0.0602,33.0,3.1,1
SHP-11055,Apex Auto Components,Tier-1,Pharmaceuticals,"Chicago, US","Frankfurt, DE",Air Freight,7.0,29837.72,592,500,0.083,8531.1,0.492,0.681,0.8204,1.184,0.3629,11.3,4.3,1
SHP-11056,Delta Industrial Supplies,Tier-2,Semiconductors & Electronics,"Chicago, US","Los Angeles, US",Air Freight,7.2,21073.63,737,500,0.224,5783.3,0.25,0.267,1.2443,1.474,0.0817,7.2,0.0,0
SHP-11057,TransPacific Freight,Tier-3,Semiconductors & Electronics,"Munich, DE","Frankfurt, DE",Ocean Intermodal,33.1,2507.05,388,500,0.454,8139.8,0.387,0.37,4.0719,0.776,0.2082,42.0,8.9,1
SHP-11058,Nordic Raw Materials,Tier-1,Pharmaceuticals,"Munich, DE","Dallas, US",Standard Ground,11.5,2430.27,889,250,0.109,1869.9,0.306,0.448,6.15,3.556,0.152,11.5,0.0,0
SHP-11059,GlobalTech Micro,Tier-1,Pharmaceuticals,"Tokyo, JP","Los Angeles, US",Standard Ground,13.2,3743.37,666,250,0.104,1840.7,0.478,0.52,7.1683,2.664,0.2745,13.2,0.0,0
SHP-11060,TransPacific Freight,Tier-3,Industrial Machinery,"Tokyo, JP","Los Angeles, US",Air Freight,7.5,11827.95,1476,250,0.481,10861.2,0.459,0.185,0.6894,5.904,0.1258,12.0,4.5,1
SHP-11061,GlobalTech Micro,Tier-1,Consumer Electronics,"Busan, KR","Dallas, US",Standard Ground,6.7,3585.35,447,250,0.106,983.1,0.192,0.425,6.7988,1.788,0.0902,6.7,0.0,0
SHP-11062,Apex Auto Components,Tier-1,Industrial Machinery,"Shenzhen, CN","Los Angeles, US",Standard Ground,10.0,3078.31,989,250,0.073,734.7,0.576,0.357,13.6197,3.956,0.2206,10.0,0.0,0
SHP-11063,Delta Industrial Supplies,Tier-2,Consumer Electronics,"Tokyo, JP","Singapore, SG",Standard Ground,13.2,3925.4,1219,250,0.295,1904.6,0.208,0.215,6.9389,4.876,0.0579,13.2,0.0,0
SHP-11064,Nordic Raw Materials,Tier-1,Consumer Electronics,"Munich, DE","Los Angeles, US",Express Carrier,2.6,4660.75,383,100,0.058,3485.9,0.582,0.616,0.733,3.83,0.3794,2.6,0.0,0
SHP-11065,Nordic Raw Materials,Tier-1,Consumer Electronics,"Busan, KR","Singapore, SG",Air Freight,6.9,9282.72,745,250,0.115,6423.2,0.245,0.224,1.0737,2.98,0.0612,6.9,0.0,0
SHP-11066,Nordic Raw Materials,Tier-1,Industrial Machinery,"Busan, KR","Singapore, SG",Standard Ground,10.7,18925.92,1200,1000,0.107,944.3,0.22,0.304,11.3544,1.2,0.0741,10.7,0.0,0
SHP-11067,FastTrack Assembly Co,Tier-2,Semiconductors & Electronics,"Shenzhen, CN","Singapore, SG",Express Carrier,4.1,2180.68,1188,50,0.276,5687.1,0.244,0.505,0.7174,23.76,0.1572,4.1,0.0,0
SHP-11068,FastTrack Assembly Co,Tier-2,Semiconductors & Electronics,"Munich, DE","Singapore, SG",Air Freight,7.4,12804.59,1198,250,0.265,11385.1,0.211,0.479,0.6515,4.792,0.1279,11.4,4.0,1
SHP-11069,Bavaria Logistics Parts,Tier-1,Automotive Assemblies,"Busan, KR","Frankfurt, DE",Ocean Intermodal,22.3,5816.53,1066,500,0.097,7095.0,0.119,0.394,3.1478,2.132,0.0514,22.3,0.0,0
SHP-11070,Nordic Raw Materials,Tier-1,Industrial Machinery,"Shenzhen, CN","Singapore, SG",Standard Ground,7.1,5165.35,492,250,0.079,2785.6,0.247,0.235,2.5416,1.968,0.0626,7.1,0.0,0
SHP-11071,Nordic Raw Materials,Tier-1,Consumer Electronics,"Busan, KR","Dallas, US",Ocean Intermodal,25.2,2986.93,682,250,0.031,9303.1,0.257,0.768,2.7101,2.728,0.2035,27.9,2.7,1
SHP-11072,TransPacific Freight,Tier-3,Semiconductors & Electronics,"Shenzhen, CN","Los Angeles, US",Express Carrier,3.9,9619.83,703,250,0.445,3639.8,0.606,0.259,1.0594,2.812,0.2267,6.2,2.3,1
SHP-11073,Delta Industrial Supplies,Tier-2,Pharmaceuticals,"Taipei, TW","Frankfurt, DE",Standard Ground,12.9,4858.24,688,250,0.196,1241.2,0.834,0.491,10.3769,2.752,0.4897,15.8,2.9,1
SHP-11074,Apex Auto Components,Tier-1,Consumer Electronics,"Busan, KR","Dallas, US",Air Freight,5.7,3558.89,852,100,0.03,4374.1,0.428,0.299,1.301,8.52,0.1318,5.7,0.0,0
SHP-11075,TransPacific Freight,Tier-3,Industrial Machinery,"Chicago, US","Dallas, US",Air Freight,3.1,14678.46,940,250,0.398,8122.2,0.053,0.566,0.3839,3.76,0.0419,7.5,4.4,1
SHP-11076,Bavaria Logistics Parts,Tier-1,Industrial Machinery,"Shenzhen, CN","Singapore, SG",Standard Ground,7.0,1884.24,1341,100,0.036,2347.3,0.541,0.629,2.9659,13.41,0.3524,7.0,0.0,0
SHP-11077,Apex Auto Components,Tier-1,Pharmaceuticals,"Taipei, TW","Rotterdam, NL",Standard Ground,13.7,3226.92,865,250,0.101,2806.1,0.451,0.706,4.8786,3.46,0.3506,13.7,0.0,0
SHP-11078,Nordic Raw Materials,Tier-1,Consumer Electronics,"Munich, DE","Dallas, US",Ocean Intermodal,34.0,5081.82,1361,500,0.042,11548.8,0.539,0.746,2.9437,2.722,0.4191,37.0,3.0,1
SHP-11079,Apex Auto Components,Tier-1,Consumer Electronics,"Taipei, TW","Dallas, US",Ocean Intermodal,21.7,6125.39,514,500,0.069,13586.8,0.565,0.171,1.5942,1.028,0.1032,26.6,4.9,1
SHP-11080,FastTrack Assembly Co,Tier-2,Semiconductors & Electronics,"Busan, KR","Los Angeles, US",Ocean Intermodal,19.8,2396.4,1273,250,0.349,8333.9,0.734,0.303,2.37,5.092,0.2999,25.7,5.9,1
SHP-11081,Bavaria Logistics Parts,Tier-1,Consumer Electronics,"Munich, DE","Los Angeles, US",Standard Ground,12.3,1014.47,963,50,0.01,2004.3,0.459,0.53,6.1499,19.26,0.2457,12.3,0.0,0
SHP-11082,Shenzhen Silicon Ltd,Tier-2,Consumer Electronics,"Tokyo, JP","Dallas, US",Ocean Intermodal,30.9,1896.4,447,250,0.351,8642.6,0.167,0.296,3.5781,1.788,0.0668,32.5,1.6,1
SHP-11083,GlobalTech Micro,Tier-1,Automotive Assemblies,"Munich, DE","Rotterdam, NL",Standard Ground,7.0,1505.69,765,100,0.059,1170.1,0.619,0.468,5.9683,7.65,0.3068,7.0,0.0,0
SHP-11084,FastTrack Assembly Co,Tier-2,Consumer Electronics,"Busan, KR","Dallas, US",Standard Ground,6.7,1202.45,105,100,0.33,2276.1,0.107,0.605,2.9232,1.05,0.0861,10.0,3.3,1
SHP-11085,Delta Industrial Supplies,Tier-2,Consumer Electronics,"Taipei, TW","Los Angeles, US",Ocean Intermodal,26.8,5583.13,712,500,0.206,10305.3,0.277,0.251,2.5991,1.424,0.0839,26.8,0.0,0
SHP-11086,Apex Auto Components,Tier-1,Consumer Electronics,"Munich, DE","Dallas, US",Standard Ground,9.5,2299.09,1017,250,0.116,2712.3,0.744,0.377,3.492,4.068,0.313,9.5,0.0,0
SHP-11087,FastTrack Assembly Co,Tier-2,Industrial Machinery,"Munich, DE","Singapore, SG",Ocean Intermodal,34.2,1115.03,1202,100,0.364,10786.5,0.36,0.779,3.1729,12.02,0.3824,43.0,8.8,1
SHP-11088,Shenzhen Silicon Ltd,Tier-2,Pharmaceuticals,"Chicago, US","Los Angeles, US",Standard Ground,9.5,4403.52,106,250,0.251,2900.2,0.402,0.522,3.283,0.424,0.2624,15.6,6.1,1
SHP-11089,Delta Industrial Supplies,Tier-2,Pharmaceuticals,"Munich, DE","Singapore, SG",Ocean Intermodal,21.1,20839.8,149,2000,0.184,10617.0,0.156,0.588,1.9875,0.0745,0.1086,26.2,5.1,1
SHP-11090,Nordic Raw Materials,Tier-1,Industrial Machinery,"Munich, DE","Los Angeles, US",Express Carrier,4.8,3042.9,66,50,0.01,7051.8,0.462,0.351,0.686,1.32,0.1638,4.8,0.0,0
SHP-11091,Bavaria Logistics Parts,Tier-1,Industrial Machinery,"Taipei, TW","Rotterdam, NL",Ocean Intermodal,22.5,751.3,429,100,0.067,7717.8,0.411,0.652,2.9156,4.29,0.286,22.5,0.0,0
SHP-11092,Bavaria Logistics Parts,Tier-1,Industrial Machinery,"Tokyo, JP","Frankfurt, DE",Standard Ground,9.7,16467.24,834,1000,0.01,2915.0,0.346,0.928,3.3128,0.834,0.3243,11.2,1.5,1
SHP-11093,TransPacific Freight,Tier-3,Consumer Electronics,"Shenzhen, CN","Dallas, US",Standard Ground,6.4,4237.33,1415,250,0.438,3220.4,0.437,0.167,1.9982,5.66,0.105,6.4,0.0,0
SHP-11094,Delta Industrial Supplies,Tier-2,Consumer Electronics,"Shenzhen, CN","Singapore, SG",Ocean Intermodal,20.8,1594.93,1212,250,0.211,8366.9,0.121,0.053,2.4811,4.848,0.0078,20.8,0.0,0
SHP-11095,FastTrack Assembly Co,Tier-2,Automotive Assemblies,"Shenzhen, CN","Dallas, US",Ocean Intermodal,26.8,574.12,320,50,0.274,7767.6,0.299,0.072,3.4465,6.4,0.0274,26.8,0.0,0
SHP-11096,Delta Industrial Supplies,Tier-2,Consumer Electronics,"Chicago, US","Frankfurt, DE",Air Freight,5.1,2045.35,919,50,0.141,5773.3,0.241,0.14,0.8796,18.38,0.0385,5.1,0.0,0
SHP-11097,Delta Industrial Supplies,Tier-2,Industrial Machinery,"Busan, KR","Rotterdam, NL",Ocean Intermodal,19.9,9447.97,1355,1000,0.265,11433.5,0.12,0.332,1.7427,1.355,0.0504,25.4,5.5,1
SHP-11098,Bavaria Logistics Parts,Tier-1,Consumer Electronics,"Busan, KR","Rotterdam, NL",Ocean Intermodal,23.4,920.82,769,100,0.049,9114.6,0.607,0.536,2.5721,7.69,0.3412,27.0,3.6,1
SHP-11099,FastTrack Assembly Co,Tier-2,Pharmaceuticals,"Munich, DE","Los Angeles, US",Standard Ground,12.7,1330.04,1418,100,0.277,1178.5,0.233,0.159,10.7354,14.18,0.0473,12.7,0.0,0
SHP-11100,FastTrack Assembly Co,Tier-2,Automotive Assemblies,"Taipei, TW","Singapore, SG",Ocean Intermodal,24.9,4361.66,1089,500,0.285,8336.9,0.613,0.188,2.9845,2.178,0.1481,28.3,3.4,1
SHP-11101,TransPacific Freight,Tier-3,Industrial Machinery,"Munich, DE","Frankfurt, DE",Standard Ground,6.9,9697.34,214,500,0.441,1331.2,0.092,0.52,5.2077,0.428,0.069,10.9,4.0,1
SHP-11102,Apex Auto Components,Tier-1,Consumer Electronics,"Tokyo, JP","Los Angeles, US",Standard Ground,10.4,19849.95,62,1000,0.053,2172.0,0.304,0.222,4.7953,0.062,0.071,10.4,0.0,0
SHP-11103,Nordic Raw Materials,Tier-1,Semiconductors & Electronics,"Munich, DE","Frankfurt, DE",Ocean Intermodal,31.1,641.99,585,50,0.038,11959.1,0.583,0.773,2.602,11.7,0.4678,36.3,5.2,1
SHP-11104,Nordic Raw Materials,Tier-1,Industrial Machinery,"Busan, KR","Rotterdam, NL",Ocean Intermodal,23.0,1535.85,1208,250,0.175,8302.9,0.138,0.382,2.7743,4.832,0.062,23.0,0.0,0
SHP-11105,FastTrack Assembly Co,Tier-2,Semiconductors & Electronics,"Busan, KR","Los Angeles, US",Ocean Intermodal,28.1,2762.34,942,250,0.357,10536.3,0.105,0.055,2.665,3.768,0.0078,28.1,0.0,0
SHP-11106,Bavaria Logistics Parts,Tier-1,Industrial Machinery,"Munich, DE","Dallas, US",Air Freight,5.3,5040.22,1140,100,0.037,7635.7,0.117,0.526,0.6941,11.4,0.0638,5.3,0.0,0
SHP-11107,Nordic Raw Materials,Tier-1,Consumer Electronics,"Chicago, US","Los Angeles, US",Ocean Intermodal,30.1,4756.27,571,500,0.07,11540.8,0.299,0.427,2.6065,1.142,0.1366,33.1,3.0,1
SHP-11108,Apex Auto Components,Tier-1,Automotive Assemblies,"Chicago, US","Singapore, SG",Air Freight,7.7,16291.37,223,500,0.05,9654.4,0.31,0.187,0.7961,0.446,0.0609,7.7,0.0,0
SHP-11109,TransPacific Freight,Tier-3,Semiconductors & Electronics,"Taipei, TW","Frankfurt, DE",Ocean Intermodal,26.2,863.7,1211,100,0.436,10551.5,0.381,0.512,2.4807,12.11,0.2802,32.8,6.6,1
SHP-11110,Nordic Raw Materials,Tier-1,Industrial Machinery,"Taipei, TW","Rotterdam, NL",Express Carrier,3.8,5387.83,308,100,0.098,4777.8,0.104,0.408,0.7938,3.08,0.0466,3.8,0.0,0
SHP-11111,FastTrack Assembly Co,Tier-2,Automotive Assemblies,"Shenzhen, CN","Frankfurt, DE",Ocean Intermodal,28.8,7946.76,469,1000,0.348,7568.3,0.466,0.464,3.8109,0.469,0.2914,33.1,4.3,1
SHP-11112,FastTrack Assembly Co,Tier-2,Automotive Assemblies,"Busan, KR","Frankfurt, DE",Standard Ground,13.9,12099.78,869,1000,0.29,897.6,0.657,0.544,15.5379,0.869,0.461,16.4,2.5,1
SHP-11113,Bavaria Logistics Parts,Tier-1,Pharmaceuticals,"Shenzhen, CN","Frankfurt, DE",Express Carrier,3.1,3793.21,335,50,0.069,2112.1,0.086,0.345,1.4538,6.7,0.0317,3.1,0.0,0
SHP-11114,Shenzhen Silicon Ltd,Tier-2,Pharmaceuticals,"Tokyo, JP","Dallas, US",Air Freight,4.5,22502.29,914,500,0.285,11072.9,0.355,0.356,0.4047,1.828,0.1624,9.3,4.8,1
SHP-11115,FastTrack Assembly Co,Tier-2,Industrial Machinery,"Tokyo, JP","Rotterdam, NL",Standard Ground,11.0,4427.93,212,250,0.384,2260.3,0.585,0.34,4.8489,0.848,0.2752,15.2,4.2,1
SHP-11116,FastTrack Assembly Co,Tier-2,Industrial Machinery,"Shenzhen, CN","Dallas, US",Air Freight,3.5,3201.35,1000,100,0.329,9736.0,0.054,0.6,0.3594,10.0,0.0431,7.8,4.3,1
SHP-11117,Apex Auto Components,Tier-1,Pharmaceuticals,"Chicago, US","Rotterdam, NL",Air Freight,3.5,27048.58,700,500,0.082,5025.7,0.569,0.438,0.6959,1.4,0.2696,3.5,0.0,0
SHP-11118,Bavaria Logistics Parts,Tier-1,Pharmaceuticals,"Busan, KR","Frankfurt, DE",Standard Ground,10.0,1586.45,188,100,0.01,1594.4,0.369,0.268,6.3011,1.88,0.0999,10.0,0.0,0
SHP-11119,GlobalTech Micro,Tier-1,Consumer Electronics,"Tokyo, JP","Rotterdam, NL",Standard Ground,12.4,3136.26,1488,250,0.088,1679.7,0.297,0.216,7.3574,5.952,0.0698,12.4,0.0,0
SHP-11120,Bavaria Logistics Parts,Tier-1,Semiconductors & Electronics,"Taipei, TW","Rotterdam, NL",Air Freight,5.3,10898.73,1238,250,0.01,5339.0,0.41,0.463,0.9856,4.952,0.1917,5.3,0.0,0
SHP-11121,Shenzhen Silicon Ltd,Tier-2,Industrial Machinery,"Chicago, US","Singapore, SG",Ocean Intermodal,34.9,4066.46,120,500,0.226,11898.8,0.342,0.378,2.9325,0.24,0.1585,41.9,7.0,1
SHP-11122,Apex Auto Components,Tier-1,Automotive Assemblies,"Tokyo, JP","Frankfurt, DE",Air Freight,7.1,20992.21,606,500,0.134,8774.8,0.279,0.118,0.8078,1.212,0.0373,7.1,0.0,0
SHP-11123,GlobalTech Micro,Tier-1,Automotive Assemblies,"Busan, KR","Rotterdam, NL",Ocean Intermodal,31.1,1205.11,1332,100,0.178,8717.5,0.491,0.48,3.5681,13.32,0.2776,33.5,2.4,1
SHP-11124,Nordic Raw Materials,Tier-1,Automotive Assemblies,"Busan, KR","Dallas, US",Air Freight,4.4,8955.71,980,250,0.058,11428.3,0.36,0.232,0.3878,3.92,0.0884,4.4,0.0,0
SHP-11125,Delta Industrial Supplies,Tier-2,Pharmaceuticals,"Chicago, US","Frankfurt, DE",Ocean Intermodal,30.9,3891.29,1340,500,0.219,12333.5,0.197,0.104,2.5084,2.68,0.025,30.9,0.0,0
SHP-11126,Nordic Raw Materials,Tier-1,Semiconductors & Electronics,"Chicago, US","Rotterdam, NL",Air Freight,5.1,9242.0,53,250,0.059,8704.8,0.163,0.551,0.5893,0.212,0.0951,9.5,4.4,1
SHP-11127,Shenzhen Silicon Ltd,Tier-2,Automotive Assemblies,"Shenzhen, CN","Rotterdam, NL",Express Carrier,2.5,21805.04,634,500,0.283,4230.9,0.174,0.407,0.5896,1.268,0.0908,2.5,0.0,0
SHP-11128,Bavaria Logistics Parts,Tier-1,Consumer Electronics,"Tokyo, JP","Singapore, SG",Standard Ground,10.9,2043.73,166,100,0.036,1876.6,0.441,0.217,5.8064,1.66,0.0992,10.9,0.0,0
SHP-11129,Nordic Raw Materials,Tier-1,Semiconductors & Electronics,"Busan, KR","Singapore, SG",Air Freight,3.7,3772.22,479,100,0.146,7314.5,0.096,0.18,0.5111,4.79,0.0198,3.7,0.0,0
SHP-11130,Bavaria Logistics Parts,Tier-1,Consumer Electronics,"Tokyo, JP","Dallas, US",Standard Ground,9.3,1853.04,1342,100,0.023,1463.9,0.395,0.201,6.3326,13.42,0.0812,9.3,0.0,0
SHP-11131,Delta Industrial Supplies,Tier-2,Consumer Electronics,"Chicago, US","Singapore, SG",Air Freight,7.7,14846.31,1421,250,0.234,9013.8,0.464,0.274,0.8504,5.684,0.1569,7.7,0.0,0
SHP-11132,Apex Auto Components,Tier-1,Automotive Assemblies,"Munich, DE","Singapore, SG",Ocean Intermodal,29.9,5897.41,1199,500,0.079,12719.7,0.698,0.542,2.3469,2.398,0.4082,36.5,6.6,1
SHP-11133,Delta Industrial Supplies,Tier-2,Industrial Machinery,"Taipei, TW","Dallas, US",Air Freight,6.5,15102.64,669,250,0.212,10256.8,0.114,0.355,0.6311,2.676,0.0491,6.5,0.0,0
SHP-11134,Nordic Raw Materials,Tier-1,Pharmaceuticals,"Taipei, TW","Singapore, SG",Standard Ground,5.6,1181.34,792,50,0.046,3011.0,0.505,0.377,1.8444,15.84,0.1992,5.6,0.0,0
SHP-11135,Apex Auto Components,Tier-1,Consumer Electronics,"Taipei, TW","Dallas, US",Air Freight,8.0,4225.62,333,100,0.084,11465.3,0.086,0.203,0.6941,3.33,0.0189,8.0,0.0,0
SHP-11136,Nordic Raw Materials,Tier-1,Industrial Machinery,"Chicago, US","Frankfurt, DE",Ocean Intermodal,27.3,851.91,1160,100,0.054,10210.5,0.456,0.423,2.6782,11.6,0.2032,27.3,0.0,0
SHP-11137,Nordic Raw Materials,Tier-1,Pharmaceuticals,"Tokyo, JP","Singapore, SG",Ocean Intermodal,20.4,423.61,498,50,0.059,7470.2,0.216,0.649,2.7312,9.96,0.1485,20.4,0.0,0
SHP-11138,Nordic Raw Materials,Tier-1,Consumer Electronics,"Busan, KR","Dallas, US",Ocean Intermodal,30.5,1354.38,1245,250,0.141,11027.6,0.167,0.617,2.7657,4.98,0.1176,35.6,5.1,1
SHP-11139,Nordic Raw Materials,Tier-1,Industrial Machinery,"Taipei, TW","Rotterdam, NL",Standard Ground,13.6,10013.21,229,500,0.01,1968.0,0.218,0.656,6.9265,0.458,0.1444,13.6,0.0,0
SHP-11140,Bavaria Logistics Parts,Tier-1,Semiconductors & Electronics,"Chicago, US","Singapore, SG",Ocean Intermodal,19.2,2301.34,317,500,0.038,9111.5,0.256,0.437,2.1018,0.634,0.1161,19.2,0.0,0
SHP-11141,Nordic Raw Materials,Tier-1,Automotive Assemblies,"Taipei, TW","Frankfurt, DE",Air Freight,4.3,16589.33,1078,500,0.021,5893.6,0.142,0.339,0.7331,2.156,0.0492,4.3,0.0,0
SHP-11142,GlobalTech Micro,Tier-1,Automotive Assemblies,"Taipei, TW","Rotterdam, NL",Air Freight,4.2,24457.88,872,500,0.167,8626.6,0.45,0.286,0.4905,1.744,0.1502,4.2,0.0,0
SHP-11143,Bavaria Logistics Parts,Tier-1,Industrial Machinery,"Busan, KR","Rotterdam, NL",Standard Ground,9.0,1090.56,495,100,0.01,2307.2,0.644,0.249,3.9172,4.95,0.162,9.0,0.0,0
SHP-11144,GlobalTech Micro,Tier-1,Pharmaceuticals,"Taipei, TW","Singapore, SG",Ocean Intermodal,33.8,407.56,812,50,0.104,11837.6,0.609,0.256,2.8583,16.24,0.172,33.8,0.0,0
SHP-11145,Bavaria Logistics Parts,Tier-1,Semiconductors & Electronics,"Busan, KR","Singapore, SG",Air Freight,4.2,13819.59,1086,250,0.027,4425.9,0.359,0.61,0.949,4.344,0.2248,4.2,0.0,0
SHP-11146,Delta Industrial Supplies,Tier-2,Consumer Electronics,"Busan, KR","Singapore, SG",Air Freight,7.0,6124.73,1186,100,0.283,6201.5,0.373,0.084,1.127,11.86,0.0402,7.0,0.0,0
SHP-11147,Nordic Raw Materials,Tier-1,Automotive Assemblies,"Busan, KR","Los Angeles, US",Standard Ground,10.6,2937.04,757,250,0.079,1869.8,0.11,0.751,5.6593,3.028,0.0891,10.6,0.0,0
SHP-11148,Delta Industrial Supplies,Tier-2,Pharmaceuticals,"Tokyo, JP","Rotterdam, NL",Express Carrier,2.2,24611.2,566,500,0.242,7066.5,0.641,0.536,0.3139,1.132,0.4268,5.8,3.6,1
SHP-11149,Nordic Raw Materials,Tier-1,Consumer Electronics,"Munich, DE","Frankfurt, DE",Air Freight,3.3,114438.94,675,2000,0.052,7740.6,0.643,0.153,0.4236,0.3375,0.1035,3.3,0.0,0
SHP-11150,GlobalTech Micro,Tier-1,Automotive Assemblies,"Shenzhen, CN","Dallas, US",Ocean Intermodal,24.4,7350.55,946,1000,0.155,8343.9,0.309,0.368,2.9274,0.946,0.1313,26.7,2.3,1
SHP-11151,FastTrack Assembly Co,Tier-2,Industrial Machinery,"Shenzhen, CN","Rotterdam, NL",Air Freight,4.8,15193.29,594,250,0.261,7414.4,0.466,0.408,0.645,2.376,0.2397,8.4,3.6,1
SHP-11152,Apex Auto Components,Tier-1,Semiconductors & Electronics,"Shenzhen, CN","Dallas, US",Air Freight,3.3,25694.71,177,500,0.114,9544.7,0.173,0.476,0.3467,0.354,0.0917,7.0,3.7,1
SHP-11153,Nordic Raw Materials,Tier-1,Automotive Assemblies,"Shenzhen, CN","Frankfurt, DE",Standard Ground,5.6,31650.4,1324,2000,0.126,2373.1,0.703,0.12,2.3566,0.662,0.095,5.6,0.0,0
SHP-11154,TransPacific Freight,Tier-3,Industrial Machinery,"Shenzhen, CN","Singapore, SG",Standard Ground,7.4,2937.57,950,250,0.425,3285.1,0.17,0.321,2.2447,3.8,0.0778,7.4,0.0,0
SHP-11155,Delta Industrial Supplies,Tier-2,Consumer Electronics,"Busan, KR","Los Angeles, US",Express Carrier,4.7,25566.12,336,500,0.231,4103.8,0.732,0.259,1.1569,0.672,0.2334,9.0,4.3,1
SHP-11156,Nordic Raw Materials,Tier-1,Industrial Machinery,"Tokyo, JP","Rotterdam, NL",Air Freight,6.7,2705.61,1285,50,0.121,11732.5,0.195,0.528,0.5668,25.7,0.1154,6.7,0.0,0
SHP-11157,Apex Auto Components,Tier-1,Industrial Machinery,"Munich, DE","Frankfurt, DE",Air Freight,5.8,5523.06,324,100,0.073,6832.0,0.127,0.621,0.8525,3.24,0.0846,5.8,0.0,0
SHP-11158,FastTrack Assembly Co,Tier-2,Semiconductors & Electronics,"Shenzhen, CN","Dallas, US",Standard Ground,11.3,4809.7,672,250,0.333,645.5,0.696,0.178,17.4581,2.688,0.1652,11.3,0.0,0
SHP-11159,Apex Auto Components,Tier-1,Industrial Machinery,"Tokyo, JP","Frankfurt, DE",Standard Ground,11.5,11290.46,295,1000,0.133,3123.3,0.497,0.434,3.6901,0.295,0.2443,11.5,0.0,0
SHP-11160,Nordic Raw Materials,Tier-1,Automotive Assemblies,"Busan, KR","Frankfurt, DE",Standard Ground,8.5,9986.23,986,500,0.085,1082.1,0.287,0.87,7.8759,1.972,0.2709,8.5,0.0,0
SHP-11161,FastTrack Assembly Co,Tier-2,Semiconductors & Electronics,"Tokyo, JP","Rotterdam, NL",Ocean Intermodal,24.9,919.45,1352,100,0.312,13179.8,0.127,0.247,1.888,13.52,0.0412,24.9,0.0,0
SHP-11162,Shenzhen Silicon Ltd,Tier-2,Semiconductors & Electronics,"Tokyo, JP","Singapore, SG",Standard Ground,9.0,1035.18,1218,100,0.306,1077.5,0.521,0.675,8.3114,12.18,0.4594,11.5,2.5,1
SHP-11163,FastTrack Assembly Co,Tier-2,Automotive Assemblies,"Busan, KR","Singapore, SG",Standard Ground,10.0,7115.53,1213,500,0.313,2682.6,0.358,0.202,3.7131,2.426,0.095,10.0,0.0,0
SHP-11164,Bavaria Logistics Parts,Tier-1,Semiconductors & Electronics,"Busan, KR","Rotterdam, NL",Air Freight,4.3,27227.94,1485,500,0.052,10529.7,0.243,0.507,0.4102,2.97,0.1296,4.3,0.0,0
SHP-11165,Bavaria Logistics Parts,Tier-1,Industrial Machinery,"Chicago, US","Singapore, SG",Air Freight,3.3,2684.68,1400,50,0.076,11832.4,0.355,0.468,0.2783,28.0,0.1787,3.3,0.0,0
SHP-11166,TransPacific Freight,Tier-3,Semiconductors & Electronics,"Munich, DE","Singapore, SG",Standard Ground,11.6,1952.82,978,100,0.467,3033.4,0.338,0.373,3.8121,9.78,0.1849,11.6,0.0,0
SHP-11167,Nordic Raw Materials,Tier-1,Semiconductors & Electronics,"Shenzhen, CN","Dallas, US",Standard Ground,6.3,784.61,1096,50,0.097,2640.1,0.517,0.238,2.397,21.92,0.135,6.3,0.0,0
SHP-11168,Nordic Raw Materials,Tier-1,Industrial Machinery,"Shenzhen, CN","Los Angeles, US",Air Freight,4.5,13413.26,1201,250,0.093,10067.3,0.044,0.461,0.4466,4.804,0.0222,4.5,0.0,0
SHP-11169,FastTrack Assembly Co,Tier-2,Semiconductors & Electronics,"Chicago, US","Los Angeles, US",Air Freight,5.7,1929.67,727,50,0.288,5269.2,0.278,0.328,1.074,14.54,0.1174,5.7,0.0,0
SHP-11170,Bavaria Logistics Parts,Tier-1,Pharmaceuticals,"Tokyo, JP","Frankfurt, DE",Standard Ground,5.3,4053.31,64,250,0.098,2165.9,0.423,0.093,2.4314,0.256,0.0432,5.3,0.0,0
SHP-11171,TransPacific Freight,Tier-3,Automotive Assemblies,"Chicago, US","Rotterdam, NL",Standard Ground,6.6,4920.62,1099,250,0.421,3029.0,0.543,0.351,2.1711,4.396,0.2708,9.4,2.8,1
SHP-11172,Bavaria Logistics Parts,Tier-1,Automotive Assemblies,"Busan, KR","Rotterdam, NL",Express Carrier,2.2,30373.11,1053,500,0.042,5838.5,0.186,0.197,0.3817,2.106,0.0382,2.2,0.0,0
SHP-11173,Nordic Raw Materials,Tier-1,Pharmaceuticals,"Chicago, US","Frankfurt, DE",Standard Ground,13.9,5129.61,443,250,0.059,1563.8,0.268,0.628,8.8868,1.772,0.1782,13.9,0.0,0
SHP-11174,Delta Industrial Supplies,Tier-2,Pharmaceuticals,"Chicago, US","Dallas, US",Standard Ground,8.4,8477.37,867,500,0.213,3077.5,0.186,0.507,2.7434,1.734,0.1144,8.4,0.0,0
SHP-11175,Delta Industrial Supplies,Tier-2,Consumer Electronics,"Shenzhen, CN","Frankfurt, DE",Express Carrier,2.8,20690.53,1150,500,0.21,6111.1,0.09,0.301,0.4586,2.3,0.0328,2.8,0.0,0
SHP-11176,Apex Auto Components,Tier-1,Industrial Machinery,"Tokyo, JP","Frankfurt, DE",Standard Ground,10.8,4561.08,1437,250,0.032,2876.8,0.277,0.426,3.7464,5.748,0.1218,10.8,0.0,0
SHP-11177,Delta Industrial Supplies,Tier-2,Pharmaceuticals,"Taipei, TW","Dallas, US",Ocean Intermodal,26.4,8307.36,1347,1000,0.141,10989.4,0.032,0.171,2.3993,1.347,0.0062,26.4,0.0,0
SHP-11178,Apex Auto Components,Tier-1,Automotive Assemblies,"Tokyo, JP","Rotterdam, NL",Standard Ground,5.6,2005.8,1374,100,0.025,1782.6,0.302,0.4,3.117,13.74,0.1238,5.6,0.0,0
SHP-11179,TransPacific Freight,Tier-3,Consumer Electronics,"Shenzhen, CN","Dallas, US",Ocean Intermodal,20.5,17186.36,550,2000,0.441,13247.4,0.422,0.18,1.5453,0.275,0.1095,26.5,6.0,1
SHP-11180,Apex Auto Components,Tier-1,Automotive Assemblies,"Chicago, US","Rotterdam, NL",Air Freight,7.7,10432.56,583,250,0.08,8575.6,0.839,0.163,0.9032,2.332,0.1477,7.7,0.0,0
SHP-11181,GlobalTech Micro,Tier-1,Semiconductors & Electronics,"Munich, DE","Frankfurt, DE",Standard Ground,10.5,1006.96,1400,50,0.147,2125.6,0.07,0.453,4.9242,28.0,0.0364,10.5,0.0,0
SHP-11182,Delta Industrial Supplies,Tier-2,Semiconductors & Electronics,"Shenzhen, CN","Rotterdam, NL",Air Freight,6.7,13298.31,404,250,0.227,8352.4,0.359,0.352,0.8011,1.616,0.155,9.1,2.4,1
SHP-11183,Nordic Raw Materials,Tier-1,Semiconductors & Electronics,"Chicago, US","Rotterdam, NL",Standard Ground,11.6,1221.89,832,50,0.027,2022.2,0.319,0.569,5.7545,16.64,0.1864,11.6,0.0,0
SHP-11184,Bavaria Logistics Parts,Tier-1,Consumer Electronics,"Munich, DE","Frankfurt, DE",Standard Ground,7.4,10589.77,309,1000,0.067,722.1,0.071,0.748,10.2202,0.309,0.0567,7.4,0.0,0
SHP-11185,TransPacific Freight,Tier-3,Automotive Assemblies,"Munich, DE","Dallas, US",Air Freight,6.5,12815.88,1031,250,0.508,4356.0,0.573,0.301,1.4902,4.124,0.26,10.4,3.9,1
SHP-11186,Bavaria Logistics Parts,Tier-1,Industrial Machinery,"Taipei, TW","Rotterdam, NL",Standard Ground,9.2,11522.51,188,1000,0.065,1858.9,0.358,0.371,4.9337,0.188,0.1415,9.2,0.0,0
SHP-11187,Bavaria Logistics Parts,Tier-1,Industrial Machinery,"Tokyo, JP","Dallas, US",Air Freight,7.3,4671.43,562,100,0.023,11076.6,0.457,0.315,0.6563,5.62,0.1473,7.3,0.0,0
SHP-11188,GlobalTech Micro,Tier-1,Consumer Electronics,"Munich, DE","Rotterdam, NL",Standard Ground,8.3,1320.62,138,100,0.111,729.8,0.077,0.136,11.3289,1.38,0.0116,8.3,0.0,0
SHP-11189,Nordic Raw Materials,Tier-1,Consumer Electronics,"Busan, KR","Rotterdam, NL",Air Freight,3.0,14318.41,615,500,0.077,11654.3,0.447,0.323,0.2607,1.23,0.1554,8.2,5.2,1
SHP-11190,GlobalTech Micro,Tier-1,Pharmaceuticals,"Tokyo, JP","Dallas, US",Standard Ground,7.1,1118.46,277,100,0.104,2493.1,0.482,0.535,2.832,2.77,0.2847,7.1,0.0,0
SHP-11191,Apex Auto Components,Tier-1,Consumer Electronics,"Tokyo, JP","Dallas, US",Air Freight,4.8,12444.26,799,250,0.036,7357.2,0.34,0.517,0.6503,3.196,0.1822,4.8,0.0,0
SHP-11192,FastTrack Assembly Co,Tier-2,Industrial Machinery,"Chicago, US","Rotterdam, NL",Standard Ground,11.3,663.85,1316,50,0.271,1621.4,0.224,0.214,6.9762,26.32,0.0609,11.3,0.0,0
SHP-11193,FastTrack Assembly Co,Tier-2,Semiconductors & Electronics,"Shenzhen, CN","Rotterdam, NL",Ocean Intermodal,32.8,491.93,567,50,0.311,12074.9,0.591,0.353,2.7172,11.34,0.2736,37.2,4.4,1
SHP-11194,Apex Auto Components,Tier-1,Semiconductors & Electronics,"Taipei, TW","Frankfurt, DE",Standard Ground,7.3,1558.7,418,100,0.084,1184.5,0.872,0.354,6.1921,4.18,0.3348,7.3,0.0,0
SHP-11195,TransPacific Freight,Tier-3,Semiconductors & Electronics,"Munich, DE","Rotterdam, NL",Ocean Intermodal,21.7,1307.4,120,100,0.468,10758.1,0.14,0.352,2.0128,1.2,0.0723,27.2,5.5,1
SHP-11196,GlobalTech Micro,Tier-1,Pharmaceuticals,"Shenzhen, CN","Rotterdam, NL",Standard Ground,5.7,1441.7,250,100,0.197,1284.1,0.26,0.426,4.4408,2.5,0.1326,5.7,0.0,0
SHP-11197,GlobalTech Micro,Tier-1,Automotive Assemblies,"Tokyo, JP","Singapore, SG",Air Freight,4.7,5491.7,218,100,0.094,4230.8,0.179,0.295,1.0997,2.18,0.0578,4.7,0.0,0
SHP-11198,Delta Industrial Supplies,Tier-2,Pharmaceuticals,"Munich, DE","Frankfurt, DE",Standard Ground,8.6,3328.68,734,250,0.255,664.3,0.639,0.703,12.9579,2.936,0.5638,11.4,2.8,1
SHP-11199,Apex Auto Components,Tier-1,Semiconductors & Electronics,"Munich, DE","Singapore, SG",Standard Ground,12.5,2159.83,374,250,0.054,3059.5,0.088,0.399,4.0993,1.496,0.037,12.5,0.0,0
SHP-11200,FastTrack Assembly Co,Tier-2,Semiconductors & Electronics,"Busan, KR","Los Angeles, US",Standard Ground,10.8,17883.31,1045,1000,0.33,580.7,0.501,0.408,18.6073,1.045,0.2719,14.9,4.1,1
SHP-11201,Bavaria Logistics Parts,Tier-1,Industrial Machinery,"Munich, DE","Singapore, SG",Standard Ground,13.4,4740.96,192,250,0.023,2992.5,0.427,0.503,4.4823,0.768,0.2197,13.4,0.0,0
SHP-11202,Shenzhen Silicon Ltd,Tier-2,Pharmaceuticals,"Busan, KR","Dallas, US",Ocean Intermodal,32.4,849.39,815,50,0.233,10707.7,0.689,0.501,3.025,16.3,0.4255,38.3,5.9,1
SHP-11203,Apex Auto Components,Tier-1,Industrial Machinery,"Munich, DE","Dallas, US",Express Carrier,2.4,12048.79,1205,250,0.104,3061.2,0.185,0.423,0.7829,4.82,0.0864,2.4,0.0,0
SHP-11204,Nordic Raw Materials,Tier-1,Semiconductors & Electronics,"Chicago, US","Frankfurt, DE",Standard Ground,9.9,9198.85,1099,500,0.072,1124.3,0.123,0.382,8.808,2.198,0.0504,9.9,0.0,0
SHP-11205,Bavaria Logistics Parts,Tier-1,Semiconductors & Electronics,"Munich, DE","Rotterdam, NL",Standard Ground,13.5,6036.37,911,500,0.049,3337.1,0.388,0.664,4.0483,1.822,0.2703,13.5,0.0,0
SHP-11206,Apex Auto Components,Tier-1,Automotive Assemblies,"Munich, DE","Frankfurt, DE",Air Freight,7.0,26303.86,191,500,0.073,4314.9,0.356,0.178,1.6201,0.382,0.068,7.0,0.0,0
SHP-11207,Bavaria Logistics Parts,Tier-1,Pharmaceuticals,"Busan, KR","Frankfurt, DE",Express Carrier,3.6,4799.55,891,100,0.01,5591.0,0.576,0.618,0.6408,8.91,0.3595,3.6,0.0,0
SHP-11208,Nordic Raw Materials,Tier-1,Pharmaceuticals,"Taipei, TW","Singapore, SG",Standard Ground,13.7,1953.52,459,100,0.101,2485.4,0.28,0.306,5.5168,4.59,0.0943,13.7,0.0,0
SHP-11209,Shenzhen Silicon Ltd,Tier-2,Consumer Electronics,"Munich, DE","Frankfurt, DE",Ocean Intermodal,27.5,7945.01,368,1000,0.252,11650.5,0.409,0.505,2.3637,0.368,0.2587,33.3,5.8,1
SHP-11210,Apex Auto Components,Tier-1,Semiconductors & Electronics,"Tokyo, JP","Dallas, US",Standard Ground,5.9,892.02,737,50,0.021,1279.2,0.513,0.469,4.6369,14.74,0.2457,5.9,0.0,0
SHP-11211,FastTrack Assembly Co,Tier-2,Pharmaceuticals,"Taipei, TW","Dallas, US",Express Carrier,4.1,59557.56,601,1000,0.297,6683.2,0.175,0.361,0.6194,0.601,0.0819,7.8,3.7,1
SHP-11212,GlobalTech Micro,Tier-1,Pharmaceuticals,"Tokyo, JP","Singapore, SG",Air Freight,5.8,3883.63,726,100,0.077,4803.7,0.45,0.407,1.2016,7.26,0.1972,5.8,0.0,0
SHP-11213,Nordic Raw Materials,Tier-1,Pharmaceuticals,"Shenzhen, CN","Rotterdam, NL",Air Freight,7.7,12245.81,1061,250,0.085,7118.4,0.26,0.117,1.0803,4.244,0.033,7.7,0.0,0
SHP-11214,FastTrack Assembly Co,Tier-2,Automotive Assemblies,"Taipei, TW","Dallas, US",Standard Ground,8.8,19563.3,794,1000,0.29,2460.4,0.468,0.371,3.5656,0.794,0.2239,11.0,2.2,1
SHP-11215,FastTrack Assembly Co,Tier-2,Automotive Assemblies,"Tokyo, JP","Los Angeles, US",Ocean Intermodal,21.6,7576.86,1357,1000,0.316,11222.1,0.341,0.451,1.9219,1.357,0.2024,26.2,4.6,1
SHP-11216,Nordic Raw Materials,Tier-1,Pharmaceuticals,"Busan, KR","Rotterdam, NL",Air Freight,4.9,6067.91,1236,100,0.055,6994.5,0.516,0.598,0.6941,12.36,0.3256,4.9,0.0,0
SHP-11217,Bavaria Logistics Parts,Tier-1,Automotive Assemblies,"Tokyo, JP","Los Angeles, US",Standard Ground,12.1,2556.43,1293,250,0.02,2785.2,0.075,0.889,4.3356,5.172,0.068,12.1,0.0,0
SHP-11218,GlobalTech Micro,Tier-1,Industrial Machinery,"Taipei, TW","Frankfurt, DE",Air Freight,5.1,2801.61,876,100,0.101,6675.3,0.342,0.387,0.7629,8.76,0.1457,5.1,0.0,0
SHP-11219,Nordic Raw Materials,Tier-1,Automotive Assemblies,"Tokyo, JP","Los Angeles, US",Ocean Intermodal,28.0,3830.6,811,500,0.06,13707.1,0.183,0.284,2.0445,1.622,0.0551,28.0,0.0,0
SHP-11220,Nordic Raw Materials,Tier-1,Pharmaceuticals,"Munich, DE","Singapore, SG",Air Freight,6.2,10761.11,971,250,0.133,9442.2,0.577,0.255,0.6551,3.884,0.1666,6.2,0.0,0
SHP-11221,Nordic Raw Materials,Tier-1,Automotive Assemblies,"Munich, DE","Los Angeles, US",Ocean Intermodal,29.0,3978.85,926,500,0.119,9477.2,0.209,0.076,3.0602,1.852,0.0178,29.0,0.0,0
SHP-11222,Nordic Raw Materials,Tier-1,Automotive Assemblies,"Munich, DE","Singapore, SG",Express Carrier,5.0,19733.61,982,500,0.059,5615.8,0.241,0.385,0.8893,1.964,0.0983,5.0,0.0,0
SHP-11223,TransPacific Freight,Tier-3,Consumer Electronics,"Taipei, TW","Singapore, SG",Standard Ground,5.5,2504.85,1104,250,0.446,1338.9,0.481,0.706,4.0949,4.416,0.4911,9.1,3.6,1
SHP-11224,TransPacific Freight,Tier-3,Pharmaceuticals,"Busan, KR","Singapore, SG",Air Freight,5.4,4041.72,262,100,0.413,8370.5,0.666,0.325,0.642,2.62,0.3059,8.2,2.8,1
SHP-11225,Apex Auto Components,Tier-1,Pharmaceuticals,"Taipei, TW","Singapore, SG",Standard Ground,9.0,1449.4,542,100,0.01,3176.9,0.317,0.097,2.8176,5.42,0.0311,9.0,0.0,0
SHP-11226,FastTrack Assembly Co,Tier-2,Pharmaceuticals,"Busan, KR","Singapore, SG",Standard Ground,9.0,13930.93,780,1000,0.346,2363.1,0.56,0.251,3.8205,0.78,0.1891,13.4,4.4,1
SHP-11227,Apex Auto Components,Tier-1,Consumer Electronics,"Taipei, TW","Rotterdam, NL",Express Carrier,3.0,26154.84,446,500,0.074,3724.7,0.186,0.306,0.8011,0.892,0.0611,3.0,0.0,0
SHP-11228,Apex Auto Components,Tier-1,Industrial Machinery,"Busan, KR","Singapore, SG",Standard Ground,9.8,3327.38,938,250,0.069,2907.7,0.195,0.242,3.3684,3.752,0.0505,9.8,0.0,0
SHP-11229,FastTrack Assembly Co,Tier-2,Pharmaceuticals,"Chicago, US","Dallas, US",Standard Ground,5.4,2518.53,104,250,0.288,1211.8,0.57,0.073,4.4717,0.416,0.0536,5.4,0.0,0
SHP-11230,Apex Auto Components,Tier-1,Automotive Assemblies,"Taipei, TW","Dallas, US",Ocean Intermodal,23.9,2415.89,189,250,0.108,7556.1,0.291,0.458,3.1672,0.756,0.1477,23.9,0.0,0
SHP-11231,Nordic Raw Materials,Tier-1,Consumer Electronics,"Busan, KR","Dallas, US",Standard Ground,8.5,1478.69,1351,100,0.114,3233.8,0.061,0.249,2.6241,13.51,0.0169,8.5,0.0,0
SHP-11232,TransPacific Freight,Tier-3,Pharmaceuticals,"Shenzhen, CN","Dallas, US",Standard Ground,11.0,1429.03,1113,100,0.38,1598.5,0.212,0.57,6.8578,11.13,0.1668,11.0,0.0,0
SHP-11233,Nordic Raw Materials,Tier-1,Consumer Electronics,"Tokyo, JP","Los Angeles, US",Ocean Intermodal,18.2,3463.04,1302,500,0.091,12221.2,0.369,0.681,1.4917,2.604,0.2741,22.7,4.5,1
SHP-11234,Apex Auto Components,Tier-1,Pharmaceuticals,"Munich, DE","Los Angeles, US",Air Freight,7.5,5853.89,603,100,0.126,7133.8,0.456,0.143,1.056,6.03,0.0734,7.5,0.0,0
SHP-11235,Nordic Raw Materials,Tier-1,Pharmaceuticals,"Chicago, US","Rotterdam, NL",Standard Ground,9.1,8184.88,230,1000,0.065,3053.8,0.208,0.54,2.9782,0.23,0.1196,9.1,0.0,0
SHP-11236,Apex Auto Components,Tier-1,Automotive Assemblies,"Busan, KR","Frankfurt, DE",Standard Ground,10.5,7855.54,1009,500,0.077,2091.6,0.302,0.084,5.0116,2.018,0.0273,10.5,0.0,0
SHP-11237,GlobalTech Micro,Tier-1,Semiconductors & Electronics,"Munich, DE","Los Angeles, US",Standard Ground,6.3,1397.85,1279,100,0.127,616.8,0.486,0.321,10.2309,12.79,0.1759,6.3,0.0,0
SHP-11238,FastTrack Assembly Co,Tier-2,Industrial Machinery,"Shenzhen, CN","Dallas, US",Standard Ground,9.2,2359.37,231,250,0.329,1292.7,0.483,0.595,7.1337,0.924,0.382,15.2,6.0,1
SHP-11239,GlobalTech Micro,Tier-1,Consumer Electronics,"Chicago, US","Singapore, SG",Standard Ground,9.9,2729.68,1281,250,0.118,2362.7,0.362,0.479,4.17,5.124,0.1939,9.9,0.0,0
SHP-11240,Apex Auto Components,Tier-1,Automotive Assemblies,"Chicago, US","Los Angeles, US",Standard Ground,8.1,14413.58,1331,1000,0.1,1284.0,0.109,0.421,6.299,1.331,0.0505,8.1,0.0,0
SHP-11241,Shenzhen Silicon Ltd,Tier-2,Pharmaceuticals,"Tokyo, JP","Singapore, SG",Ocean Intermodal,28.1,3180.98,610,250,0.335,9093.6,0.223,0.202,3.0927,2.44,0.0602,28.1,0.0,0
SHP-11242,Apex Auto Components,Tier-1,Pharmaceuticals,"Shenzhen, CN","Rotterdam, NL",Air Freight,6.8,2796.89,645,100,0.074,10039.5,0.37,0.596,0.6761,6.45,0.2368,9.9,3.1,1
SHP-11243,TransPacific Freight,Tier-3,Automotive Assemblies,"Chicago, US","Rotterdam, NL",Air Freight,3.8,3221.1,708,100,0.454,4724.8,0.259,0.637,0.8009,7.08,0.2398,8.8,5.0,1
SHP-11244,Nordic Raw Materials,Tier-1,Industrial Machinery,"Chicago, US","Frankfurt, DE",Standard Ground,5.6,2839.7,252,250,0.073,3438.4,0.563,0.704,1.6209,1.008,0.4252,10.4,4.8,1
SHP-11245,Nordic Raw Materials,Tier-1,Pharmaceuticals,"Busan, KR","Rotterdam, NL",Ocean Intermodal,19.7,15299.82,94,2000,0.062,13841.9,0.358,0.246,1.4236,0.047,0.0935,23.5,3.8,1
SHP-11246,Apex Auto Components,Tier-1,Pharmaceuticals,"Munich, DE","Singapore, SG",Standard Ground,7.6,1406.96,649,100,0.042,2437.2,0.201,0.106,3.1003,6.49,0.0222,7.6,0.0,0
SHP-11247,GlobalTech Micro,Tier-1,Industrial Machinery,"Taipei, TW","Dallas, US",Express Carrier,3.1,18431.72,1417,500,0.137,7342.2,0.173,0.363,0.4287,2.834,0.0714,3.1,0.0,0
SHP-11248,TransPacific Freight,Tier-3,Semiconductors & Electronics,"Chicago, US","Dallas, US",Ocean Intermodal,23.7,653.28,140,100,0.407,7152.6,0.097,0.149,3.3082,1.4,0.0203,23.7,0.0,0
SHP-11249,Nordic Raw Materials,Tier-1,Consumer Electronics,"Busan, KR","Frankfurt, DE",Standard Ground,9.5,2756.45,947,250,0.08,1685.6,0.106,0.635,5.6158,3.788,0.0727,9.5,0.0,0
SHP-11250,FastTrack Assembly Co,Tier-2,Automotive Assemblies,"Taipei, TW","Singapore, SG",Standard Ground,8.2,1095.53,324,100,0.278,1809.2,0.688,0.328,4.5065,3.24,0.2884,8.2,0.0,0
SHP-11251,Nordic Raw Materials,Tier-1,Consumer Electronics,"Shenzhen, CN","Dallas, US",Ocean Intermodal,22.1,2961.47,982,250,0.098,11003.1,0.329,0.394,2.0103,3.928,0.1423,22.1,0.0,0
SHP-11252,Nordic Raw Materials,Tier-1,Industrial Machinery,"Taipei, TW","Frankfurt, DE",Ocean Intermodal,25.7,4653.43,311,500,0.13,11437.2,0.509,0.326,2.2464,0.622,0.1875,30.4,4.7,1
SHP-11253,Apex Auto Components,Tier-1,Pharmaceuticals,"Busan, KR","Rotterdam, NL",Air Freight,3.6,3979.93,877,100,0.096,9292.5,0.227,0.457,0.386,8.77,0.1137,3.6,0.0,0
SHP-11254,Delta Industrial Supplies,Tier-2,Pharmaceuticals,"Tokyo, JP","Dallas, US",Express Carrier,4.8,4945.31,416,100,0.219,2769.0,0.231,0.248,1.7296,4.16,0.0698,4.8,0.0,0
SHP-11255,Nordic Raw Materials,Tier-1,Automotive Assemblies,"Busan, KR","Los Angeles, US",Air Freight,5.7,15354.7,739,500,0.077,6175.5,0.648,0.742,0.9219,1.478,0.5177,10.5,4.8,1
SHP-11256,FastTrack Assembly Co,Tier-2,Semiconductors & Electronics,"Shenzhen, CN","Frankfurt, DE",Standard Ground,7.7,8325.29,865,500,0.366,2822.6,0.645,0.574,2.7162,1.73,0.5057,11.7,4.0,1
SHP-11257,Apex Auto Components,Tier-1,Pharmaceuticals,"Taipei, TW","Frankfurt, DE",Express Carrier,2.6,29643.51,488,500,0.065,4412.8,0.106,0.206,0.5828,0.976,0.0233,2.6,0.0,0
SHP-11258,GlobalTech Micro,Tier-1,Consumer Electronics,"Taipei, TW","Singapore, SG",Standard Ground,8.6,1118.16,63,100,0.108,1610.2,0.17,0.239,5.3232,0.63,0.045,8.6,0.0,0
SHP-11259,Nordic Raw Materials,Tier-1,Industrial Machinery,"Shenzhen, CN","Frankfurt, DE",Air Freight,6.2,5944.79,674,100,0.042,7124.4,0.563,0.398,0.8644,6.74,0.2336,6.2,0.0,0
SHP-11260,Delta Industrial Supplies,Tier-2,Industrial Machinery,"Chicago, US","Rotterdam, NL",Standard Ground,6.5,1850.33,482,100,0.315,2646.7,0.435,0.18,2.4519,4.82,0.103,6.5,0.0,0
SHP-11261,Apex Auto Components,Tier-1,Semiconductors & Electronics,"Munich, DE","Dallas, US",Standard Ground,11.3,1763.39,869,100,0.12,696.4,0.379,0.443,16.2549,8.69,0.188,11.3,0.0,0
SHP-11262,Nordic Raw Materials,Tier-1,Consumer Electronics,"Shenzhen, CN","Frankfurt, DE",Standard Ground,8.6,645.74,1211,50,0.145,600.8,0.246,0.206,14.2407,24.22,0.058,8.6,0.0,0
SHP-11263,TransPacific Freight,Tier-3,Semiconductors & Electronics,"Tokyo, JP","Los Angeles, US",Standard Ground,13.4,5571.44,367,500,0.397,1244.8,0.336,0.193,10.7693,0.734,0.0906,13.4,0.0,0
SHP-11264,GlobalTech Micro,Tier-1,Consumer Electronics,"Shenzhen, CN","Singapore, SG",Express Carrier,4.8,19753.58,541,500,0.129,3168.9,0.518,0.367,1.5152,1.082,0.2146,4.8,0.0,0
SHP-11265,Delta Industrial Supplies,Tier-2,Pharmaceuticals,"Tokyo, JP","Singapore, SG",Express Carrier,3.0,5110.66,531,100,0.225,3624.7,0.586,0.483,0.8404,5.31,0.3468,3.0,0.0,0
SHP-11266,GlobalTech Micro,Tier-1,Industrial Machinery,"Taipei, TW","Rotterdam, NL",Air Freight,7.7,13893.77,907,250,0.118,5839.3,0.213,0.649,1.3234,3.628,0.1546,7.7,0.0,0
SHP-11267,FastTrack Assembly Co,Tier-2,Semiconductors & Electronics,"Busan, KR","Frankfurt, DE",Standard Ground,10.8,10055.26,628,500,0.373,2276.7,0.166,0.078,4.7621,1.256,0.0178,10.8,0.0,0
SHP-11268,Apex Auto Components,Tier-1,Semiconductors & Electronics,"Tokyo, JP","Los Angeles, US",Air Freight,3.8,2204.48,1195,50,0.072,11252.0,0.167,0.416,0.3339,23.9,0.0745,3.8,0.0,0
SHP-11269,Nordic Raw Materials,Tier-1,Consumer Electronics,"Chicago, US","Dallas, US",Ocean Intermodal,27.2,5044.22,975,500,0.036,8605.4,0.313,0.238,3.1618,1.95,0.0772,27.2,0.0,0
SHP-11270,Apex Auto Components,Tier-1,Industrial Machinery,"Taipei, TW","Rotterdam, NL",Ocean Intermodal,27.3,456.26,832,50,0.048,9163.2,0.766,0.231,2.9791,16.64,0.1855,27.3,0.0,0
SHP-11271,Apex Auto Components,Tier-1,Pharmaceuticals,"Chicago, US","Frankfurt, DE",Ocean Intermodal,23.3,3964.43,579,500,0.142,11652.2,0.122,0.492,1.9972,1.158,0.0686,28.3,5.0,1
SHP-11272,Shenzhen Silicon Ltd,Tier-2,Consumer Electronics,"Chicago, US","Frankfurt, DE",Standard Ground,11.5,2247.9,869,250,0.28,2370.7,0.111,0.465,4.8661,3.476,0.0661,11.5,0.0,0
SHP-11273,Nordic Raw Materials,Tier-1,Automotive Assemblies,"Busan, KR","Singapore, SG",Standard Ground,6.3,7940.29,1415,500,0.095,1373.7,0.353,0.054,4.5784,2.83,0.0209,6.3,0.0,0
SHP-11274,TransPacific Freight,Tier-3,Semiconductors & Electronics,"Munich, DE","Dallas, US",Standard Ground,11.6,4431.44,1325,500,0.346,807.8,0.08,0.653,14.3437,2.65,0.0703,11.6,0.0,0
SHP-11275,Nordic Raw Materials,Tier-1,Pharmaceuticals,"Shenzhen, CN","Frankfurt, DE",Standard Ground,10.9,25384.66,333,2000,0.01,1784.2,0.191,0.346,6.1295,0.1665,0.0667,10.9,0.0,0
SHP-11276,FastTrack Assembly Co,Tier-2,Semiconductors & Electronics,"Chicago, US","Los Angeles, US",Ocean Intermodal,18.9,791.02,162,100,0.246,12901.5,0.399,0.687,1.463,1.62,0.3415,24.7,5.8,1
SHP-11277,Apex Auto Components,Tier-1,Industrial Machinery,"Tokyo, JP","Singapore, SG",Express Carrier,2.4,13892.75,1422,250,0.09,6532.3,0.307,0.716,0.3708,5.688,0.2395,2.4,0.0,0
SHP-11278,Shenzhen Silicon Ltd,Tier-2,Consumer Electronics,"Busan, KR","Dallas, US",Standard Ground,13.7,4108.63,70,250,0.331,2441.1,0.601,0.451,5.6297,0.28,0.3609,20.5,6.8,1
SHP-11279,Shenzhen Silicon Ltd,Tier-2,Pharmaceuticals,"Shenzhen, CN","Dallas, US",Ocean Intermodal,31.3,19283.97,86,2000,0.294,10546.1,0.054,0.3,2.9651,0.043,0.021,35.9,4.6,1
SHP-11280,TransPacific Freight,Tier-3,Semiconductors & Electronics,"Taipei, TW","Singapore, SG",Ocean Intermodal,27.2,3034.14,810,250,0.362,11057.7,0.143,0.429,2.4609,3.24,0.0836,31.1,3.9,1
SHP-11281,Delta Industrial Supplies,Tier-2,Semiconductors & Electronics,"Taipei, TW","Frankfurt, DE",Standard Ground,13.9,5150.13,1253,500,0.22,828.0,0.414,0.302,16.8381,2.506,0.1525,13.9,0.0,0
SHP-11282,TransPacific Freight,Tier-3,Pharmaceuticals,"Busan, KR","Rotterdam, NL",Standard Ground,7.3,1836.84,791,100,0.481,736.3,0.192,0.426,9.8613,7.91,0.1212,7.3,0.0,0
SHP-11283,Nordic Raw Materials,Tier-1,Industrial Machinery,"Tokyo, JP","Frankfurt, DE",Standard Ground,6.1,1208.34,181,100,0.144,3155.8,0.102,0.599,1.9199,1.81,0.0699,6.1,0.0,0
SHP-11284,FastTrack Assembly Co,Tier-2,Automotive Assemblies,"Munich, DE","Frankfurt, DE",Standard Ground,11.3,2410.84,1240,250,0.26,2967.9,0.125,0.72,3.8001,4.96,0.1134,11.3,0.0,0
SHP-11285,TransPacific Freight,Tier-3,Pharmaceuticals,"Munich, DE","Rotterdam, NL",Standard Ground,7.2,4010.9,428,250,0.455,2496.2,0.342,0.507,2.8654,1.712,0.2523,12.9,5.7,1
SHP-11286,TransPacific Freight,Tier-3,Semiconductors & Electronics,"Munich, DE","Frankfurt, DE",Standard Ground,8.0,1753.11,1332,100,0.408,1792.8,0.326,0.576,4.4528,13.32,0.2644,11.8,3.8,1
SHP-11287,FastTrack Assembly Co,Tier-2,Industrial Machinery,"Chicago, US","Dallas, US",Standard Ground,6.2,1497.65,433,100,0.341,2024.2,0.454,0.297,3.0653,4.33,0.1808,6.2,0.0,0
SHP-11288,Nordic Raw Materials,Tier-1,Semiconductors & Electronics,"Munich, DE","Frankfurt, DE",Standard Ground,6.0,9269.42,1181,500,0.035,2486.8,0.556,0.305,2.4111,2.362,0.1756,6.0,0.0,0
SHP-11289,FastTrack Assembly Co,Tier-2,Automotive Assemblies,"Tokyo, JP","Frankfurt, DE",Air Freight,5.6,45794.94,130,1000,0.347,6723.0,0.267,0.419,0.8308,0.13,0.1507,11.4,5.8,1
SHP-11290,GlobalTech Micro,Tier-1,Automotive Assemblies,"Chicago, US","Singapore, SG",Ocean Intermodal,18.2,1364.54,392,250,0.152,11625.8,0.696,0.04,1.5694,1.568,0.0321,19.2,1.0,1
SHP-11291,Apex Auto Components,Tier-1,Semiconductors & Electronics,"Tokyo, JP","Rotterdam, NL",Ocean Intermodal,21.1,1839.47,930,250,0.073,11782.6,0.455,0.419,1.7942,3.72,0.2045,21.1,0.0,0
SHP-11292,Apex Auto Components,Tier-1,Industrial Machinery,"Shenzhen, CN","Los Angeles, US",Ocean Intermodal,21.7,13020.01,468,2000,0.087,10098.7,0.065,0.49,2.1461,0.234,0.0346,25.0,3.3,1
SHP-11293,Apex Auto Components,Tier-1,Pharmaceuticals,"Chicago, US","Los Angeles, US",Standard Ground,12.2,1901.29,151,100,0.121,1254.5,0.007,0.421,9.7432,1.51,0.0033,12.2,0.0,0
SHP-11294,Nordic Raw Materials,Tier-1,Consumer Electronics,"Shenzhen, CN","Dallas, US",Ocean Intermodal,28.5,711.25,252,100,0.121,10869.2,0.508,0.344,2.618,2.52,0.1959,33.4,4.9,1
SHP-11295,Bavaria Logistics Parts,Tier-1,Semiconductors & Electronics,"Shenzhen, CN","Los Angeles, US",Standard Ground,13.0,4178.94,784,250,0.1,1185.9,0.453,0.691,10.9517,3.136,0.3443,13.0,0.0,0
SHP-11296,Shenzhen Silicon Ltd,Tier-2,Automotive Assemblies,"Chicago, US","Dallas, US",Standard Ground,7.6,1146.41,953,100,0.281,2648.6,0.625,0.248,2.852,9.53,0.1985,7.6,0.0,0
SHP-11297,TransPacific Freight,Tier-3,Semiconductors & Electronics,"Tokyo, JP","Los Angeles, US",Ocean Intermodal,34.3,9369.19,856,1000,0.395,11442.8,0.625,0.659,2.9953,0.856,0.5744,42.5,8.2,1
SHP-11298,Delta Industrial Supplies,Tier-2,Semiconductors & Electronics,"Tokyo, JP","Frankfurt, DE",Standard Ground,12.0,3669.15,779,250,0.307,3441.1,0.318,0.527,3.4768,3.116,0.219,12.0,0.0,0
SHP-11299,GlobalTech Micro,Tier-1,Consumer Electronics,"Munich, DE","Dallas, US",Standard Ground,6.8,3912.61,683,250,0.134,3341.4,0.099,0.328,2.0386,2.732,0.0368,6.8,0.0,0
SHP-11300,TransPacific Freight,Tier-3,Semiconductors & Electronics,"Chicago, US","Singapore, SG",Air Freight,5.1,11435.08,1090,250,0.42,5667.6,0.287,0.417,0.8932,4.36,0.1699,7.4,2.3,1
SHP-11301,Apex Auto Components,Tier-1,Pharmaceuticals,"Munich, DE","Singapore, SG",Standard Ground,7.2,8210.79,168,1000,0.071,1988.8,0.153,0.679,3.6253,0.168,0.1113,7.2,0.0,0
SHP-11302,GlobalTech Micro,Tier-1,Automotive Assemblies,"Shenzhen, CN","Dallas, US",Ocean Intermodal,28.1,1273.32,87,100,0.147,8201.0,0.162,0.185,3.425,0.87,0.0344,28.1,0.0,0
SHP-11303,Bavaria Logistics Parts,Tier-1,Semiconductors & Electronics,"Busan, KR","Rotterdam, NL",Express Carrier,2.2,28757.23,1480,500,0.012,7266.0,0.35,0.522,0.3082,2.96,0.1849,2.2,0.0,0
SHP-11304,Delta Industrial Supplies,Tier-2,Consumer Electronics,"Chicago, US","Frankfurt, DE",Express Carrier,4.7,34057.44,85,500,0.229,7459.1,0.419,0.449,0.6294,0.17,0.2313,8.5,3.8,1
SHP-11305,Bavaria Logistics Parts,Tier-1,Consumer Electronics,"Shenzhen, CN","Dallas, US",Ocean Intermodal,19.2,8494.21,110,1000,0.022,13840.8,0.55,0.531,1.3867,0.11,0.2984,24.3,5.1,1
SHP-11306,Nordic Raw Materials,Tier-1,Automotive Assemblies,"Tokyo, JP","Los Angeles, US",Air Freight,7.8,10247.31,1135,250,0.114,7113.4,0.452,0.508,1.091,4.54,0.2557,7.8,0.0,0
SHP-11307,Delta Industrial Supplies,Tier-2,Semiconductors & Electronics,"Munich, DE","Frankfurt, DE",Standard Ground,11.7,17411.06,1117,1000,0.188,3139.4,0.243,0.507,3.7409,1.117,0.1463,11.7,0.0,0
SHP-11308,GlobalTech Micro,Tier-1,Pharmaceuticals,"Shenzhen, CN","Rotterdam, NL",Air Freight,7.7,9139.93,77,250,0.113,10694.1,0.376,0.42,0.7207,0.308,0.1758,12.2,4.5,1
SHP-11309,Bavaria Logistics Parts,Tier-1,Industrial Machinery,"Chicago, US","Dallas, US",Standard Ground,10.5,7226.27,1449,500,0.065,627.8,0.51,0.215,16.7048,2.898,0.1167,10.5,0.0,0
SHP-11310,TransPacific Freight,Tier-3,Pharmaceuticals,"Tokyo, JP","Dallas, US",Standard Ground,6.2,1052.95,1172,50,0.402,2450.3,0.415,0.054,2.5427,23.44,0.0314,6.2,0.0,0
SHP-11311,GlobalTech Micro,Tier-1,Consumer Electronics,"Taipei, TW","Singapore, SG",Standard Ground,6.5,4453.63,1303,250,0.128,2454.6,0.237,0.148,2.6566,5.212,0.0396,6.5,0.0,0
SHP-11312,Nordic Raw Materials,Tier-1,Consumer Electronics,"Chicago, US","Rotterdam, NL",Standard Ground,6.9,913.32,330,50,0.155,3434.6,0.363,0.8,1.9946,6.6,0.3355,6.9,0.0,0
SHP-11313,GlobalTech Micro,Tier-1,Industrial Machinery,"Shenzhen, CN","Singapore, SG",Ocean Intermodal,33.0,797.49,647,100,0.112,10613.5,0.74,0.188,3.1062,6.47,0.1546,33.0,0.0,0
SHP-11314,TransPacific Freight,Tier-3,Semiconductors & Electronics,"Chicago, US","Rotterdam, NL",Air Freight,5.1,39468.96,244,1000,0.372,4768.4,0.274,0.249,1.0606,0.244,0.0936,9.5,4.4,1
SHP-11315,Apex Auto Components,Tier-1,Consumer Electronics,"Munich, DE","Singapore, SG",Ocean Intermodal,19.0,1238.22,836,100,0.113,8130.8,0.572,0.518,2.3422,8.36,0.3298,22.1,3.1,1
SHP-11316,Nordic Raw Materials,Tier-1,Automotive Assemblies,"Munich, DE","Frankfurt, DE",Air Freight,6.5,2880.2,602,100,0.104,7498.0,0.59,0.268,0.8607,6.02,0.1746,6.5,0.0,0
SHP-11317,TransPacific Freight,Tier-3,Pharmaceuticals,"Shenzhen, CN","Los Angeles, US",Ocean Intermodal,27.7,662.91,1469,100,0.324,11547.5,0.314,0.464,2.3976,14.69,0.1928,33.0,5.3,1
SHP-11318,GlobalTech Micro,Tier-1,Industrial Machinery,"Busan, KR","Dallas, US",Express Carrier,2.1,22473.94,1371,500,0.125,3348.9,0.139,0.047,0.6145,2.742,0.0073,2.1,0.0,0
SHP-11319,GlobalTech Micro,Tier-1,Pharmaceuticals,"Tokyo, JP","Singapore, SG",Standard Ground,7.5,4141.11,156,250,0.142,607.6,0.036,0.282,12.4199,0.624,0.0116,7.5,0.0,0
SHP-11320,Shenzhen Silicon Ltd,Tier-2,Automotive Assemblies,"Tokyo, JP","Frankfurt, DE",Standard Ground,8.4,1929.99,219,100,0.253,1618.9,0.049,0.181,5.1726,2.19,0.0111,8.4,0.0,0
SHP-11321,Shenzhen Silicon Ltd,Tier-2,Pharmaceuticals,"Munich, DE","Frankfurt, DE",Standard Ground,11.1,1340.8,680,100,0.313,3462.4,0.376,0.399,3.215,6.8,0.1969,11.1,0.0,0
SHP-11322,Shenzhen Silicon Ltd,Tier-2,Automotive Assemblies,"Taipei, TW","Dallas, US",Air Freight,6.2,4089.43,469,100,0.326,6225.3,0.163,0.395,0.9925,4.69,0.0854,6.2,0.0,0
SHP-11323,Bavaria Logistics Parts,Tier-1,Pharmaceuticals,"Shenzhen, CN","Los Angeles, US",Standard Ground,11.0,26908.02,1237,2000,0.072,580.9,0.145,0.12,18.8684,0.6185,0.0186,11.0,0.0,0
SHP-11324,Apex Auto Components,Tier-1,Pharmaceuticals,"Chicago, US","Rotterdam, NL",Ocean Intermodal,20.0,2326.77,635,250,0.115,7719.9,0.278,0.171,2.5873,2.54,0.053,20.0,0.0,0
SHP-11325,Delta Industrial Supplies,Tier-2,Automotive Assemblies,"Munich, DE","Los Angeles, US",Ocean Intermodal,25.4,2419.72,693,500,0.235,12306.8,0.414,0.765,2.0667,1.386,0.3911,32.2,6.8,1
SHP-11326,Bavaria Logistics Parts,Tier-1,Semiconductors & Electronics,"Shenzhen, CN","Dallas, US",Air Freight,4.1,26114.14,51,500,0.01,6764.1,0.419,0.238,0.6078,0.102,0.1007,4.1,0.0,0
SHP-11327,Nordic Raw Materials,Tier-1,Consumer Electronics,"Tokyo, JP","Los Angeles, US",Air Freight,5.1,53674.36,132,1000,0.116,9191.2,0.51,0.538,0.5576,0.132,0.3063,11.9,6.8,1
SHP-11328,Shenzhen Silicon Ltd,Tier-2,Automotive Assemblies,"Taipei, TW","Rotterdam, NL",Standard Ground,8.6,1399.71,295,100,0.342,1209.8,0.323,0.567,7.0686,2.95,0.2459,8.6,0.0,0
SHP-11329,Shenzhen Silicon Ltd,Tier-2,Consumer Electronics,"Tokyo, JP","Dallas, US",Air Freight,3.4,57213.75,1104,1000,0.288,11008.2,0.211,0.751,0.3132,1.104,0.2042,10.3,6.9,1
SHP-11330,GlobalTech Micro,Tier-1,Automotive Assemblies,"Busan, KR","Rotterdam, NL",Standard Ground,6.3,1037.8,1082,50,0.089,2617.5,0.114,0.365,2.4198,21.64,0.0453,6.3,0.0,0
SHP-11331,Shenzhen Silicon Ltd,Tier-2,Consumer Electronics,"Taipei, TW","Singapore, SG",Ocean Intermodal,23.6,1927.49,1485,250,0.293,7182.2,0.188,0.636,3.2806,5.94,0.1546,25.9,2.3,1
SHP-11332,TransPacific Freight,Tier-3,Industrial Machinery,"Taipei, TW","Singapore, SG",Standard Ground,11.8,1018.97,467,100,0.409,2625.0,0.131,0.496,4.4802,4.67,0.0915,11.8,0.0,0
SHP-11333,Bavaria Logistics Parts,Tier-1,Pharmaceuticals,"Munich, DE","Frankfurt, DE",Express Carrier,3.9,34134.15,875,500,0.097,5455.1,0.371,0.509,0.7094,1.75,0.2072,3.9,0.0,0
SHP-11334,Delta Industrial Supplies,Tier-2,Industrial Machinery,"Munich, DE","Frankfurt, DE",Air Freight,4.5,53515.2,155,1000,0.188,10859.2,0.284,0.483,0.4163,0.155,0.1629,10.3,5.8,1
SHP-11335,FastTrack Assembly Co,Tier-2,Semiconductors & Electronics,"Taipei, TW","Rotterdam, NL",Standard Ground,6.9,1851.79,666,100,0.333,2051.7,0.579,0.453,3.3503,6.66,0.3495,6.9,0.0,0
SHP-11336,FastTrack Assembly Co,Tier-2,Pharmaceuticals,"Busan, KR","Frankfurt, DE",Air Freight,4.2,23470.98,1297,500,0.339,9789.8,0.288,0.36,0.434,2.594,0.1389,6.3,2.1,1
SHP-11337,Nordic Raw Materials,Tier-1,Automotive Assemblies,"Munich, DE","Dallas, US",Ocean Intermodal,30.5,10620.42,916,1000,0.072,13018.2,0.546,0.179,2.341,0.916,0.1048,31.5,1.0,1
SHP-11338,Apex Auto Components,Tier-1,Automotive Assemblies,"Busan, KR","Singapore, SG",Ocean Intermodal,28.4,732.95,1480,100,0.134,9865.8,0.496,0.458,2.8822,14.8,0.2577,32.7,4.3,1
SHP-11339,Delta Industrial Supplies,Tier-2,Semiconductors & Electronics,"Shenzhen, CN","Singapore, SG",Ocean Intermodal,28.3,8058.87,83,1000,0.192,11430.9,0.68,0.293,2.4769,0.083,0.2376,32.7,4.4,1
SHP-11340,Nordic Raw Materials,Tier-1,Automotive Assemblies,"Busan, KR","Rotterdam, NL",Ocean Intermodal,32.0,2538.25,841,500,0.076,11221.1,0.488,0.667,2.8538,1.682,0.3501,39.3,7.3,1
SHP-11341,FastTrack Assembly Co,Tier-2,Pharmaceuticals,"Munich, DE","Rotterdam, NL",Standard Ground,10.9,3914.55,848,250,0.317,2635.9,0.18,0.208,4.1266,3.392,0.0493,10.9,0.0,0
SHP-11342,Shenzhen Silicon Ltd,Tier-2,Industrial Machinery,"Shenzhen, CN","Rotterdam, NL",Standard Ground,9.8,6566.86,198,500,0.238,921.7,0.671,0.851,10.6475,0.396,0.7066,17.9,8.1,1
SHP-11343,Nordic Raw Materials,Tier-1,Automotive Assemblies,"Munich, DE","Rotterdam, NL",Ocean Intermodal,32.4,1102.69,59,100,0.168,9983.1,0.25,0.727,3.2421,0.59,0.2123,38.7,6.3,1
SHP-11344,Bavaria Logistics Parts,Tier-1,Pharmaceuticals,"Shenzhen, CN","Dallas, US",Standard Ground,8.9,1453.01,1186,100,0.034,568.6,0.385,0.159,15.6167,11.86,0.0633,8.9,0.0,0
SHP-11345,Nordic Raw Materials,Tier-1,Pharmaceuticals,"Shenzhen, CN","Dallas, US",Standard Ground,7.5,5856.43,264,500,0.109,2908.3,0.354,0.207,2.5819,0.528,0.0813,7.5,0.0,0
SHP-11346,Bavaria Logistics Parts,Tier-1,Automotive Assemblies,"Tokyo, JP","Rotterdam, NL",Air Freight,4.7,24057.64,1315,500,0.01,11412.6,0.446,0.364,0.4126,2.63,0.164,4.7,0.0,0
SHP-11347,FastTrack Assembly Co,Tier-2,Industrial Machinery,"Shenzhen, CN","Singapore, SG",Ocean Intermodal,19.9,1733.39,1139,250,0.347,10695.4,0.546,0.239,1.8637,4.556,0.1757,25.7,5.8,1
SHP-11348,Shenzhen Silicon Ltd,Tier-2,Pharmaceuticals,"Shenzhen, CN","Los Angeles, US",Standard Ground,10.3,1710.89,833,100,0.253,2313.6,0.062,0.157,4.4506,8.33,0.0122,10.3,0.0,0
SHP-11349,Delta Industrial Supplies,Tier-2,Semiconductors & Electronics,"Busan, KR","Frankfurt, DE",Standard Ground,6.7,4075.63,1484,250,0.208,3456.6,0.158,0.052,1.9407,5.936,0.0099,6.7,0.0,0
SHP-11350,FastTrack Assembly Co,Tier-2,Consumer Electronics,"Chicago, US","Rotterdam, NL",Standard Ground,9.5,2065.23,1230,100,0.326,3259.8,0.408,0.087,2.9146,12.3,0.0471,9.5,0.0,0
SHP-11351,GlobalTech Micro,Tier-1,Automotive Assemblies,"Munich, DE","Frankfurt, DE",Standard Ground,13.6,1772.06,915,100,0.159,774.7,0.597,0.355,17.5797,9.15,0.2456,13.6,0.0,0
SHP-11352,Shenzhen Silicon Ltd,Tier-2,Semiconductors & Electronics,"Shenzhen, CN","Singapore, SG",Ocean Intermodal,22.0,10842.11,1057,1000,0.277,9328.1,0.368,0.764,2.3554,1.057,0.3591,30.8,8.8,1
SHP-11353,TransPacific Freight,Tier-3,Pharmaceuticals,"Taipei, TW","Singapore, SG",Standard Ground,5.9,1443.62,1261,100,0.42,3339.4,0.452,0.305,1.7771,12.61,0.1958,5.9,0.0,0
SHP-11354,Delta Industrial Supplies,Tier-2,Semiconductors & Electronics,"Chicago, US","Los Angeles, US",Air Freight,7.0,6056.23,476,100,0.269,9915.8,0.634,0.107,0.7102,4.76,0.0861,7.0,0.0,0
SHP-11355,Nordic Raw Materials,Tier-1,Pharmaceuticals,"Chicago, US","Frankfurt, DE",Standard Ground,5.1,4022.0,742,250,0.087,1191.7,0.292,0.237,4.2403,2.968,0.0752,5.1,0.0,0
SHP-11356,FastTrack Assembly Co,Tier-2,Consumer Electronics,"Tokyo, JP","Singapore, SG",Standard Ground,11.0,1069.64,193,50,0.288,2655.6,0.324,0.293,4.1574,3.86,0.1222,11.0,0.0,0
SHP-11357,FastTrack Assembly Co,Tier-2,Consumer Electronics,"Chicago, US","Rotterdam, NL",Express Carrier,2.1,22374.75,480,500,0.241,7492.0,0.324,0.283,0.2838,0.96,0.1138,4.2,2.1,1
SHP-11358,TransPacific Freight,Tier-3,Pharmaceuticals,"Taipei, TW","Singapore, SG",Standard Ground,8.8,4926.07,1449,250,0.416,1270.8,0.098,0.389,6.952,5.796,0.054,8.8,0.0,0
SHP-11359,Bavaria Logistics Parts,Tier-1,Pharmaceuticals,"Busan, KR","Rotterdam, NL",Express Carrier,3.1,10546.16,334,250,0.093,6374.6,0.283,0.438,0.4912,1.336,0.1354,3.1,0.0,0
SHP-11360,Delta Industrial Supplies,Tier-2,Semiconductors & Electronics,"Busan, KR","Rotterdam, NL",Standard Ground,6.0,7242.08,1062,500,0.21,2980.3,0.33,0.357,2.0036,2.124,0.1425,6.0,0.0,0
SHP-11361,Bavaria Logistics Parts,Tier-1,Industrial Machinery,"Tokyo, JP","Singapore, SG",Standard Ground,13.3,5868.51,212,500,0.108,1858.3,0.334,0.559,7.1412,0.424,0.2069,13.3,0.0,0
SHP-11362,Apex Auto Components,Tier-1,Consumer Electronics,"Busan, KR","Singapore, SG",Standard Ground,10.3,1498.2,878,100,0.14,3041.2,0.492,0.238,3.3973,8.78,0.1335,10.3,0.0,0
SHP-11363,Bavaria Logistics Parts,Tier-1,Automotive Assemblies,"Busan, KR","Singapore, SG",Ocean Intermodal,24.2,473.41,628,50,0.053,10432.1,0.03,0.721,2.3224,12.56,0.0228,24.2,0.0,0
SHP-11364,GlobalTech Micro,Tier-1,Consumer Electronics,"Taipei, TW","Dallas, US",Air Freight,5.9,9649.43,772,250,0.104,5185.9,0.441,0.278,1.1319,3.088,0.1353,5.9,0.0,0
SHP-11365,Delta Industrial Supplies,Tier-2,Consumer Electronics,"Munich, DE","Singapore, SG",Ocean Intermodal,21.0,1176.03,1239,100,0.157,10391.3,0.481,0.145,2.021,12.39,0.0807,21.0,0.0,0
SHP-11366,FastTrack Assembly Co,Tier-2,Automotive Assemblies,"Shenzhen, CN","Singapore, SG",Standard Ground,8.0,4667.58,303,250,0.319,2605.8,0.19,0.439,3.0585,1.212,0.11,8.0,0.0,0
SHP-11367,FastTrack Assembly Co,Tier-2,Industrial Machinery,"Taipei, TW","Rotterdam, NL",Air Freight,7.9,13365.34,577,250,0.279,8342.9,0.537,0.351,0.9481,2.308,0.241,11.7,3.8,1
SHP-11368,Apex Auto Components,Tier-1,Semiconductors & Electronics,"Shenzhen, CN","Singapore, SG",Air Freight,6.3,5023.97,1248,100,0.124,11418.8,0.077,0.078,0.5492,12.48,0.0067,6.3,0.0,0
SHP-11369,Bavaria Logistics Parts,Tier-1,Semiconductors & Electronics,"Taipei, TW","Los Angeles, US",Air Freight,6.5,28796.37,227,500,0.03,8879.8,0.423,0.227,0.7295,0.454,0.0989,6.5,0.0,0
SHP-11370,Shenzhen Silicon Ltd,Tier-2,Semiconductors & Electronics,"Munich, DE","Rotterdam, NL",Standard Ground,5.2,6375.67,1014,500,0.231,671.9,0.194,0.809,7.742,2.028,0.1932,5.2,0.0,0
SHP-11371,GlobalTech Micro,Tier-1,Pharmaceuticals,"Busan, KR","Frankfurt, DE",Air Freight,3.3,11289.45,1331,250,0.104,9489.9,0.224,0.17,0.3478,5.324,0.042,3.3,0.0,0
SHP-11372,Bavaria Logistics Parts,Tier-1,Pharmaceuticals,"Taipei, TW","Los Angeles, US",Standard Ground,5.7,1716.95,1460,100,0.113,2550.0,0.331,0.58,2.2371,14.6,0.2137,5.7,0.0,0
SHP-11373,Nordic Raw Materials,Tier-1,Pharmaceuticals,"Busan, KR","Dallas, US",Ocean Intermodal,30.1,1362.81,557,250,0.077,13827.7,0.216,0.421,2.1804,2.228,0.0979,30.1,0.0,0
SHP-11374,GlobalTech Micro,Tier-1,Automotive Assemblies,"Taipei, TW","Los Angeles, US",Standard Ground,7.8,1035.42,1372,100,0.205,2791.7,0.204,0.241,2.801,13.72,0.0592,7.8,0.0,0
SHP-11375,Nordic Raw Materials,Tier-1,Pharmaceuticals,"Shenzhen, CN","Frankfurt, DE",Standard Ground,12.5,1751.5,1142,100,0.103,1270.0,0.264,0.698,9.8731,11.42,0.2033,12.5,0.0,0
SHP-11376,FastTrack Assembly Co,Tier-2,Semiconductors & Electronics,"Taipei, TW","Dallas, US",Standard Ground,10.8,1142.31,572,100,0.267,2511.3,0.336,0.523,4.3027,5.72,0.2227,10.8,0.0,0
SHP-11377,TransPacific Freight,Tier-3,Pharmaceuticals,"Taipei, TW","Singapore, SG",Standard Ground,11.7,3014.27,604,250,0.344,3022.8,0.267,0.285,3.8762,2.416,0.1023,11.7,0.0,0
SHP-11378,FastTrack Assembly Co,Tier-2,Consumer Electronics,"Chicago, US","Los Angeles, US",Ocean Intermodal,32.8,5599.66,536,500,0.324,7888.0,0.256,0.454,4.157,1.072,0.1539,37.4,4.6,1
SHP-11379,Bavaria Logistics Parts,Tier-1,Semiconductors & Electronics,"Taipei, TW","Rotterdam, NL",Air Freight,4.2,14096.23,1466,500,0.046,11146.3,0.139,0.814,0.3767,2.932,0.1183,9.6,5.4,1
SHP-11380,TransPacific Freight,Tier-3,Consumer Electronics,"Munich, DE","Frankfurt, DE",Air Freight,5.6,19659.11,1337,500,0.438,7552.4,0.451,0.768,0.744,2.674,0.498,11.4,5.8,1
SHP-11381,Nordic Raw Materials,Tier-1,Consumer Electronics,"Taipei, TW","Los Angeles, US",Express Carrier,4.0,4412.34,209,100,0.097,7207.5,0.444,0.386,0.5579,2.09,0.1879,4.0,0.0,0
SHP-11382,Shenzhen Silicon Ltd,Tier-2,Automotive Assemblies,"Busan, KR","Frankfurt, DE",Standard Ground,11.9,3684.61,940,250,0.235,2753.0,0.068,0.718,4.3381,3.76,0.0603,11.9,0.0,0
SHP-11383,GlobalTech Micro,Tier-1,Consumer Electronics,"Shenzhen, CN","Dallas, US",Standard Ground,11.3,6953.5,1340,500,0.125,2299.7,0.225,0.415,4.9048,2.68,0.105,11.3,0.0,0
SHP-11384,Bavaria Logistics Parts,Tier-1,Pharmaceuticals,"Busan, KR","Frankfurt, DE",Air Freight,7.3,8689.39,804,250,0.06,10075.8,0.046,0.591,0.7278,3.216,0.0288,7.3,0.0,0
SHP-11385,Nordic Raw Materials,Tier-1,Automotive Assemblies,"Munich, DE","Rotterdam, NL",Standard Ground,9.5,4724.97,1296,250,0.093,520.7,0.37,0.274,18.303,5.184,0.1109,9.5,0.0,0
SHP-11386,GlobalTech Micro,Tier-1,Semiconductors & Electronics,"Tokyo, JP","Dallas, US",Ocean Intermodal,29.6,5742.57,1450,500,0.101,10928.6,0.498,0.061,2.7045,2.9,0.0335,29.6,0.0,0
SHP-11387,Bavaria Logistics Parts,Tier-1,Consumer Electronics,"Shenzhen, CN","Dallas, US",Air Freight,5.7,13663.78,1298,250,0.035,6662.1,0.821,0.793,0.8567,5.192,0.6741,12.0,6.3,1
SHP-11388,Delta Industrial Supplies,Tier-2,Industrial Machinery,"Shenzhen, CN","Dallas, US",Standard Ground,9.1,2554.84,337,250,0.209,2918.0,0.02,0.513,3.122,1.348,0.0124,9.1,0.0,0
SHP-11389,GlobalTech Micro,Tier-1,Industrial Machinery,"Chicago, US","Rotterdam, NL",Air Freight,4.9,44301.69,534,1000,0.102,11693.4,0.241,0.227,0.4165,0.534,0.0603,4.9,0.0,0
SHP-11390,GlobalTech Micro,Tier-1,Semiconductors & Electronics,"Busan, KR","Frankfurt, DE",Standard Ground,9.4,8933.26,1302,500,0.162,1057.7,0.215,0.326,8.8793,2.604,0.0815,9.4,0.0,0
SHP-11391,FastTrack Assembly Co,Tier-2,Semiconductors & Electronics,"Taipei, TW","Frankfurt, DE",Standard Ground,7.3,4870.55,1272,500,0.304,2730.3,0.531,0.208,2.6841,2.544,0.144,7.3,0.0,0
SHP-11392,Apex Auto Components,Tier-1,Semiconductors & Electronics,"Tokyo, JP","Frankfurt, DE",Standard Ground,6.8,2199.77,647,100,0.027,3469.2,0.387,0.76,1.9705,6.47,0.3019,6.8,0.0,0
SHP-11393,GlobalTech Micro,Tier-1,Automotive Assemblies,"Shenzhen, CN","Frankfurt, DE",Air Freight,3.7,10505.11,863,250,0.089,5442.9,0.458,0.535,0.685,3.452,0.2668,3.7,0.0,0
SHP-11394,GlobalTech Micro,Tier-1,Pharmaceuticals,"Chicago, US","Singapore, SG",Standard Ground,9.8,644.2,223,50,0.202,3191.3,0.221,0.277,3.0736,4.46,0.0736,9.8,0.0,0
SHP-11395,GlobalTech Micro,Tier-1,Consumer Electronics,"Tokyo, JP","Frankfurt, DE",Standard Ground,12.2,2804.88,232,250,0.047,2550.7,0.311,0.458,4.7845,0.928,0.1492,12.2,0.0,0
SHP-11396,FastTrack Assembly Co,Tier-2,Pharmaceuticals,"Busan, KR","Frankfurt, DE",Standard Ground,9.3,720.21,646,50,0.331,668.5,0.037,0.268,13.8737,12.92,0.0132,9.3,0.0,0
SHP-11397,GlobalTech Micro,Tier-1,Semiconductors & Electronics,"Busan, KR","Frankfurt, DE",Air Freight,4.0,4457.94,1128,100,0.09,7834.8,0.568,0.443,0.5087,11.28,0.2743,4.0,0.0,0
SHP-11398,Nordic Raw Materials,Tier-1,Industrial Machinery,"Tokyo, JP","Los Angeles, US",Express Carrier,4.9,17370.93,349,250,0.086,5882.5,0.288,0.673,0.8328,1.396,0.2104,9.0,4.1,1
SHP-11399,Nordic Raw Materials,Tier-1,Pharmaceuticals,"Munich, DE","Los Angeles, US",Air Freight,6.4,37044.2,176,1000,0.061,8199.5,0.099,0.677,0.7834,0.176,0.0711,10.5,4.1,1
SHP-11400,FastTrack Assembly Co,Tier-2,Semiconductors & Electronics,"Tokyo, JP","Rotterdam, NL",Standard Ground,6.1,1491.52,573,100,0.22,2343.1,0.23,0.057,2.6042,5.73,0.016,6.1,0.0,0
SHP-11401,Shenzhen Silicon Ltd,Tier-2,Pharmaceuticals,"Chicago, US","Rotterdam, NL",Air Freight,4.8,9482.04,423,250,0.31,4252.8,0.059,0.867,1.1218,1.692,0.067,7.2,2.4,1
SHP-11402,Delta Industrial Supplies,Tier-2,Industrial Machinery,"Busan, KR","Frankfurt, DE",Air Freight,4.9,116028.32,639,2000,0.201,7542.0,0.144,0.611,0.6522,0.3195,0.1056,8.0,3.1,1
SHP-11403,TransPacific Freight,Tier-3,Automotive Assemblies,"Tokyo, JP","Dallas, US",Standard Ground,10.1,17656.61,209,2000,0.385,1349.6,0.317,0.727,7.5116,0.1045,0.3191,14.8,4.7,1
SHP-11404,GlobalTech Micro,Tier-1,Semiconductors & Electronics,"Tokyo, JP","Singapore, SG",Ocean Intermodal,33.9,2979.4,1087,250,0.118,11975.1,0.427,0.647,2.8309,4.348,0.3088,37.6,3.7,1
SHP-11405,Apex Auto Components,Tier-1,Pharmaceuticals,"Tokyo, JP","Rotterdam, NL",Air Freight,3.9,37842.61,1490,1000,0.032,7784.7,0.124,0.774,0.4998,1.49,0.0991,3.9,0.0,0
SHP-11406,Bavaria Logistics Parts,Tier-1,Industrial Machinery,"Tokyo, JP","Singapore, SG",Standard Ground,13.2,2948.21,830,250,0.01,2478.5,0.358,0.621,5.3142,3.32,0.2245,13.2,0.0,0
SHP-11407,Shenzhen Silicon Ltd,Tier-2,Consumer Electronics,"Chicago, US","Rotterdam, NL",Standard Ground,5.2,959.73,980,50,0.255,1916.4,0.599,0.684,2.7299,19.6,0.5141,8.4,3.2,1
SHP-11408,GlobalTech Micro,Tier-1,Automotive Assemblies,"Chicago, US","Frankfurt, DE",Standard Ground,6.3,4414.78,1265,500,0.119,2522.2,0.117,0.684,2.513,2.53,0.0896,6.3,0.0,0
SHP-11409,GlobalTech Micro,Tier-1,Consumer Electronics,"Tokyo, JP","Los Angeles, US",Express Carrier,4.5,16187.24,657,250,0.096,4573.0,0.291,0.272,0.9919,2.628,0.0867,4.5,0.0,0
SHP-11410,Apex Auto Components,Tier-1,Semiconductors & Electronics,"Chicago, US","Los Angeles, US",Standard Ground,8.0,4285.82,435,250,0.091,1348.6,0.233,0.183,5.9158,1.74,0.0465,8.0,0.0,0
SHP-11411,GlobalTech Micro,Tier-1,Consumer Electronics,"Taipei, TW","Dallas, US",Ocean Intermodal,18.7,2522.4,646,250,0.093,13169.6,0.393,0.352,1.4175,2.584,0.1512,21.3,2.6,1
SHP-11412,Shenzhen Silicon Ltd,Tier-2,Semiconductors & Electronics,"Taipei, TW","Dallas, US",Air Freight,5.5,5498.79,72,100,0.289,8781.2,0.029,0.505,0.6307,0.72,0.0189,8.2,2.7,1
SHP-11413,GlobalTech Micro,Tier-1,Automotive Assemblies,"Munich, DE","Dallas, US",Express Carrier,2.8,3405.12,805,50,0.148,2773.8,0.28,0.396,1.0234,16.1,0.1273,2.8,0.0,0
SHP-11414,Apex Auto Components,Tier-1,Consumer Electronics,"Busan, KR","Singapore, SG",Standard Ground,10.6,5042.3,937,250,0.133,1598.2,0.451,0.06,6.6252,3.748,0.0307,10.6,0.0,0
SHP-11415,FastTrack Assembly Co,Tier-2,Automotive Assemblies,"Tokyo, JP","Rotterdam, NL",Standard Ground,9.2,4331.01,1394,250,0.346,2767.2,0.358,0.126,3.3348,5.576,0.0607,9.2,0.0,0
SHP-11416,FastTrack Assembly Co,Tier-2,Consumer Electronics,"Taipei, TW","Singapore, SG",Standard Ground,10.1,3993.66,456,250,0.296,719.4,0.424,0.414,14.1088,1.824,0.2275,10.1,0.0,0
SHP-11417,Delta Industrial Supplies,Tier-2,Automotive Assemblies,"Tokyo, JP","Singapore, SG",Air Freight,4.6,2941.0,613,100,0.219,5993.9,0.074,0.146,0.7617,6.13,0.0132,4.6,0.0,0
SHP-11418,Bavaria Logistics Parts,Tier-1,Industrial Machinery,"Busan, KR","Rotterdam, NL",Ocean Intermodal,22.5,16531.38,1180,2000,0.076,8989.9,0.253,0.249,2.501,0.59,0.0678,22.5,0.0,0
SHP-11419,Apex Auto Components,Tier-1,Industrial Machinery,"Busan, KR","Rotterdam, NL",Air Freight,6.8,14430.13,981,250,0.09,4616.0,0.392,0.208,1.4663,3.924,0.0888,6.8,0.0,0
SHP-11420,Shenzhen Silicon Ltd,Tier-2,Semiconductors & Electronics,"Busan, KR","Los Angeles, US",Air Freight,7.9,4748.24,446,100,0.305,7705.4,0.457,0.369,1.031,4.46,0.2201,10.7,2.8,1
SHP-11421,Bavaria Logistics Parts,Tier-1,Industrial Machinery,"Munich, DE","Singapore, SG",Ocean Intermodal,22.0,1188.1,1108,100,0.066,7136.1,0.154,0.63,3.0841,11.08,0.1035,22.0,0.0,0
SHP-11422,FastTrack Assembly Co,Tier-2,Pharmaceuticals,"Busan, KR","Frankfurt, DE",Air Freight,4.3,57490.16,691,1000,0.306,5415.3,0.524,0.129,0.7949,0.691,0.0883,8.9,4.6,1
SHP-11423,TransPacific Freight,Tier-3,Consumer Electronics,"Taipei, TW","Rotterdam, NL",Standard Ground,5.3,4712.71,306,250,0.442,603.9,0.03,0.149,8.7333,1.224,0.0064,5.3,0.0,0
SHP-11424,GlobalTech Micro,Tier-1,Pharmaceuticals,"Busan, KR","Rotterdam, NL",Ocean Intermodal,34.4,1441.67,949,250,0.106,11307.1,0.313,0.689,3.046,3.796,0.2385,38.5,4.1,1
SHP-11425,FastTrack Assembly Co,Tier-2,Industrial Machinery,"Shenzhen, CN","Frankfurt, DE",Ocean Intermodal,26.6,610.59,518,100,0.318,12196.9,0.547,0.176,2.1783,5.18,0.1269,29.4,2.8,1
SHP-11426,Shenzhen Silicon Ltd,Tier-2,Automotive Assemblies,"Shenzhen, CN","Rotterdam, NL",Standard Ground,7.2,885.86,1012,50,0.301,1335.5,0.105,0.45,5.3731,20.24,0.0615,7.2,0.0,0
SHP-11427,TransPacific Freight,Tier-3,Semiconductors & Electronics,"Busan, KR","Dallas, US",Standard Ground,9.1,1598.38,768,100,0.398,2543.0,0.346,0.37,3.5839,7.68,0.179,9.1,0.0,0
SHP-11428,Delta Industrial Supplies,Tier-2,Semiconductors & Electronics,"Taipei, TW","Singapore, SG",Ocean Intermodal,20.2,782.44,421,100,0.216,9287.3,0.444,0.283,2.1697,4.21,0.1528,20.2,0.0,0
SHP-11429,Apex Auto Components,Tier-1,Automotive Assemblies,"Chicago, US","Los Angeles, US",Ocean Intermodal,32.1,998.93,1454,100,0.12,11788.1,0.366,0.174,2.7268,14.54,0.0714,32.1,0.0,0
SHP-11430,Delta Industrial Supplies,Tier-2,Automotive Assemblies,"Tokyo, JP","Rotterdam, NL",Ocean Intermodal,25.1,1511.52,459,250,0.19,12790.6,0.545,0.687,1.9628,1.836,0.4456,32.5,7.4,1
SHP-11431,Apex Auto Components,Tier-1,Industrial Machinery,"Munich, DE","Singapore, SG",Ocean Intermodal,22.7,2950.33,1414,250,0.101,8229.1,0.218,0.222,2.7552,5.656,0.0533,22.7,0.0,0
SHP-11432,Apex Auto Components,Tier-1,Semiconductors & Electronics,"Taipei, TW","Rotterdam, NL",Express Carrier,4.2,36103.27,632,500,0.074,4142.5,0.062,0.11,1.0086,1.264,0.0073,4.2,0.0,0
SHP-11433,FastTrack Assembly Co,Tier-2,Consumer Electronics,"Taipei, TW","Singapore, SG",Standard Ground,5.9,2849.67,1271,250,0.261,3054.4,0.154,0.38,1.9355,5.084,0.0738,5.9,0.0,0
SHP-11434,FastTrack Assembly Co,Tier-2,Consumer Electronics,"Tokyo, JP","Frankfurt, DE",Air Freight,4.3,20858.61,279,500,0.295,7726.4,0.403,0.135,0.557,0.558,0.0705,8.5,4.2,1
SHP-11435,Apex Auto Components,Tier-1,Industrial Machinery,"Shenzhen, CN","Dallas, US",Ocean Intermodal,29.6,677.58,1411,100,0.021,12005.9,0.094,0.48,2.4696,14.11,0.0461,29.6,0.0,0
SHP-11436,Nordic Raw Materials,Tier-1,Semiconductors & Electronics,"Tokyo, JP","Dallas, US",Standard Ground,13.7,31383.55,261,2000,0.088,771.4,0.185,0.795,17.8153,0.1305,0.1601,13.7,0.0,0
SHP-11437,TransPacific Freight,Tier-3,Consumer Electronics,"Shenzhen, CN","Los Angeles, US",Standard Ground,13.8,4428.78,863,500,0.434,2227.5,0.391,0.751,6.1776,1.726,0.4211,19.1,5.3,1
SHP-11438,Delta Industrial Supplies,Tier-2,Semiconductors & Electronics,"Munich, DE","Rotterdam, NL",Air Freight,4.3,4055.02,1216,100,0.223,8489.6,0.482,0.289,0.5068,12.16,0.1704,4.3,0.0,0
SHP-11439,Apex Auto Components,Tier-1,Pharmaceuticals,"Munich, DE","Singapore, SG",Express Carrier,4.6,6385.81,321,100,0.048,2288.4,0.496,0.021,2.0174,3.21,0.0109,4.6,0.0,0
SHP-11440,Shenzhen Silicon Ltd,Tier-2,Industrial Machinery,"Shenzhen, CN","Dallas, US",Standard Ground,5.9,1157.92,528,100,0.272,1679.2,0.274,0.533,3.5179,5.28,0.1857,5.9,0.0,0
SHP-11441,TransPacific Freight,Tier-3,Consumer Electronics,"Munich, DE","Dallas, US",Standard Ground,13.2,19038.76,769,1000,0.387,1317.8,0.042,0.28,9.9921,0.769,0.0163,13.2,0.0,0
SHP-11442,Bavaria Logistics Parts,Tier-1,Automotive Assemblies,"Busan, KR","Rotterdam, NL",Standard Ground,7.1,2846.76,62,250,0.075,1996.6,0.267,0.487,3.5582,0.248,0.1398,7.1,0.0,0
SHP-11443,FastTrack Assembly Co,Tier-2,Consumer Electronics,"Chicago, US","Frankfurt, DE",Air Freight,4.1,11907.71,720,250,0.256,6673.7,0.424,0.212,0.6087,2.88,0.1129,4.1,0.0,0
SHP-11444,Delta Industrial Supplies,Tier-2,Industrial Machinery,"Chicago, US","Rotterdam, NL",Ocean Intermodal,33.2,10327.29,675,1000,0.229,12025.8,0.429,0.217,2.7637,0.675,0.1145,38.5,5.3,1
SHP-11445,Shenzhen Silicon Ltd,Tier-2,Semiconductors & Electronics,"Shenzhen, CN","Rotterdam, NL",Standard Ground,7.4,5749.99,151,500,0.296,801.4,0.252,0.746,9.1843,0.302,0.2437,11.9,4.5,1
SHP-11446,Delta Industrial Supplies,Tier-2,Pharmaceuticals,"Chicago, US","Rotterdam, NL",Standard Ground,9.7,30737.91,1275,2000,0.235,1947.5,0.436,0.072,4.9694,0.6375,0.0388,9.7,0.0,0
SHP-11447,Nordic Raw Materials,Tier-1,Industrial Machinery,"Tokyo, JP","Rotterdam, NL",Standard Ground,9.2,2214.23,95,250,0.01,1443.8,0.471,0.313,6.346,0.38,0.1489,9.2,0.0,0
SHP-11448,TransPacific Freight,Tier-3,Automotive Assemblies,"Chicago, US","Los Angeles, US",Standard Ground,8.6,10228.4,1350,1000,0.418,1623.4,0.522,0.067,5.2884,1.35,0.0496,8.6,0.0,0
SHP-11449,Nordic Raw Materials,Tier-1,Automotive Assemblies,"Munich, DE","Los Angeles, US",Standard Ground,9.0,2083.32,475,100,0.107,2057.8,0.233,0.132,4.3963,4.75,0.0341,9.0,0.0,0
SHP-11450,FastTrack Assembly Co,Tier-2,Automotive Assemblies,"Shenzhen, CN","Los Angeles, US",Standard Ground,8.7,8187.25,1235,500,0.317,3383.2,0.676,0.092,2.582,2.47,0.0819,8.7,0.0,0
SHP-11451,GlobalTech Micro,Tier-1,Consumer Electronics,"Munich, DE","Rotterdam, NL",Air Freight,3.5,5521.52,1084,100,0.105,7238.5,0.113,0.289,0.4881,10.84,0.0361,3.5,0.0,0
SHP-11452,GlobalTech Micro,Tier-1,Automotive Assemblies,"Chicago, US","Singapore, SG",Air Freight,6.9,4261.22,223,100,0.082,5710.5,0.148,0.297,1.2166,2.23,0.0475,6.9,0.0,0
SHP-11453,Delta Industrial Supplies,Tier-2,Industrial Machinery,"Munich, DE","Los Angeles, US",Air Freight,6.0,6662.54,381,250,0.265,10551.2,0.091,0.364,0.568,1.524,0.0419,10.4,4.4,1
SHP-11454,Nordic Raw Materials,Tier-1,Pharmaceuticals,"Shenzhen, CN","Frankfurt, DE",Express Carrier,4.4,19167.48,1262,500,0.099,6898.5,0.052,0.562,0.6375,2.524,0.0321,4.4,0.0,0
SHP-11455,Apex Auto Components,Tier-1,Consumer Electronics,"Chicago, US","Dallas, US",Air Freight,4.1,30142.14,918,500,0.074,6609.7,0.43,0.123,0.616,1.836,0.0568,4.1,0.0,0
SHP-11456,Shenzhen Silicon Ltd,Tier-2,Industrial Machinery,"Munich, DE","Dallas, US",Air Freight,5.5,25437.92,607,500,0.272,5194.8,0.245,0.557,1.0609,1.214,0.1736,7.7,2.2,1
SHP-11457,Bavaria Logistics Parts,Tier-1,Semiconductors & Electronics,"Busan, KR","Frankfurt, DE",Ocean Intermodal,34.4,1128.19,699,100,0.034,10241.0,0.585,0.183,3.3592,6.99,0.1107,34.4,0.0,0
SHP-11458,Nordic Raw Materials,Tier-1,Industrial Machinery,"Chicago, US","Singapore, SG",Standard Ground,11.6,1136.31,139,50,0.053,602.0,0.132,0.742,19.1958,2.78,0.1032,11.6,0.0,0
SHP-11459,Nordic Raw Materials,Tier-1,Pharmaceuticals,"Munich, DE","Rotterdam, NL",Air Freight,6.1,15651.49,884,500,0.09,7010.3,0.717,0.485,0.8642,1.768,0.3792,8.6,2.5,1
SHP-11460,TransPacific Freight,Tier-3,Industrial Machinery,"Munich, DE","Frankfurt, DE",Standard Ground,12.3,3561.69,1133,250,0.416,1055.0,0.163,0.658,11.6167,4.532,0.1518,12.3,0.0,0
SHP-11461,Shenzhen Silicon Ltd,Tier-2,Pharmaceuticals,"Busan, KR","Frankfurt, DE",Standard Ground,11.4,1022.67,824,50,0.273,2782.6,0.271,0.54,4.1124,16.48,0.1863,11.4,0.0,0
SHP-11462,Bavaria Logistics Parts,Tier-1,Pharmaceuticals,"Chicago, US","Rotterdam, NL",Ocean Intermodal,22.0,3301.81,1225,500,0.158,8072.6,0.32,0.449,2.722,2.45,0.1663,22.0,0.0,0
SHP-11463,Delta Industrial Supplies,Tier-2,Semiconductors & Electronics,"Tokyo, JP","Frankfurt, DE",Ocean Intermodal,29.9,2798.85,714,250,0.23,12144.0,0.256,0.047,2.4642,2.856,0.0148,29.9,0.0,0
SHP-11464,GlobalTech Micro,Tier-1,Semiconductors & Electronics,"Shenzhen, CN","Rotterdam, NL",Air Freight,7.4,20431.85,972,500,0.131,6619.5,0.09,0.717,1.113,1.944,0.073,7.4,0.0,0
SHP-11465,GlobalTech Micro,Tier-1,Semiconductors & Electronics,"Munich, DE","Dallas, US",Air Freight,4.6,8256.2,344,250,0.091,6348.9,0.318,0.629,0.7212,1.376,0.2183,6.9,2.3,1
SHP-11466,Bavaria Logistics Parts,Tier-1,Semiconductors & Electronics,"Tokyo, JP","Rotterdam, NL",Air Freight,4.2,92530.73,583,2000,0.075,7058.2,0.246,0.341,0.5996,0.2915,0.0902,4.2,0.0,0
SHP-11467,FastTrack Assembly Co,Tier-2,Industrial Machinery,"Tokyo, JP","Dallas, US",Air Freight,7.2,6220.96,175,100,0.29,9756.6,0.479,0.256,0.7374,1.75,0.1582,11.0,3.8,1
SHP-11468,FastTrack Assembly Co,Tier-2,Automotive Assemblies,"Shenzhen, CN","Rotterdam, NL",Standard Ground,9.8,981.18,810,50,0.383,2854.6,0.352,0.208,3.4307,16.2,0.1012,9.8,0.0,0
SHP-11469,Nordic Raw Materials,Tier-1,Industrial Machinery,"Tokyo, JP","Singapore, SG",Express Carrier,4.5,11845.0,57,250,0.121,2963.2,0.153,0.09,1.5145,0.228,0.0154,4.5,0.0,0
SHP-11470,FastTrack Assembly Co,Tier-2,Industrial Machinery,"Tokyo, JP","Dallas, US",Standard Ground,13.6,4360.57,95,500,0.254,753.0,0.372,0.445,18.0608,0.19,0.2076,13.6,0.0,0
SHP-11471,GlobalTech Micro,Tier-1,Industrial Machinery,"Shenzhen, CN","Singapore, SG",Ocean Intermodal,34.9,584.15,1343,100,0.109,9143.7,0.137,0.305,3.8192,13.43,0.0463,34.9,0.0,0
SHP-11472,Shenzhen Silicon Ltd,Tier-2,Consumer Electronics,"Shenzhen, CN","Singapore, SG",Ocean Intermodal,20.7,2157.92,590,250,0.235,10097.1,0.339,0.468,2.054,2.36,0.196,26.2,5.5,1
SHP-11473,FastTrack Assembly Co,Tier-2,Semiconductors & Electronics,"Tokyo, JP","Rotterdam, NL",Standard Ground,11.0,3690.48,786,250,0.305,1058.8,0.404,0.648,10.3461,3.144,0.3417,11.0,0.0,0
SHP-11474,Bavaria Logistics Parts,Tier-1,Automotive Assemblies,"Chicago, US","Frankfurt, DE",Ocean Intermodal,33.5,1735.39,635,250,0.027,7773.3,0.164,0.257,4.3155,2.54,0.0433,33.5,0.0,0
SHP-11475,GlobalTech Micro,Tier-1,Pharmaceuticals,"Tokyo, JP","Dallas, US",Standard Ground,8.1,2660.15,1125,250,0.074,1448.6,0.063,0.378,5.5808,4.5,0.0256,8.1,0.0,0
SHP-11476,Nordic Raw Materials,Tier-1,Pharmaceuticals,"Tokyo, JP","Rotterdam, NL",Standard Ground,11.7,1582.59,836,100,0.134,670.3,0.242,0.617,17.3949,8.36,0.1694,11.7,0.0,0
SHP-11477,FastTrack Assembly Co,Tier-2,Industrial Machinery,"Busan, KR","Los Angeles, US",Air Freight,6.7,28759.74,934,1000,0.273,5676.7,0.219,0.181,1.1717,0.934,0.0505,6.7,0.0,0
SHP-11478,GlobalTech Micro,Tier-1,Pharmaceuticals,"Shenzhen, CN","Singapore, SG",Air Freight,7.0,9832.13,1455,250,0.118,9649.5,0.412,0.14,0.7243,5.82,0.0645,7.0,0.0,0
SHP-11479,TransPacific Freight,Tier-3,Pharmaceuticals,"Tokyo, JP","Los Angeles, US",Standard Ground,5.3,3726.73,857,250,0.415,1420.3,0.044,0.152,3.7481,3.428,0.0095,5.3,0.0,0
SHP-11480,Shenzhen Silicon Ltd,Tier-2,Semiconductors & Electronics,"Chicago, US","Rotterdam, NL",Standard Ground,6.3,5405.81,429,500,0.233,1566.7,0.387,0.456,4.0261,0.858,0.2176,6.3,0.0,0
SHP-11481,Delta Industrial Supplies,Tier-2,Semiconductors & Electronics,"Chicago, US","Singapore, SG",Standard Ground,6.5,3248.21,1360,250,0.228,868.6,0.261,0.531,7.5147,5.44,0.1702,6.5,0.0,0
SHP-11482,Bavaria Logistics Parts,Tier-1,Consumer Electronics,"Tokyo, JP","Singapore, SG",Standard Ground,7.9,3726.5,625,250,0.052,1556.1,0.025,0.622,5.0787,2.5,0.0164,7.9,0.0,0
SHP-11483,GlobalTech Micro,Tier-1,Consumer Electronics,"Tokyo, JP","Dallas, US",Air Freight,4.4,4679.61,979,100,0.086,6391.8,0.266,0.768,0.6848,9.79,0.2219,4.4,0.0,0
SHP-11484,Shenzhen Silicon Ltd,Tier-2,Semiconductors & Electronics,"Tokyo, JP","Dallas, US",Express Carrier,2.8,6770.62,805,100,0.27,4189.1,0.117,0.658,0.6594,8.05,0.0978,2.8,0.0,0
SHP-11485,Bavaria Logistics Parts,Tier-1,Consumer Electronics,"Chicago, US","Frankfurt, DE",Ocean Intermodal,34.8,2539.7,604,500,0.01,13613.4,0.488,0.14,2.5576,1.208,0.069,34.8,0.0,0
SHP-11486,TransPacific Freight,Tier-3,Semiconductors & Electronics,"Munich, DE","Rotterdam, NL",Express Carrier,5.0,25171.77,953,500,0.474,5361.2,0.375,0.944,0.9256,1.906,0.5217,13.3,8.3,1
SHP-11487,FastTrack Assembly Co,Tier-2,Semiconductors & Electronics,"Shenzhen, CN","Dallas, US",Standard Ground,6.9,1665.22,382,100,0.349,2461.1,0.135,0.161,2.795,3.82,0.0293,6.9,0.0,0
SHP-11488,GlobalTech Micro,Tier-1,Consumer Electronics,"Busan, KR","Rotterdam, NL",Air Freight,6.8,15134.25,1046,250,0.184,11622.1,0.21,0.164,0.5873,4.184,0.0408,6.8,0.0,0
SHP-11489,Bavaria Logistics Parts,Tier-1,Industrial Machinery,"Munich, DE","Frankfurt, DE",Standard Ground,12.5,1947.43,1309,100,0.056,2111.3,0.326,0.26,5.9135,13.09,0.0895,12.5,0.0,0
SHP-11490,FastTrack Assembly Co,Tier-2,Industrial Machinery,"Tokyo, JP","Frankfurt, DE",Express Carrier,2.3,12225.26,1289,250,0.323,5529.9,0.372,0.309,0.4168,5.156,0.1521,2.3,0.0,0
SHP-11491,Shenzhen Silicon Ltd,Tier-2,Automotive Assemblies,"Munich, DE","Los Angeles, US",Ocean Intermodal,23.8,4975.92,588,500,0.307,10119.7,0.468,0.184,2.3539,1.176,0.1126,28.8,5.0,1
SHP-11492,TransPacific Freight,Tier-3,Industrial Machinery,"Tokyo, JP","Rotterdam, NL",Standard Ground,8.7,2744.82,769,250,0.446,1284.5,0.156,0.393,6.8076,3.076,0.0887,8.7,0.0,0
SHP-11493,FastTrack Assembly Co,Tier-2,Semiconductors & Electronics,"Shenzhen, CN","Los Angeles, US",Express Carrier,2.4,5054.36,1408,100,0.381,6106.7,0.24,0.33,0.3972,14.08,0.1094,2.4,0.0,0
SHP-11494,TransPacific Freight,Tier-3,Consumer Electronics,"Munich, DE","Dallas, US",Standard Ground,10.9,1820.15,211,100,0.402,1011.5,0.297,0.689,10.809,2.11,0.2868,15.1,4.2,1
SHP-11495,Shenzhen Silicon Ltd,Tier-2,Industrial Machinery,"Taipei, TW","Frankfurt, DE",Standard Ground,11.1,29301.75,408,2000,0.297,2577.8,0.454,0.425,4.3032,0.204,0.2503,16.0,4.9,1
SHP-11496,TransPacific Freight,Tier-3,Industrial Machinery,"Tokyo, JP","Rotterdam, NL",Air Freight,3.4,6913.65,835,250,0.377,9230.6,0.398,0.422,0.3677,3.34,0.2312,7.2,3.8,1
SHP-11497,FastTrack Assembly Co,Tier-2,Automotive Assemblies,"Tokyo, JP","Frankfurt, DE",Ocean Intermodal,21.7,2516.11,226,500,0.279,11741.0,0.634,0.222,1.8444,0.452,0.18,28.5,6.8,1
SHP-11498,Bavaria Logistics Parts,Tier-1,Automotive Assemblies,"Shenzhen, CN","Los Angeles, US",Standard Ground,7.3,3009.91,1489,250,0.074,3357.3,0.318,0.6,2.167,5.956,0.2049,7.3,0.0,0
SHP-11499,GlobalTech Micro,Tier-1,Semiconductors & Electronics,"Busan, KR","Rotterdam, NL",Standard Ground,7.7,1893.2,431,100,0.133,2104.3,0.496,0.519,3.6596,4.31,0.2917,7.7,0.0,0
SHP-11500,GlobalTech Micro,Tier-1,Semiconductors & Electronics,"Busan, KR","Dallas, US",Ocean Intermodal,31.3,1538.09,1429,250,0.151,12651.8,0.153,0.458,2.4776,5.716,0.0806,31.3,0.0,0
SHP-11501,Apex Auto Components,Tier-1,Semiconductors & Electronics,"Munich, DE","Frankfurt, DE",Air Freight,5.7,7316.53,621,250,0.104,10690.1,0.478,0.218,0.5372,2.484,0.1151,5.7,0.0,0
SHP-11502,Shenzhen Silicon Ltd,Tier-2,Industrial Machinery,"Shenzhen, CN","Rotterdam, NL",Ocean Intermodal,22.3,1460.46,63,250,0.279,13549.8,0.558,0.56,1.6426,0.252,0.3997,30.9,8.6,1
SHP-11503,Delta Industrial Supplies,Tier-2,Semiconductors & Electronics,"Munich, DE","Los Angeles, US",Ocean Intermodal,30.6,4262.44,559,1000,0.216,12350.2,0.126,0.371,2.4789,0.559,0.0568,33.2,2.6,1
SHP-11504,Shenzhen Silicon Ltd,Tier-2,Industrial Machinery,"Tokyo, JP","Singapore, SG",Standard Ground,11.4,1774.38,272,100,0.335,1177.5,0.043,0.513,9.6572,2.72,0.0294,11.4,0.0,0
SHP-11505,GlobalTech Micro,Tier-1,Pharmaceuticals,"Chicago, US","Singapore, SG",Standard Ground,12.0,9548.77,657,500,0.101,2758.1,0.408,0.288,4.3469,1.314,0.1294,12.0,0.0,0
SHP-11506,Nordic Raw Materials,Tier-1,Consumer Electronics,"Tokyo, JP","Singapore, SG",Air Freight,6.5,19907.16,1248,500,0.055,8639.2,0.25,0.301,0.7556,2.496,0.0794,6.5,0.0,0
SHP-11507,Nordic Raw Materials,Tier-1,Industrial Machinery,"Munich, DE","Singapore, SG",Air Freight,8.0,9661.43,525,250,0.043,8917.9,0.618,0.313,0.8935,2.1,0.2018,8.0,0.0,0
SHP-11508,Delta Industrial Supplies,Tier-2,Automotive Assemblies,"Chicago, US","Frankfurt, DE",Ocean Intermodal,34.6,15193.24,715,2000,0.276,7953.8,0.516,0.663,4.3441,0.3575,0.4364,41.7,7.1,1
SHP-11509,Delta Industrial Supplies,Tier-2,Automotive Assemblies,"Tokyo, JP","Los Angeles, US",Ocean Intermodal,32.7,742.98,1078,50,0.158,13753.2,0.246,0.289,2.3764,21.56,0.0823,32.7,0.0,0
SHP-11510,GlobalTech Micro,Tier-1,Pharmaceuticals,"Chicago, US","Los Angeles, US",Standard Ground,5.4,1660.55,365,100,0.127,1821.3,0.052,0.368,2.9874,3.65,0.0216,5.4,0.0,0
SHP-11511,Nordic Raw Materials,Tier-1,Consumer Electronics,"Busan, KR","Los Angeles, US",Ocean Intermodal,30.6,965.7,68,100,0.112,10585.3,0.046,0.627,2.8953,0.68,0.0321,33.1,2.5,1
SHP-11512,Nordic Raw Materials,Tier-1,Consumer Electronics,"Busan, KR","Frankfurt, DE",Standard Ground,6.1,1513.8,1179,100,0.079,1529.7,0.464,0.494,3.9608,11.79,0.2472,6.1,0.0,0
SHP-11513,Nordic Raw Materials,Tier-1,Pharmaceuticals,"Chicago, US","Rotterdam, NL",Express Carrier,2.4,6477.21,407,100,0.067,7724.9,0.717,0.371,0.3137,4.07,0.2839,2.4,0.0,0
SHP-11514,Nordic Raw Materials,Tier-1,Industrial Machinery,"Tokyo, JP","Singapore, SG",Air Freight,7.4,14020.63,293,500,0.092,6675.6,0.166,0.212,1.1116,0.586,0.0384,7.4,0.0,0
SHP-11515,GlobalTech Micro,Tier-1,Pharmaceuticals,"Tokyo, JP","Los Angeles, US",Standard Ground,6.0,5973.5,245,500,0.085,780.7,0.652,0.162,7.7227,0.49,0.1146,6.0,0.0,0
SHP-11516,TransPacific Freight,Tier-3,Automotive Assemblies,"Busan, KR","Dallas, US",Ocean Intermodal,25.8,2678.24,602,500,0.417,13819.1,0.094,0.501,1.8649,1.204,0.0667,31.1,5.3,1
SHP-11517,Bavaria Logistics Parts,Tier-1,Automotive Assemblies,"Shenzhen, CN","Frankfurt, DE",Standard Ground,8.7,12184.93,1118,1000,0.041,2617.7,0.523,0.433,3.3047,1.118,0.2356,8.7,0.0,0
SHP-11518,Nordic Raw Materials,Tier-1,Automotive Assemblies,"Shenzhen, CN","Frankfurt, DE",Air Freight,7.9,119488.79,60,2000,0.123,9910.2,0.109,0.355,0.7942,0.03,0.0434,7.9,0.0,0
SHP-11519,GlobalTech Micro,Tier-1,Consumer Electronics,"Taipei, TW","Singapore, SG",Standard Ground,12.9,1556.44,686,100,0.161,3075.2,0.132,0.559,4.1806,6.86,0.0857,12.9,0.0,0
SHP-11520,GlobalTech Micro,Tier-1,Industrial Machinery,"Munich, DE","Dallas, US",Ocean Intermodal,31.6,1567.59,321,250,0.14,8320.9,0.542,0.217,3.8001,1.284,0.134,31.6,0.0,0
SHP-11521,TransPacific Freight,Tier-3,Consumer Electronics,"Shenzhen, CN","Los Angeles, US",Standard Ground,7.7,827.35,802,50,0.432,1941.0,0.144,0.461,3.9917,16.04,0.095,7.7,0.0,0
SHP-11522,Shenzhen Silicon Ltd,Tier-2,Automotive Assemblies,"Shenzhen, CN","Dallas, US",Air Freight,4.6,8790.73,177,250,0.186,7599.0,0.18,0.377,0.6095,0.708,0.0805,4.6,0.0,0
SHP-11523,Delta Industrial Supplies,Tier-2,Consumer Electronics,"Tokyo, JP","Frankfurt, DE",Standard Ground,13.7,4872.25,588,250,0.202,788.1,0.124,0.564,17.3565,2.352,0.084,13.7,0.0,0
SHP-11524,Delta Industrial Supplies,Tier-2,Consumer Electronics,"Chicago, US","Rotterdam, NL",Ocean Intermodal,23.9,5568.49,437,1000,0.176,13543.3,0.255,0.498,1.7623,0.437,0.1493,29.5,5.6,1
SHP-11525,Nordic Raw Materials,Tier-1,Semiconductors & Electronics,"Chicago, US","Frankfurt, DE",Air Freight,4.0,11010.81,1013,250,0.132,10624.1,0.279,0.423,0.3762,4.052,0.1336,4.0,0.0,0
SHP-11526,Bavaria Logistics Parts,Tier-1,Semiconductors & Electronics,"Taipei, TW","Singapore, SG",Standard Ground,9.6,1051.81,1239,50,0.044,2842.2,0.124,0.463,3.3847,24.78,0.0599,9.6,0.0,0
SHP-11527,Delta Industrial Supplies,Tier-2,Pharmaceuticals,"Munich, DE","Frankfurt, DE",Standard Ground,6.5,1883.0,666,100,0.223,3337.8,0.345,0.414,1.9529,6.66,0.1746,6.5,0.0,0
SHP-11528,Bavaria Logistics Parts,Tier-1,Industrial Machinery,"Shenzhen, CN","Rotterdam, NL",Ocean Intermodal,28.0,1029.69,671,100,0.098,11775.1,0.388,0.221,2.3808,6.71,0.0942,28.0,0.0,0
SHP-11529,Bavaria Logistics Parts,Tier-1,Automotive Assemblies,"Tokyo, JP","Dallas, US",Air Freight,7.6,2869.42,121,100,0.11,11623.5,0.469,0.627,0.6508,1.21,0.3264,12.6,5.0,1
SHP-11530,Shenzhen Silicon Ltd,Tier-2,Pharmaceuticals,"Munich, DE","Singapore, SG",Standard Ground,12.4,14235.77,565,1000,0.257,1296.2,0.356,0.602,9.5287,0.565,0.2693,15.6,3.2,1
SHP-11531,Bavaria Logistics Parts,Tier-1,Semiconductors & Electronics,"Shenzhen, CN","Rotterdam, NL",Ocean Intermodal,25.0,1130.51,680,100,0.092,11764.5,0.377,0.14,2.1278,6.8,0.0576,25.0,0.0,0
SHP-11532,Bavaria Logistics Parts,Tier-1,Industrial Machinery,"Chicago, US","Dallas, US",Standard Ground,9.8,2109.35,756,100,0.085,1207.8,0.18,0.651,8.1297,7.56,0.1271,9.8,0.0,0
SHP-11533,GlobalTech Micro,Tier-1,Automotive Assemblies,"Tokyo, JP","Los Angeles, US",Ocean Intermodal,30.2,11441.09,1070,1000,0.14,9916.2,0.641,0.16,3.0439,1.07,0.1169,36.4,6.2,1
SHP-11534,FastTrack Assembly Co,Tier-2,Industrial Machinery,"Tokyo, JP","Los Angeles, US",Standard Ground,7.6,2304.57,1382,250,0.33,1533.5,0.161,0.644,4.9741,5.528,0.1379,7.6,0.0,0
SHP-11535,Bavaria Logistics Parts,Tier-1,Automotive Assemblies,"Chicago, US","Rotterdam, NL",Ocean Intermodal,26.6,767.59,1373,100,0.048,11503.2,0.038,0.586,2.3146,13.73,0.0233,26.6,0.0,0
SHP-11536,GlobalTech Micro,Tier-1,Pharmaceuticals,"Shenzhen, CN","Dallas, US",Express Carrier,2.0,26330.88,328,500,0.082,5510.5,0.431,0.653,0.3664,0.656,0.3045,6.8,4.8,1
SHP-11537,Bavaria Logistics Parts,Tier-1,Pharmaceuticals,"Shenzhen, CN","Singapore, SG",Standard Ground,5.4,4018.06,776,250,0.112,3294.7,0.598,0.629,1.6404,3.104,0.4183,5.4,0.0,0
SHP-11538,Bavaria Logistics Parts,Tier-1,Pharmaceuticals,"Taipei, TW","Singapore, SG",Standard Ground,8.3,2418.41,915,250,0.01,2335.9,0.067,0.38,3.541,3.66,0.0257,8.3,0.0,0
SHP-11539,GlobalTech Micro,Tier-1,Industrial Machinery,"Taipei, TW","Singapore, SG",Air Freight,3.5,49495.42,359,1000,0.14,11121.8,0.386,0.099,0.3104,0.359,0.0436,3.5,0.0,0
SHP-11540,Delta Industrial Supplies,Tier-2,Semiconductors & Electronics,"Tokyo, JP","Rotterdam, NL",Standard Ground,6.8,1184.68,351,100,0.279,770.8,0.517,0.297,8.8871,3.51,0.1965,6.8,0.0,0
SHP-11541,Apex Auto Components,Tier-1,Pharmaceuticals,"Tokyo, JP","Singapore, SG",Standard Ground,11.3,9990.81,558,500,0.137,1021.6,0.449,0.674,11.0169,1.116,0.344,11.3,0.0,0
SHP-11542,GlobalTech Micro,Tier-1,Industrial Machinery,"Shenzhen, CN","Los Angeles, US",Standard Ground,8.1,4307.53,174,250,0.081,2362.9,0.576,0.255,3.4091,0.696,0.1588,8.1,0.0,0
SHP-11543,TransPacific Freight,Tier-3,Industrial Machinery,"Shenzhen, CN","Rotterdam, NL",Ocean Intermodal,26.8,5428.36,856,500,0.355,12135.1,0.129,0.422,2.2088,1.712,0.0738,31.6,4.8,1
SHP-11544,Shenzhen Silicon Ltd,Tier-2,Pharmaceuticals,"Munich, DE","Frankfurt, DE",Standard Ground,13.1,1015.95,244,100,0.268,3074.1,0.11,0.821,4.2681,2.44,0.1145,16.6,3.5,1
SHP-11545,Nordic Raw Materials,Tier-1,Semiconductors & Electronics,"Tokyo, JP","Frankfurt, DE",Standard Ground,6.6,8837.68,204,500,0.049,3214.6,0.268,0.664,2.0432,0.408,0.1866,6.6,0.0,0
SHP-11546,Nordic Raw Materials,Tier-1,Pharmaceuticals,"Busan, KR","Dallas, US",Air Freight,5.3,28968.48,556,500,0.116,8130.2,0.489,0.356,0.6461,1.112,0.1943,7.2,1.9,1
SHP-11547,FastTrack Assembly Co,Tier-2,Automotive Assemblies,"Shenzhen, CN","Rotterdam, NL",Ocean Intermodal,34.8,9176.55,798,1000,0.278,11180.8,0.087,0.142,3.111,0.798,0.0158,34.8,0.0,0
SHP-11548,Bavaria Logistics Parts,Tier-1,Automotive Assemblies,"Tokyo, JP","Rotterdam, NL",Standard Ground,11.2,6955.95,187,500,0.074,694.9,0.182,0.67,16.0503,0.374,0.1309,11.2,0.0,0
SHP-11549,FastTrack Assembly Co,Tier-2,Semiconductors & Electronics,"Shenzhen, CN","Singapore, SG",Express Carrier,3.7,132673.73,1297,2000,0.358,6146.3,0.484,0.104,0.5993,0.6485,0.0684,8.3,4.6,1
SHP-11550,Apex Auto Components,Tier-1,Pharmaceuticals,"Munich, DE","Dallas, US",Ocean Intermodal,21.9,4267.62,238,500,0.076,12830.9,0.42,0.545,1.7089,0.476,0.2463,26.0,4.1,1
SHP-11551,TransPacific Freight,Tier-3,Semiconductors & Electronics,"Tokyo, JP","Frankfurt, DE",Standard Ground,5.6,2075.25,1304,100,0.412,1713.7,0.035,0.659,3.2615,13.04,0.0326,5.6,0.0,0
SHP-11552,Bavaria Logistics Parts,Tier-1,Semiconductors & Electronics,"Busan, KR","Frankfurt, DE",Ocean Intermodal,26.0,1853.31,60,250,0.124,12847.5,0.205,0.632,2.0223,0.24,0.1457,31.2,5.2,1
SHP-11553,FastTrack Assembly Co,Tier-2,Pharmaceuticals,"Munich, DE","Dallas, US",Standard Ground,5.1,4856.88,142,500,0.294,1957.2,0.422,0.454,2.6097,0.284,0.2479,7.8,2.7,1
SHP-11554,Nordic Raw Materials,Tier-1,Pharmaceuticals,"Tokyo, JP","Frankfurt, DE",Standard Ground,11.8,11125.23,75,1000,0.191,2838.3,0.726,0.621,4.175,0.075,0.5371,18.2,6.4,1
SHP-11555,TransPacific Freight,Tier-3,Industrial Machinery,"Busan, KR","Singapore, SG",Ocean Intermodal,18.3,1171.47,540,100,0.463,10816.6,0.054,0.321,1.6919,5.4,0.0254,21.0,2.7,1
SHP-11556,TransPacific Freight,Tier-3,Pharmaceuticals,"Munich, DE","Los Angeles, US",Standard Ground,10.3,4581.69,282,250,0.396,1873.7,0.613,0.359,5.4798,1.128,0.3072,14.5,4.2,1
SHP-11557,TransPacific Freight,Tier-3,Industrial Machinery,"Munich, DE","Singapore, SG",Standard Ground,10.2,1163.26,1073,100,0.465,2949.8,0.752,0.164,3.4417,10.73,0.1806,14.2,4.0,1
SHP-11558,Apex Auto Components,Tier-1,Pharmaceuticals,"Shenzhen, CN","Dallas, US",Standard Ground,5.3,3050.47,519,250,0.135,1982.9,0.026,0.36,2.6708,2.076,0.0106,5.3,0.0,0
SHP-11559,FastTrack Assembly Co,Tier-2,Automotive Assemblies,"Tokyo, JP","Los Angeles, US",Ocean Intermodal,32.9,2454.02,978,500,0.252,8997.6,0.396,0.646,3.6591,1.956,0.3203,39.7,6.8,1
SHP-11560,Delta Industrial Supplies,Tier-2,Pharmaceuticals,"Chicago, US","Frankfurt, DE",Standard Ground,7.6,7603.81,150,500,0.206,2049.7,0.306,0.172,3.7181,0.3,0.0635,7.6,0.0,0
SHP-11561,Nordic Raw Materials,Tier-1,Pharmaceuticals,"Busan, KR","Rotterdam, NL",Air Freight,7.4,4724.73,917,100,0.058,9741.9,0.125,0.576,0.7622,9.17,0.0762,7.4,0.0,0
SHP-11562,Bavaria Logistics Parts,Tier-1,Automotive Assemblies,"Tokyo, JP","Rotterdam, NL",Ocean Intermodal,25.8,5980.39,1395,500,0.01,8056.0,0.315,0.264,3.2079,2.79,0.084,25.8,0.0,0
SHP-11563,TransPacific Freight,Tier-3,Consumer Electronics,"Shenzhen, CN","Dallas, US",Air Freight,3.4,15247.27,1212,500,0.393,9540.7,0.445,0.214,0.3521,2.424,0.1326,7.5,4.1,1
SHP-11564,FastTrack Assembly Co,Tier-2,Industrial Machinery,"Shenzhen, CN","Frankfurt, DE",Ocean Intermodal,23.3,472.91,780,50,0.31,10513.0,0.528,0.64,2.2209,15.6,0.4425,30.6,7.3,1
SHP-11565,GlobalTech Micro,Tier-1,Semiconductors & Electronics,"Chicago, US","Los Angeles, US",Standard Ground,8.9,14243.73,76,1000,0.044,1456.6,0.117,0.182,6.1244,0.076,0.0222,8.9,0.0,0
SHP-11566,Shenzhen Silicon Ltd,Tier-2,Automotive Assemblies,"Munich, DE","Singapore, SG",Standard Ground,13.2,977.94,223,100,0.289,2431.5,0.566,0.8,5.4187,2.23,0.5836,15.8,2.6,1
SHP-11567,Bavaria Logistics Parts,Tier-1,Consumer Electronics,"Tokyo, JP","Singapore, SG",Standard Ground,12.2,1223.7,936,100,0.021,1506.5,0.321,0.319,8.0737,9.36,0.1046,12.2,0.0,0
SHP-11568,GlobalTech Micro,Tier-1,Semiconductors & Electronics,"Munich, DE","Los Angeles, US",Ocean Intermodal,25.9,1669.87,782,250,0.177,11288.4,0.255,0.223,2.2916,3.128,0.0669,25.9,0.0,0
SHP-11569,Delta Industrial Supplies,Tier-2,Consumer Electronics,"Tokyo, JP","Dallas, US",Ocean Intermodal,23.5,592.7,1418,100,0.173,11949.1,0.588,0.182,1.9665,14.18,0.1255,27.5,4.0,1
SHP-11570,Delta Industrial Supplies,Tier-2,Industrial Machinery,"Shenzhen, CN","Frankfurt, DE",Express Carrier,4.0,65096.07,627,1000,0.144,2976.5,0.016,0.471,1.3443,0.627,0.0086,4.0,0.0,0
SHP-11571,Delta Industrial Supplies,Tier-2,Automotive Assemblies,"Busan, KR","Los Angeles, US",Standard Ground,11.7,2537.63,511,250,0.176,3288.3,0.235,0.567,3.5528,2.044,0.1567,11.7,0.0,0
SHP-11572,TransPacific Freight,Tier-3,Automotive Assemblies,"Munich, DE","Rotterdam, NL",Air Freight,4.2,13884.36,582,500,0.4,5456.9,0.619,0.134,0.7752,1.164,0.1161,8.5,4.3,1
SHP-11573,Apex Auto Components,Tier-1,Pharmaceuticals,"Munich, DE","Los Angeles, US",Ocean Intermodal,32.8,4258.45,927,500,0.105,11133.6,0.459,0.432,2.9479,1.854,0.2192,36.6,3.8,1
SHP-11574,Shenzhen Silicon Ltd,Tier-2,Automotive Assemblies,"Chicago, US","Rotterdam, NL",Express Carrier,4.4,16446.28,77,250,0.316,5475.2,0.488,0.528,0.806,0.308,0.3392,10.4,6.0,1
SHP-11575,FastTrack Assembly Co,Tier-2,Semiconductors & Electronics,"Busan, KR","Rotterdam, NL",Air Freight,5.9,33818.85,681,1000,0.414,8098.9,0.684,0.142,0.7271,0.681,0.1374,11.3,5.4,1
SHP-11576,GlobalTech Micro,Tier-1,Consumer Electronics,"Munich, DE","Frankfurt, DE",Ocean Intermodal,24.2,1756.41,802,250,0.174,7198.5,0.107,0.629,3.3628,3.208,0.079,24.2,0.0,0
SHP-11577,GlobalTech Micro,Tier-1,Semiconductors & Electronics,"Munich, DE","Dallas, US",Air Freight,6.1,8681.83,691,250,0.105,7320.7,0.555,0.609,0.8298,2.764,0.3735,9.1,3.0,1
SHP-11578,Nordic Raw Materials,Tier-1,Semiconductors & Electronics,"Shenzhen, CN","Frankfurt, DE",Air Freight,5.8,3228.79,259,100,0.028,9994.2,0.524,0.365,0.5836,2.59,0.1965,5.8,0.0,0
SHP-11579,Nordic Raw Materials,Tier-1,Automotive Assemblies,"Munich, DE","Rotterdam, NL",Air Freight,5.4,11125.09,1422,250,0.164,6431.8,0.636,0.183,0.8425,5.688,0.1355,5.4,0.0,0
SHP-11580,Nordic Raw Materials,Tier-1,Industrial Machinery,"Tokyo, JP","Frankfurt, DE",Standard Ground,6.2,2608.18,176,250,0.095,1765.5,0.574,0.297,3.5016,0.704,0.1868,6.2,0.0,0
SHP-11581,Shenzhen Silicon Ltd,Tier-2,Automotive Assemblies,"Taipei, TW","Rotterdam, NL",Standard Ground,13.1,4198.46,735,250,0.263,2322.6,0.137,0.295,5.635,2.94,0.0511,13.1,0.0,0
SHP-11582,TransPacific Freight,Tier-3,Pharmaceuticals,"Munich, DE","Frankfurt, DE",Standard Ground,9.6,1796.07,1233,100,0.421,3168.0,0.192,0.571,3.0298,12.33,0.1558,9.6,0.0,0
SHP-11583,Bavaria Logistics Parts,Tier-1,Pharmaceuticals,"Busan, KR","Frankfurt, DE",Air Freight,7.2,7221.87,376,250,0.031,6877.6,0.266,0.571,1.0457,1.504,0.1567,7.2,0.0,0
SHP-11584,GlobalTech Micro,Tier-1,Automotive Assemblies,"Busan, KR","Singapore, SG",Air Freight,6.0,6224.26,810,100,0.061,10672.4,0.482,0.557,0.5642,8.1,0.2849,9.1,3.1,1
SHP-11585,FastTrack Assembly Co,Tier-2,Pharmaceuticals,"Tokyo, JP","Rotterdam, NL",Air Freight,3.6,5319.21,1140,100,0.332,7269.5,0.322,0.189,0.498,11.4,0.081,3.6,0.0,0
SHP-11586,Apex Auto Components,Tier-1,Semiconductors & Electronics,"Taipei, TW","Singapore, SG",Express Carrier,4.8,2651.79,575,50,0.036,6760.9,0.244,0.613,0.703,11.5,0.155,4.8,0.0,0
SHP-11587,GlobalTech Micro,Tier-1,Automotive Assemblies,"Taipei, TW","Frankfurt, DE",Standard Ground,9.8,3127.81,203,250,0.15,2006.9,0.218,0.397,4.8912,0.812,0.0996,9.8,0.0,0
SHP-11588,Shenzhen Silicon Ltd,Tier-2,Semiconductors & Electronics,"Shenzhen, CN","Rotterdam, NL",Air Freight,4.7,110200.8,547,2000,0.32,8664.9,0.631,0.614,0.5433,0.2735,0.5112,12.1,7.4,1
SHP-11589,GlobalTech Micro,Tier-1,Automotive Assemblies,"Munich, DE","Rotterdam, NL",Ocean Intermodal,30.7,1359.91,1038,100,0.12,13414.5,0.297,0.479,2.2901,10.38,0.1593,35.0,4.3,1
SHP-11590,Delta Industrial Supplies,Tier-2,Automotive Assemblies,"Munich, DE","Frankfurt, DE",Standard Ground,6.4,1005.71,1339,100,0.308,1501.6,0.275,0.365,4.2891,13.39,0.1313,6.4,0.0,0
SHP-11591,TransPacific Freight,Tier-3,Automotive Assemblies,"Shenzhen, CN","Los Angeles, US",Standard Ground,5.5,19076.2,352,1000,0.503,2906.2,0.471,0.207,1.8873,0.352,0.1466,8.9,3.4,1
SHP-11592,Delta Industrial Supplies,Tier-2,Automotive Assemblies,"Shenzhen, CN","Los Angeles, US",Air Freight,4.6,5524.89,1040,100,0.284,7389.4,0.037,0.357,0.6287,10.4,0.017,4.6,0.0,0
SHP-11593,Delta Industrial Supplies,Tier-2,Industrial Machinery,"Chicago, US","Singapore, SG",Standard Ground,5.3,4749.78,854,500,0.232,2526.9,0.236,0.578,2.0798,1.708,0.168,5.3,0.0,0
SHP-11594,TransPacific Freight,Tier-3,Automotive Assemblies,"Busan, KR","Frankfurt, DE",Standard Ground,12.4,1499.29,676,100,0.36,3267.5,0.275,0.289,3.8102,6.76,0.1081,12.4,0.0,0
SHP-11595,GlobalTech Micro,Tier-1,Automotive Assemblies,"Busan, KR","Rotterdam, NL",Standard Ground,13.4,19326.51,1007,1000,0.108,3414.6,0.206,0.727,3.9325,1.007,0.166,13.4,0.0,0
SHP-11596,Bavaria Logistics Parts,Tier-1,Consumer Electronics,"Chicago, US","Rotterdam, NL",Air Freight,3.8,110749.61,872,2000,0.083,9986.4,0.215,0.212,0.3778,0.436,0.0494,3.8,0.0,0
SHP-11597,Apex Auto Components,Tier-1,Automotive Assemblies,"Busan, KR","Rotterdam, NL",Air Freight,7.3,17099.76,295,500,0.073,11075.2,0.245,0.249,0.6611,0.59,0.0654,7.3,0.0,0
SHP-11598,FastTrack Assembly Co,Tier-2,Automotive Assemblies,"Shenzhen, CN","Rotterdam, NL",Air Freight,6.2,3053.66,253,100,0.28,4229.7,0.042,0.486,1.4571,2.53,0.0261,6.2,0.0,0
SHP-11599,Shenzhen Silicon Ltd,Tier-2,Semiconductors & Electronics,"Chicago, US","Frankfurt, DE",Ocean Intermodal,33.8,1470.44,734,250,0.319,10433.8,0.208,0.137,3.244,2.936,0.0376,33.8,0.0,0
SHP-11600,FastTrack Assembly Co,Tier-2,Pharmaceuticals,"Busan, KR","Rotterdam, NL",Air Freight,7.5,3898.09,202,100,0.336,9044.7,0.694,0.563,0.8253,2.02,0.5221,13.8,6.3,1
SHP-11601,Delta Industrial Supplies,Tier-2,Industrial Machinery,"Tokyo, JP","Dallas, US",Express Carrier,3.4,13006.77,329,250,0.212,3304.6,0.097,0.627,1.0436,1.316,0.0737,3.4,0.0,0
SHP-11602,FastTrack Assembly Co,Tier-2,Semiconductors & Electronics,"Busan, KR","Frankfurt, DE",Standard Ground,8.1,5190.38,959,250,0.322,2020.9,0.467,0.738,4.0179,3.836,0.4555,13.3,5.2,1
SHP-11603,TransPacific Freight,Tier-3,Pharmaceuticals,"Shenzhen, CN","Singapore, SG",Ocean Intermodal,25.1,2564.87,451,250,0.37,12048.5,0.515,0.081,2.0817,1.804,0.0571,27.1,2.0,1
SHP-11604,TransPacific Freight,Tier-3,Semiconductors & Electronics,"Shenzhen, CN","Los Angeles, US",Standard Ground,6.3,30678.31,1468,2000,0.425,2295.8,0.361,0.183,2.7338,0.734,0.0941,6.3,0.0,0
SHP-11605,TransPacific Freight,Tier-3,Consumer Electronics,"Tokyo, JP","Singapore, SG",Air Freight,5.6,4405.78,908,100,0.442,10878.5,0.547,0.182,0.516,9.08,0.1436,9.6,4.0,1
SHP-11606,TransPacific Freight,Tier-3,Pharmaceuticals,"Munich, DE","Rotterdam, NL",Air Freight,7.5,13668.5,328,500,0.374,8058.0,0.346,0.5,0.9337,0.656,0.2377,13.3,5.8,1
SHP-11607,GlobalTech Micro,Tier-1,Consumer Electronics,"Chicago, US","Rotterdam, NL",Ocean Intermodal,18.2,2206.23,775,250,0.092,8223.7,0.085,0.226,2.2137,3.1,0.021,18.2,0.0,0
SHP-11608,FastTrack Assembly Co,Tier-2,Industrial Machinery,"Chicago, US","Los Angeles, US",Air Freight,7.5,2340.29,203,50,0.27,10921.8,0.273,0.454,0.6869,4.06,0.1574,10.7,3.2,1
SHP-11609,TransPacific Freight,Tier-3,Pharmaceuticals,"Shenzhen, CN","Singapore, SG",Express Carrier,2.9,14704.44,184,250,0.392,5122.8,0.497,0.369,0.5724,0.736,0.2553,11.2,8.3,1
SHP-11610,Nordic Raw Materials,Tier-1,Pharmaceuticals,"Busan, KR","Dallas, US",Air Freight,5.8,4230.67,1092,100,0.096,8854.2,0.232,0.572,0.6504,10.92,0.1455,5.8,0.0,0
SHP-11611,Bavaria Logistics Parts,Tier-1,Pharmaceuticals,"Munich, DE","Frankfurt, DE",Standard Ground,9.1,32467.98,555,2000,0.032,1423.8,0.062,0.602,6.4247,0.2775,0.0385,9.1,0.0,0
SHP-11612,Shenzhen Silicon Ltd,Tier-2,Pharmaceuticals,"Munich, DE","Singapore, SG",Standard Ground,8.2,16205.0,626,1000,0.359,763.9,0.322,0.067,10.7001,0.626,0.0293,8.2,0.0,0
SHP-11613,Apex Auto Components,Tier-1,Consumer Electronics,"Taipei, TW","Dallas, US",Express Carrier,2.2,27592.71,116,500,0.04,7892.5,0.252,0.847,0.2817,0.232,0.2219,6.2,4.0,1
SHP-11614,Shenzhen Silicon Ltd,Tier-2,Automotive Assemblies,"Tokyo, JP","Los Angeles, US",Standard Ground,10.6,5760.57,1025,500,0.329,1097.1,0.554,0.239,9.6171,2.05,0.176,10.6,0.0,0
SHP-11615,Delta Industrial Supplies,Tier-2,Industrial Machinery,"Munich, DE","Los Angeles, US",Air Freight,4.0,11942.98,327,250,0.234,4874.3,0.12,0.559,0.8121,1.308,0.0827,4.0,0.0,0
SHP-11616,Apex Auto Components,Tier-1,Automotive Assemblies,"Tokyo, JP","Rotterdam, NL",Ocean Intermodal,24.6,740.23,1033,100,0.083,7967.2,0.275,0.559,3.0823,10.33,0.1665,24.6,0.0,0
SHP-11617,Nordic Raw Materials,Tier-1,Automotive Assemblies,"Taipei, TW","Frankfurt, DE",Standard Ground,12.1,3077.23,362,250,0.109,1398.4,0.635,0.453,8.6199,1.448,0.3189,12.1,0.0,0
SHP-11618,Apex Auto Components,Tier-1,Pharmaceuticals,"Taipei, TW","Rotterdam, NL",Air Freight,5.8,4897.44,1238,100,0.032,4494.6,0.548,0.099,1.3004,12.38,0.056,5.8,0.0,0
SHP-11619,Delta Industrial Supplies,Tier-2,Industrial Machinery,"Busan, KR","Rotterdam, NL",Standard Ground,13.5,8749.19,1032,500,0.237,2586.1,0.338,0.613,5.2214,2.064,0.2563,13.5,0.0,0
SHP-11620,GlobalTech Micro,Tier-1,Pharmaceuticals,"Shenzhen, CN","Los Angeles, US",Ocean Intermodal,29.5,4174.56,1443,500,0.133,11586.7,0.557,0.321,2.547,2.886,0.2025,33.7,4.2,1
SHP-11621,TransPacific Freight,Tier-3,Semiconductors & Electronics,"Shenzhen, CN","Rotterdam, NL",Air Freight,4.1,5766.58,430,100,0.484,4757.8,0.15,0.139,0.8687,4.3,0.0309,4.1,0.0,0
SHP-11622,Apex Auto Components,Tier-1,Automotive Assemblies,"Taipei, TW","Singapore, SG",Standard Ground,11.6,3707.76,279,250,0.098,1021.7,0.263,0.428,11.3053,1.116,0.1236,11.6,0.0,0
SHP-11623,TransPacific Freight,Tier-3,Consumer Electronics,"Shenzhen, CN","Singapore, SG",Air Freight,5.5,14361.08,1024,250,0.39,7406.7,0.311,0.455,0.7449,4.096,0.1967,9.8,4.3,1
SHP-11624,Apex Auto Components,Tier-1,Semiconductors & Electronics,"Busan, KR","Dallas, US",Ocean Intermodal,27.8,727.65,1248,50,0.126,7651.3,0.281,0.643,3.6291,24.96,0.2034,27.8,0.0,0
SHP-11625,Delta Industrial Supplies,Tier-2,Automotive Assemblies,"Taipei, TW","Dallas, US",Ocean Intermodal,20.5,3827.0,442,500,0.265,12410.9,0.09,0.555,1.6539,0.884,0.0632,28.0,7.5,1
SHP-11626,TransPacific Freight,Tier-3,Consumer Electronics,"Shenzhen, CN","Dallas, US",Ocean Intermodal,34.9,21816.54,1205,2000,0.402,11159.6,0.161,0.553,3.1254,0.6025,0.1249,39.1,4.2,1
SHP-11627,GlobalTech Micro,Tier-1,Pharmaceuticals,"Munich, DE","Singapore, SG",Air Freight,5.5,44114.46,648,1000,0.159,5250.3,0.231,0.87,1.0444,0.648,0.2329,10.6,5.1,1
SHP-11628,TransPacific Freight,Tier-3,Industrial Machinery,"Munich, DE","Rotterdam, NL",Ocean Intermodal,21.4,745.79,1387,50,0.469,10435.6,0.299,0.178,2.0501,27.74,0.0782,25.6,4.2,1
SHP-11629,Apex Auto Components,Tier-1,Consumer Electronics,"Busan, KR","Los Angeles, US",Standard Ground,10.1,4006.23,1463,250,0.068,1400.1,0.28,0.882,7.2215,5.852,0.2638,10.1,0.0,0
SHP-11630,Shenzhen Silicon Ltd,Tier-2,Industrial Machinery,"Tokyo, JP","Los Angeles, US",Standard Ground,6.8,3412.09,961,250,0.336,1000.0,0.159,0.289,6.7792,3.844,0.0614,6.8,0.0,0
SHP-11631,Bavaria Logistics Parts,Tier-1,Semiconductors & Electronics,"Shenzhen, CN","Rotterdam, NL",Express Carrier,2.3,4604.56,757,100,0.038,5433.9,0.735,0.162,0.4297,7.57,0.1236,2.3,0.0,0
SHP-11632,FastTrack Assembly Co,Tier-2,Semiconductors & Electronics,"Tokyo, JP","Los Angeles, US",Air Freight,6.8,9322.77,1396,250,0.316,8702.1,0.221,0.7,0.7777,5.584,0.2036,11.0,4.2,1
SHP-11633,TransPacific Freight,Tier-3,Automotive Assemblies,"Taipei, TW","Dallas, US",Standard Ground,11.6,1098.47,521,100,0.436,642.5,0.748,0.363,17.9917,5.21,0.3898,15.3,3.7,1
SHP-11634,Nordic Raw Materials,Tier-1,Consumer Electronics,"Taipei, TW","Rotterdam, NL",Standard Ground,6.3,868.67,458,50,0.031,3160.6,0.298,0.382,1.9855,9.16,0.1173,6.3,0.0,0
SHP-11635,Apex Auto Components,Tier-1,Consumer Electronics,"Taipei, TW","Frankfurt, DE",Standard Ground,8.1,3338.81,646,250,0.04,1447.6,0.874,0.553,5.5781,2.584,0.5028,8.1,0.0,0
SHP-11636,Bavaria Logistics Parts,Tier-1,Consumer Electronics,"Tokyo, JP","Frankfurt, DE",Express Carrier,3.0,7031.97,1180,100,0.087,2859.5,0.618,0.325,1.0377,11.8,0.2183,3.0,0.0,0
SHP-11637,Apex Auto Components,Tier-1,Automotive Assemblies,"Chicago, US","Dallas, US",Air Freight,7.2,1951.33,1325,50,0.062,7621.8,0.566,0.484,0.9499,26.5,0.2909,7.2,0.0,0
SHP-11638,GlobalTech Micro,Tier-1,Automotive Assemblies,"Chicago, US","Singapore, SG",Air Freight,3.8,4755.97,449,100,0.079,4604.1,0.377,0.047,0.8327,4.49,0.0191,3.8,0.0,0
SHP-11639,Delta Industrial Supplies,Tier-2,Pharmaceuticals,"Shenzhen, CN","Singapore, SG",Air Freight,4.4,3740.7,750,100,0.329,5362.0,0.373,0.181,0.822,7.5,0.0897,4.4,0.0,0
SHP-11640,TransPacific Freight,Tier-3,Automotive Assemblies,"Busan, KR","Frankfurt, DE",Ocean Intermodal,28.2,682.64,1432,50,0.373,9105.5,0.749,0.123,3.0927,28.64,0.1265,31.7,3.5,1
SHP-11641,Apex Auto Components,Tier-1,Automotive Assemblies,"Munich, DE","Los Angeles, US",Standard Ground,11.0,10582.6,366,1000,0.031,1441.3,0.29,0.46,7.6475,0.366,0.1375,11.0,0.0,0
SHP-11642,Bavaria Logistics Parts,Tier-1,Automotive Assemblies,"Chicago, US","Frankfurt, DE",Express Carrier,4.3,2308.3,519,50,0.015,4336.0,0.162,0.423,0.9901,10.38,0.0695,4.3,0.0,0
SHP-11643,GlobalTech Micro,Tier-1,Automotive Assemblies,"Tokyo, JP","Singapore, SG",Ocean Intermodal,24.7,4150.57,366,500,0.175,11047.1,0.281,0.364,2.2367,0.732,0.1201,28.4,3.7,1
SHP-11644,TransPacific Freight,Tier-3,Automotive Assemblies,"Tokyo, JP","Rotterdam, NL",Standard Ground,13.0,1509.6,963,100,0.38,3140.5,0.226,0.576,4.1349,9.63,0.1797,13.0,0.0,0
SHP-11645,Shenzhen Silicon Ltd,Tier-2,Industrial Machinery,"Taipei, TW","Dallas, US",Ocean Intermodal,28.9,3119.69,792,250,0.273,12216.9,0.463,0.326,2.3674,3.168,0.1922,31.5,2.6,1
SHP-11646,Shenzhen Silicon Ltd,Tier-2,Pharmaceuticals,"Tokyo, JP","Singapore, SG",Express Carrier,4.9,18774.45,219,250,0.326,2639.0,0.256,0.174,1.8539,0.876,0.0591,4.9,0.0,0
SHP-11647,Apex Auto Components,Tier-1,Automotive Assemblies,"Chicago, US","Frankfurt, DE",Air Freight,6.5,16370.52,1003,500,0.073,9445.8,0.114,0.202,0.6855,2.006,0.0247,6.5,0.0,0
SHP-11648,Apex Auto Components,Tier-1,Industrial Machinery,"Chicago, US","Frankfurt, DE",Standard Ground,13.1,2554.58,905,250,0.057,776.6,0.344,0.277,16.8061,3.62,0.1007,13.1,0.0,0
SHP-11649,FastTrack Assembly Co,Tier-2,Industrial Machinery,"Shenzhen, CN","Los Angeles, US",Ocean Intermodal,29.0,5159.7,460,500,0.298,12227.1,0.339,0.32,2.371,0.92,0.1408,33.5,4.5,1
SHP-11650,Shenzhen Silicon Ltd,Tier-2,Pharmaceuticals,"Munich, DE","Frankfurt, DE",Express Carrier,2.3,10083.21,447,250,0.257,6618.8,0.121,0.561,0.3545,1.788,0.0854,5.9,3.6,1
SHP-11651,FastTrack Assembly Co,Tier-2,Automotive Assemblies,"Taipei, TW","Dallas, US",Standard Ground,13.3,3297.84,1468,250,0.283,1237.0,0.266,0.148,10.7643,5.872,0.0505,13.3,0.0,0
SHP-11652,Bavaria Logistics Parts,Tier-1,Semiconductors & Electronics,"Tokyo, JP","Los Angeles, US",Air Freight,7.5,4468.28,655,100,0.01,9647.4,0.293,0.258,0.775,6.55,0.0763,7.5,0.0,0
SHP-11653,Delta Industrial Supplies,Tier-2,Pharmaceuticals,"Taipei, TW","Singapore, SG",Air Freight,5.6,9234.29,439,250,0.237,9865.2,0.116,0.487,0.5672,1.756,0.0699,7.4,1.8,1
SHP-11654,Delta Industrial Supplies,Tier-2,Consumer Electronics,"Chicago, US","Los Angeles, US",Standard Ground,6.3,2209.02,575,250,0.288,3239.3,0.374,0.17,1.9475,2.3,0.0819,6.3,0.0,0
SHP-11655,GlobalTech Micro,Tier-1,Automotive Assemblies,"Munich, DE","Dallas, US",Standard Ground,6.3,1411.42,330,100,0.136,605.9,0.489,0.438,10.3556,3.3,0.2433,6.3,0.0,0
SHP-11656,TransPacific Freight,Tier-3,Pharmaceuticals,"Busan, KR","Singapore, SG",Standard Ground,10.3,1740.31,816,100,0.407,1701.4,0.16,0.214,6.0764,8.16,0.0482,10.3,0.0,0
SHP-11657,Apex Auto Components,Tier-1,Pharmaceuticals,"Taipei, TW","Rotterdam, NL",Standard Ground,6.4,1678.25,532,100,0.072,941.7,0.721,0.439,6.8054,5.32,0.3394,6.4,0.0,0
SHP-11658,Apex Auto Components,Tier-1,Consumer Electronics,"Busan, KR","Dallas, US",Air Freight,6.9,21691.45,618,500,0.093,4541.2,0.158,0.079,1.5208,1.236,0.0136,6.9,0.0,0
SHP-11659,Apex Auto Components,Tier-1,Industrial Machinery,"Munich, DE","Frankfurt, DE",Ocean Intermodal,21.7,491.23,433,50,0.061,9049.5,0.444,0.725,2.3967,8.66,0.3414,25.3,3.6,1
SHP-11660,Apex Auto Components,Tier-1,Semiconductors & Electronics,"Taipei, TW","Frankfurt, DE",Express Carrier,2.5,15594.84,953,250,0.082,2759.5,0.409,0.635,0.9088,3.812,0.2811,2.5,0.0,0
SHP-11661,GlobalTech Micro,Tier-1,Industrial Machinery,"Busan, KR","Rotterdam, NL",Standard Ground,7.6,19743.98,1342,2000,0.151,2115.4,0.293,0.18,3.6029,0.671,0.0607,7.6,0.0,0
SHP-11662,Shenzhen Silicon Ltd,Tier-2,Industrial Machinery,"Munich, DE","Singapore, SG",Ocean Intermodal,23.3,1239.05,937,100,0.265,12303.1,0.168,0.021,1.8912,9.37,0.0045,23.3,0.0,0
SHP-11663,Apex Auto Components,Tier-1,Semiconductors & Electronics,"Shenzhen, CN","Los Angeles, US",Ocean Intermodal,26.7,11682.18,854,1000,0.028,10842.8,0.333,0.075,2.461,0.854,0.0257,26.7,0.0,0
SHP-11664,TransPacific Freight,Tier-3,Automotive Assemblies,"Taipei, TW","Rotterdam, NL",Standard Ground,7.5,10869.91,1166,1000,0.483,820.2,0.274,0.057,9.1247,1.166,0.0232,7.5,0.0,0
SHP-11665,TransPacific Freight,Tier-3,Pharmaceuticals,"Shenzhen, CN","Singapore, SG",Air Freight,7.4,2502.23,1074,50,0.369,6388.6,0.13,0.219,1.154,21.48,0.039,7.4,0.0,0
SHP-11666,TransPacific Freight,Tier-3,Industrial Machinery,"Busan, KR","Singapore, SG",Ocean Intermodal,27.4,16049.31,1039,2000,0.348,12858.7,0.361,0.733,2.1292,0.5195,0.3566,36.0,8.6,1
SHP-11667,GlobalTech Micro,Tier-1,Automotive Assemblies,"Taipei, TW","Dallas, US",Ocean Intermodal,29.8,839.2,505,50,0.085,9957.8,0.084,0.257,2.9893,10.1,0.0234,29.8,0.0,0
SHP-11668,Delta Industrial Supplies,Tier-2,Industrial Machinery,"Busan, KR","Rotterdam, NL",Ocean Intermodal,20.0,835.03,1182,100,0.214,10433.8,0.08,0.859,1.9157,11.82,0.0834,22.9,2.9,1
SHP-11669,Shenzhen Silicon Ltd,Tier-2,Pharmaceuticals,"Munich, DE","Dallas, US",Ocean Intermodal,23.2,2674.95,99,250,0.294,13502.8,0.365,0.157,1.7149,0.396,0.0742,27.8,4.6,1
SHP-11670,Shenzhen Silicon Ltd,Tier-2,Industrial Machinery,"Chicago, US","Frankfurt, DE",Air Freight,5.5,6642.37,129,250,0.292,4852.1,0.299,0.343,1.1258,0.516,0.1325,6.5,1.0,1
SHP-11671,Apex Auto Components,Tier-1,Semiconductors & Electronics,"Taipei, TW","Rotterdam, NL",Standard Ground,6.8,2678.85,431,250,0.01,1392.5,0.53,0.684,4.8937,1.724,0.3661,6.8,0.0,0
SHP-11672,Delta Industrial Supplies,Tier-2,Pharmaceuticals,"Chicago, US","Frankfurt, DE",Ocean Intermodal,20.5,2494.68,1308,250,0.205,9360.5,0.144,0.231,2.187,5.232,0.0401,20.5,0.0,0
SHP-11673,Apex Auto Components,Tier-1,Consumer Electronics,"Munich, DE","Los Angeles, US",Standard Ground,7.6,8891.99,761,500,0.033,2244.3,0.264,0.12,3.3959,1.522,0.0327,7.6,0.0,0
SHP-11674,Shenzhen Silicon Ltd,Tier-2,Semiconductors & Electronics,"Tokyo, JP","Dallas, US",Standard Ground,10.9,5443.09,1171,500,0.294,1325.7,0.098,0.424,8.1944,2.342,0.0538,10.9,0.0,0
SHP-11675,FastTrack Assembly Co,Tier-2,Automotive Assemblies,"Taipei, TW","Los Angeles, US",Standard Ground,12.8,2561.93,534,250,0.307,981.5,0.369,0.553,13.0435,2.136,0.2668,12.8,0.0,0
SHP-11676,Nordic Raw Materials,Tier-1,Semiconductors & Electronics,"Busan, KR","Rotterdam, NL",Air Freight,3.3,12339.47,453,250,0.125,7834.6,0.319,0.292,0.4155,1.812,0.1048,3.3,0.0,0
SHP-11677,Apex Auto Components,Tier-1,Automotive Assemblies,"Munich, DE","Rotterdam, NL",Express Carrier,2.0,3634.43,344,50,0.14,6409.2,0.309,0.437,0.3153,6.88,0.154,2.0,0.0,0
SHP-11678,GlobalTech Micro,Tier-1,Consumer Electronics,"Busan, KR","Singapore, SG",Ocean Intermodal,27.7,5514.3,955,500,0.167,10581.1,0.198,0.364,2.6156,1.91,0.0841,27.7,0.0,0
SHP-11679,Delta Industrial Supplies,Tier-2,Industrial Machinery,"Busan, KR","Frankfurt, DE",Ocean Intermodal,32.7,1165.66,1121,100,0.197,8690.7,0.128,0.34,3.7608,11.21,0.0521,32.7,0.0,0
SHP-11680,Nordic Raw Materials,Tier-1,Automotive Assemblies,"Shenzhen, CN","Rotterdam, NL",Standard Ground,10.4,3981.83,163,250,0.033,2351.2,0.482,0.22,4.4187,0.652,0.1095,10.4,0.0,0
SHP-11681,Apex Auto Components,Tier-1,Consumer Electronics,"Chicago, US","Frankfurt, DE",Standard Ground,9.5,4506.64,1459,250,0.129,1750.6,0.147,0.357,5.4355,5.836,0.0593,9.5,0.0,0
SHP-11682,Apex Auto Components,Tier-1,Industrial Machinery,"Busan, KR","Rotterdam, NL",Standard Ground,13.6,11527.94,309,1000,0.098,2442.7,0.7,0.438,5.5817,0.309,0.3365,15.5,1.9,1
SHP-11683,GlobalTech Micro,Tier-1,Semiconductors & Electronics,"Busan, KR","Frankfurt, DE",Standard Ground,13.6,4195.8,517,250,0.086,937.1,0.228,0.731,14.4912,2.068,0.181,13.6,0.0,0
SHP-11684,TransPacific Freight,Tier-3,Semiconductors & Electronics,"Chicago, US","Frankfurt, DE",Standard Ground,10.7,4901.27,490,250,0.45,1393.4,0.669,0.575,7.6768,1.96,0.5577,15.8,5.1,1
SHP-11685,Bavaria Logistics Parts,Tier-1,Semiconductors & Electronics,"Chicago, US","Dallas, US",Express Carrier,2.9,12952.98,1197,250,0.072,5741.9,0.181,0.285,0.4965,4.788,0.0553,2.9,0.0,0
SHP-11686,Bavaria Logistics Parts,Tier-1,Consumer Electronics,"Chicago, US","Rotterdam, NL",Standard Ground,5.1,1103.48,1479,100,0.01,548.7,0.248,0.455,9.3549,14.79,0.114,5.1,0.0,0
SHP-11687,GlobalTech Micro,Tier-1,Pharmaceuticals,"Shenzhen, CN","Los Angeles, US",Ocean Intermodal,20.0,2778.11,968,250,0.15,13573.9,0.297,0.487,1.4736,3.872,0.1663,23.4,3.4,1
SHP-11688,Bavaria Logistics Parts,Tier-1,Automotive Assemblies,"Tokyo, JP","Frankfurt, DE",Air Freight,5.5,14491.45,1264,250,0.011,4935.7,0.28,0.732,1.1169,5.056,0.2072,5.5,0.0,0
SHP-11689,Delta Industrial Supplies,Tier-2,Automotive Assemblies,"Tokyo, JP","Dallas, US",Air Freight,4.2,56812.63,667,2000,0.22,10898.8,0.369,0.329,0.382,0.3335,0.1481,9.5,5.3,1
SHP-11690,TransPacific Freight,Tier-3,Consumer Electronics,"Tokyo, JP","Rotterdam, NL",Air Freight,3.9,10050.1,1162,250,0.446,6322.5,0.457,0.31,0.6112,4.648,0.2049,8.0,4.1,1
SHP-11691,TransPacific Freight,Tier-3,Pharmaceuticals,"Busan, KR","Los Angeles, US",Standard Ground,13.9,13109.54,297,1000,0.441,996.1,0.227,0.36,13.9888,0.297,0.1177,18.3,4.4,1
SHP-11692,Apex Auto Components,Tier-1,Semiconductors & Electronics,"Munich, DE","Dallas, US",Express Carrier,4.1,21954.06,493,500,0.135,5440.8,0.524,0.398,0.7484,0.986,0.2367,7.9,3.8,1
SHP-11693,Bavaria Logistics Parts,Tier-1,Automotive Assemblies,"Chicago, US","Dallas, US",Air Freight,5.1,12967.94,207,250,0.068,9768.4,0.214,0.426,0.5229,0.828,0.0973,5.1,0.0,0
SHP-11694,TransPacific Freight,Tier-3,Automotive Assemblies,"Tokyo, JP","Rotterdam, NL",Express Carrier,4.5,53536.06,746,1000,0.442,6016.7,0.045,0.507,0.741,0.746,0.0329,9.7,5.2,1
SHP-11695,FastTrack Assembly Co,Tier-2,Industrial Machinery,"Munich, DE","Singapore, SG",Ocean Intermodal,22.7,737.35,842,50,0.263,10803.5,0.187,0.185,2.0989,16.84,0.0437,22.7,0.0,0
SHP-11696,Shenzhen Silicon Ltd,Tier-2,Industrial Machinery,"Taipei, TW","Singapore, SG",Air Freight,5.2,34387.32,95,1000,0.259,8731.9,0.337,0.321,0.6001,0.095,0.1362,7.7,2.5,1
SHP-11697,Nordic Raw Materials,Tier-1,Industrial Machinery,"Munich, DE","Los Angeles, US",Air Freight,5.0,9838.39,897,250,0.121,6392.5,0.271,0.546,0.7827,3.588,0.1658,5.0,0.0,0
SHP-11698,FastTrack Assembly Co,Tier-2,Pharmaceuticals,"Busan, KR","Singapore, SG",Ocean Intermodal,19.1,1048.06,718,100,0.308,7196.0,0.193,0.124,2.656,7.18,0.0313,19.1,0.0,0
SHP-11699,GlobalTech Micro,Tier-1,Automotive Assemblies,"Busan, KR","Dallas, US",Air Freight,3.5,4093.91,616,100,0.151,7097.6,0.08,0.526,0.4936,6.16,0.0485,3.5,0.0,0
SHP-11700,TransPacific Freight,Tier-3,Industrial Machinery,"Chicago, US","Frankfurt, DE",Standard Ground,9.5,2065.72,278,100,0.4,1295.9,0.307,0.512,7.3441,2.78,0.22,9.5,0.0,0
SHP-11701,Delta Industrial Supplies,Tier-2,Consumer Electronics,"Tokyo, JP","Los Angeles, US",Express Carrier,4.5,5653.28,919,100,0.184,6738.5,0.185,0.03,0.6699,9.19,0.0066,4.5,0.0,0
SHP-11702,GlobalTech Micro,Tier-1,Semiconductors & Electronics,"Munich, DE","Rotterdam, NL",Standard Ground,7.7,3493.58,755,250,0.111,696.7,0.527,0.049,10.9914,3.02,0.0287,7.7,0.0,0
SHP-11703,Shenzhen Silicon Ltd,Tier-2,Automotive Assemblies,"Shenzhen, CN","Los Angeles, US",Standard Ground,8.4,8990.58,696,500,0.339,1411.0,0.461,0.197,5.9872,1.392,0.1216,8.4,0.0,0
SHP-11704,Shenzhen Silicon Ltd,Tier-2,Automotive Assemblies,"Munich, DE","Rotterdam, NL",Ocean Intermodal,28.2,1980.82,662,250,0.322,7449.5,0.599,0.333,3.7788,2.648,0.2637,30.5,2.3,1
SHP-11705,Apex Auto Components,Tier-1,Pharmaceuticals,"Munich, DE","Dallas, US",Air Freight,7.8,3546.02,1086,100,0.069,6110.1,0.306,0.34,1.271,10.86,0.1112,7.8,0.0,0
SHP-11706,Apex Auto Components,Tier-1,Automotive Assemblies,"Tokyo, JP","Dallas, US",Standard Ground,10.1,4351.11,699,500,0.074,1437.0,0.477,0.584,7.0557,1.398,0.2993,10.1,0.0,0
SHP-11707,Apex Auto Components,Tier-1,Semiconductors & Electronics,"Munich, DE","Dallas, US",Standard Ground,12.2,670.45,1226,50,0.058,3249.1,0.203,0.73,3.7599,24.52,0.1568,12.2,0.0,0
SHP-11708,Bavaria Logistics Parts,Tier-1,Industrial Machinery,"Tokyo, JP","Dallas, US",Standard Ground,6.9,992.59,1088,100,0.045,1745.2,0.02,0.598,3.9814,10.88,0.0125,6.9,0.0,0
SHP-11709,FastTrack Assembly Co,Tier-2,Pharmaceuticals,"Munich, DE","Singapore, SG",Standard Ground,6.1,1218.04,930,50,0.31,1030.9,0.579,0.123,5.9549,18.6,0.0933,6.1,0.0,0
SHP-11710,TransPacific Freight,Tier-3,Industrial Machinery,"Taipei, TW","Rotterdam, NL",Ocean Intermodal,21.7,1095.45,1300,100,0.38,10959.3,0.4,0.613,1.9809,13.0,0.3383,28.5,6.8,1
SHP-11711,Delta Industrial Supplies,Tier-2,Pharmaceuticals,"Shenzhen, CN","Los Angeles, US",Standard Ground,5.0,4197.32,1223,250,0.245,1199.9,0.223,0.681,4.1895,4.892,0.1891,5.0,0.0,0
SHP-11712,Shenzhen Silicon Ltd,Tier-2,Pharmaceuticals,"Taipei, TW","Frankfurt, DE",Express Carrier,3.1,2813.31,57,50,0.246,4130.4,0.4,0.234,0.7504,1.14,0.1166,3.1,0.0,0
SHP-11713,FastTrack Assembly Co,Tier-2,Automotive Assemblies,"Taipei, TW","Singapore, SG",Ocean Intermodal,19.6,1199.32,832,100,0.286,13027.4,0.568,0.327,1.5064,8.32,0.2389,24.5,4.9,1
SHP-11714,Apex Auto Components,Tier-1,Consumer Electronics,"Taipei, TW","Frankfurt, DE",Air Freight,6.1,16676.89,765,500,0.083,5192.0,0.357,0.675,1.1657,1.53,0.261,8.0,1.9,1
SHP-11715,Shenzhen Silicon Ltd,Tier-2,Consumer Electronics,"Shenzhen, CN","Dallas, US",Ocean Intermodal,25.5,1282.61,1396,250,0.282,8642.7,0.37,0.579,2.9559,5.584,0.2747,30.2,4.7,1
SHP-11716,Apex Auto Components,Tier-1,Semiconductors & Electronics,"Tokyo, JP","Dallas, US",Standard Ground,11.1,4932.19,300,500,0.02,1235.0,0.269,0.583,8.9696,0.6,0.1599,11.1,0.0,0
SHP-11717,Delta Industrial Supplies,Tier-2,Automotive Assemblies,"Taipei, TW","Singapore, SG",Standard Ground,11.4,8579.46,1310,1000,0.227,1588.3,0.455,0.403,7.1929,1.31,0.225,11.4,0.0,0
SHP-11718,Bavaria Logistics Parts,Tier-1,Semiconductors & Electronics,"Shenzhen, CN","Los Angeles, US",Air Freight,7.5,113280.22,398,2000,0.076,7347.2,0.608,0.26,1.0247,0.199,0.1701,8.5,1.0,1
SHP-11719,FastTrack Assembly Co,Tier-2,Automotive Assemblies,"Taipei, TW","Dallas, US",Ocean Intermodal,33.2,1444.29,1186,250,0.339,9349.3,0.357,0.256,3.5559,4.744,0.1224,33.2,0.0,0
SHP-11720,Delta Industrial Supplies,Tier-2,Semiconductors & Electronics,"Taipei, TW","Rotterdam, NL",Ocean Intermodal,33.9,3141.83,796,500,0.172,7013.1,0.16,0.524,4.8284,1.592,0.0983,33.9,0.0,0
SHP-11721,Apex Auto Components,Tier-1,Consumer Electronics,"Munich, DE","Dallas, US",Air Freight,6.6,9574.63,1107,250,0.058,8682.3,0.54,0.491,0.7621,4.428,0.2806,6.6,0.0,0
SHP-11722,Apex Auto Components,Tier-1,Pharmaceuticals,"Taipei, TW","Singapore, SG",Standard Ground,7.3,2161.47,1046,250,0.043,2903.6,0.667,0.603,2.5153,4.184,0.4194,7.3,0.0,0
SHP-11723,GlobalTech Micro,Tier-1,Automotive Assemblies,"Tokyo, JP","Singapore, SG",Ocean Intermodal,32.6,486.26,66,50,0.118,11829.6,0.2,0.26,2.7543,1.32,0.0581,32.6,0.0,0
SHP-11724,GlobalTech Micro,Tier-1,Consumer Electronics,"Tokyo, JP","Rotterdam, NL",Ocean Intermodal,25.1,3032.47,868,250,0.126,12278.7,0.446,0.608,2.0414,3.472,0.3053,31.6,6.5,1
SHP-11725,TransPacific Freight,Tier-3,Pharmaceuticals,"Tokyo, JP","Dallas, US",Standard Ground,12.6,11879.47,1406,1000,0.397,3251.4,0.173,0.693,3.8639,1.406,0.1675,16.9,4.3,1
SHP-11726,Shenzhen Silicon Ltd,Tier-2,Automotive Assemblies,"Shenzhen, CN","Los Angeles, US",Standard Ground,8.8,3733.66,798,250,0.284,1081.4,0.141,0.472,8.1456,3.192,0.0854,8.8,0.0,0
SHP-11727,Nordic Raw Materials,Tier-1,Industrial Machinery,"Chicago, US","Dallas, US",Standard Ground,7.7,1698.04,935,100,0.095,2669.7,0.313,0.392,2.8826,9.35,0.1344,7.7,0.0,0
SHP-11728,GlobalTech Micro,Tier-1,Pharmaceuticals,"Taipei, TW","Dallas, US",Air Freight,7.7,17129.66,488,500,0.069,11503.0,0.138,0.633,0.6708,0.976,0.0934,11.2,3.5,1
SHP-11729,Delta Industrial Supplies,Tier-2,Semiconductors & Electronics,"Chicago, US","Rotterdam, NL",Air Freight,4.7,1708.88,1032,50,0.151,7890.9,0.371,0.455,0.5916,20.64,0.1943,4.7,0.0,0
SHP-11730,Nordic Raw Materials,Tier-1,Consumer Electronics,"Munich, DE","Singapore, SG",Standard Ground,8.1,39689.37,1167,2000,0.115,2444.6,0.408,0.153,3.3249,0.5835,0.0696,8.1,0.0,0
SHP-11731,Delta Industrial Supplies,Tier-2,Semiconductors & Electronics,"Shenzhen, CN","Dallas, US",Standard Ground,13.7,5369.94,862,500,0.211,2981.6,0.465,0.444,4.5815,1.724,0.2499,13.7,0.0,0
SHP-11732,TransPacific Freight,Tier-3,Industrial Machinery,"Tokyo, JP","Dallas, US",Air Freight,3.4,23558.86,479,500,0.4,7015.6,0.211,0.208,0.4826,0.958,0.0615,8.4,5.0,1
SHP-11733,Delta Industrial Supplies,Tier-2,Semiconductors & Electronics,"Busan, KR","Frankfurt, DE",Ocean Intermodal,23.8,4906.89,743,500,0.267,8076.7,0.145,0.368,2.9452,1.486,0.0676,23.8,0.0,0
SHP-11734,GlobalTech Micro,Tier-1,Consumer Electronics,"Munich, DE","Rotterdam, NL",Air Freight,4.3,53024.54,289,1000,0.146,4237.5,0.246,0.439,1.0103,0.289,0.1238,4.3,0.0,0
SHP-11735,FastTrack Assembly Co,Tier-2,Consumer Electronics,"Chicago, US","Singapore, SG",Standard Ground,12.9,3084.79,624,250,0.347,2193.4,0.255,0.058,5.8629,2.496,0.0199,12.9,0.0,0
SHP-11736,Bavaria Logistics Parts,Tier-1,Consumer Electronics,"Chicago, US","Los Angeles, US",Standard Ground,11.4,1298.99,906,100,0.086,1728.5,0.358,0.496,6.5894,9.06,0.1929,11.4,0.0,0
SHP-11737,Nordic Raw Materials,Tier-1,Pharmaceuticals,"Taipei, TW","Los Angeles, US",Ocean Intermodal,32.0,717.46,414,100,0.03,9922.0,0.054,0.329,3.229,4.14,0.0183,32.0,0.0,0
SHP-11738,Delta Industrial Supplies,Tier-2,Industrial Machinery,"Chicago, US","Singapore, SG",Standard Ground,5.7,1002.4,1082,100,0.173,1879.8,0.183,0.162,3.0521,10.82,0.0348,5.7,0.0,0
SHP-11739,Nordic Raw Materials,Tier-1,Semiconductors & Electronics,"Shenzhen, CN","Frankfurt, DE",Standard Ground,12.1,2062.26,1130,100,0.15,1028.5,0.294,0.434,11.802,11.3,0.1467,12.1,0.0,0
SHP-11740,Bavaria Logistics Parts,Tier-1,Automotive Assemblies,"Chicago, US","Frankfurt, DE",Air Freight,3.4,9505.46,1007,250,0.08,11597.3,0.02,0.547,0.2899,4.028,0.0118,3.4,0.0,0
SHP-11741,Delta Industrial Supplies,Tier-2,Automotive Assemblies,"Tokyo, JP","Rotterdam, NL",Standard Ground,5.9,1252.71,1116,100,0.193,1048.7,0.152,0.084,5.6032,11.16,0.0152,5.9,0.0,0
SHP-11742,GlobalTech Micro,Tier-1,Industrial Machinery,"Taipei, TW","Frankfurt, DE",Express Carrier,3.6,26908.02,1152,500,0.097,3923.9,0.166,0.245,0.9228,2.304,0.0446,3.6,0.0,0
SHP-11743,GlobalTech Micro,Tier-1,Consumer Electronics,"Chicago, US","Los Angeles, US",Ocean Intermodal,26.5,1501.63,343,100,0.116,7404.7,0.332,0.68,3.579,3.43,0.2519,26.5,0.0,0
SHP-11744,Nordic Raw Materials,Tier-1,Consumer Electronics,"Tokyo, JP","Rotterdam, NL",Air Freight,7.8,4115.08,154,100,0.102,4256.8,0.169,0.441,1.8375,1.54,0.0822,7.8,0.0,0
SHP-11745,Delta Industrial Supplies,Tier-2,Consumer Electronics,"Shenzhen, CN","Singapore, SG",Standard Ground,11.9,1932.58,344,100,0.244,976.6,0.486,0.278,12.2345,3.44,0.1681,11.9,0.0,0
SHP-11746,Nordic Raw Materials,Tier-1,Consumer Electronics,"Chicago, US","Frankfurt, DE",Ocean Intermodal,33.8,4471.56,1041,500,0.094,7189.9,0.06,0.296,4.695,2.082,0.0194,33.8,0.0,0
SHP-11747,Apex Auto Components,Tier-1,Semiconductors & Electronics,"Tokyo, JP","Dallas, US",Ocean Intermodal,21.5,2553.47,1426,250,0.01,11668.4,0.486,0.193,1.8396,5.704,0.0947,21.5,0.0,0
SHP-11748,Bavaria Logistics Parts,Tier-1,Automotive Assemblies,"Munich, DE","Singapore, SG",Standard Ground,12.0,2434.03,507,250,0.03,2477.3,0.218,0.117,4.846,2.028,0.0263,12.0,0.0,0
SHP-11749,Delta Industrial Supplies,Tier-2,Industrial Machinery,"Chicago, US","Dallas, US",Air Freight,6.6,17799.21,1083,500,0.294,8490.3,0.635,0.468,0.7811,2.166,0.3847,13.4,6.8,1
SHP-11750,FastTrack Assembly Co,Tier-2,Industrial Machinery,"Busan, KR","Frankfurt, DE",Standard Ground,9.5,2258.62,1353,250,0.317,684.3,0.028,0.218,13.9035,5.412,0.008,9.5,0.0,0
SHP-11751,Delta Industrial Supplies,Tier-2,Consumer Electronics,"Chicago, US","Dallas, US",Ocean Intermodal,34.2,2992.84,729,250,0.212,10854.4,0.31,0.787,3.1515,2.916,0.2957,39.5,5.3,1
SHP-11752,Apex Auto Components,Tier-1,Consumer Electronics,"Tokyo, JP","Los Angeles, US",Express Carrier,2.2,17435.51,573,250,0.066,5151.2,0.03,0.148,0.4261,2.292,0.0047,2.2,0.0,0
SHP-11753,Apex Auto Components,Tier-1,Semiconductors & Electronics,"Busan, KR","Rotterdam, NL",Standard Ground,6.6,2873.09,651,250,0.114,1893.5,0.324,0.359,3.4849,2.604,0.1296,6.6,0.0,0
SHP-11754,FastTrack Assembly Co,Tier-2,Consumer Electronics,"Chicago, US","Los Angeles, US",Air Freight,3.4,10155.97,1489,250,0.332,6135.9,0.425,0.357,0.5502,5.956,0.2021,3.4,0.0,0
SHP-11755,GlobalTech Micro,Tier-1,Consumer Electronics,"Taipei, TW","Dallas, US",Standard Ground,11.5,1281.74,1484,100,0.16,1442.6,0.363,0.445,8.0002,14.84,0.1874,11.5,0.0,0
SHP-11756,FastTrack Assembly Co,Tier-2,Automotive Assemblies,"Taipei, TW","Frankfurt, DE",Standard Ground,6.6,9789.97,476,1000,0.344,1674.4,0.381,0.719,3.9408,0.476,0.3681,10.7,4.1,1
SHP-11757,Nordic Raw Materials,Tier-1,Semiconductors & Electronics,"Shenzhen, CN","Frankfurt, DE",Standard Ground,6.6,1145.58,505,100,0.131,2745.5,0.356,0.406,2.392,5.05,0.1634,6.6,0.0,0
SHP-11758,Bavaria Logistics Parts,Tier-1,Semiconductors & Electronics,"Munich, DE","Frankfurt, DE",Air Freight,3.1,2510.06,1224,50,0.044,6690.2,0.228,0.665,0.4698,24.48,0.1583,3.1,0.0,0
SHP-11759,Bavaria Logistics Parts,Tier-1,Industrial Machinery,"Chicago, US","Frankfurt, DE",Ocean Intermodal,25.0,1475.6,713,250,0.01,11922.8,0.186,0.351,2.0982,2.852,0.0659,25.0,0.0,0
SHP-11760,Bavaria Logistics Parts,Tier-1,Consumer Electronics,"Busan, KR","Rotterdam, NL",Express Carrier,3.2,4679.69,797,100,0.025,7994.5,0.683,0.176,0.3973,7.97,0.1232,3.2,0.0,0
SHP-11761,FastTrack Assembly Co,Tier-2,Automotive Assemblies,"Shenzhen, CN","Dallas, US",Standard Ground,6.2,2656.77,978,250,0.387,2256.1,0.625,0.892,2.7308,3.912,0.7733,10.7,4.5,1
SHP-11762,GlobalTech Micro,Tier-1,Industrial Machinery,"Munich, DE","Rotterdam, NL",Ocean Intermodal,21.4,744.19,641,50,0.126,12483.0,0.417,0.517,1.7179,12.82,0.2427,23.7,2.3,1
SHP-11763,Delta Industrial Supplies,Tier-2,Consumer Electronics,"Munich, DE","Frankfurt, DE",Ocean Intermodal,31.3,3937.24,380,500,0.23,8064.1,0.782,0.591,3.8769,0.76,0.5685,37.9,6.6,1
SHP-11764,Shenzhen Silicon Ltd,Tier-2,Automotive Assemblies,"Taipei, TW","Dallas, US",Ocean Intermodal,33.1,2716.3,871,250,0.318,9110.2,0.744,0.483,3.6341,3.484,0.4735,40.9,7.8,1
SHP-11765,TransPacific Freight,Tier-3,Industrial Machinery,"Shenzhen, CN","Frankfurt, DE",Air Freight,3.9,31805.48,392,1000,0.383,7621.4,0.41,0.012,0.5071,0.392,0.0068,6.0,2.1,1
SHP-11766,Shenzhen Silicon Ltd,Tier-2,Consumer Electronics,"Munich, DE","Los Angeles, US",Express Carrier,2.1,51052.6,797,1000,0.247,5517.9,0.088,0.562,0.3809,0.797,0.0617,5.2,3.1,1
SHP-11767,Delta Industrial Supplies,Tier-2,Automotive Assemblies,"Shenzhen, CN","Rotterdam, NL",Air Freight,7.4,45347.35,473,1000,0.133,7564.8,0.32,0.594,0.9748,0.473,0.2154,10.8,3.4,1
SHP-11768,FastTrack Assembly Co,Tier-2,Automotive Assemblies,"Tokyo, JP","Singapore, SG",Ocean Intermodal,26.7,10602.01,856,1000,0.275,8372.1,0.077,0.264,3.1833,0.856,0.0259,26.7,0.0,0
SHP-11769,GlobalTech Micro,Tier-1,Industrial Machinery,"Munich, DE","Rotterdam, NL",Standard Ground,6.2,4525.15,1246,500,0.132,2688.7,0.434,0.33,2.3154,2.492,0.1622,6.2,0.0,0
SHP-11770,GlobalTech Micro,Tier-1,Industrial Machinery,"Tokyo, JP","Singapore, SG",Standard Ground,9.3,4425.1,1176,250,0.126,2663.1,0.121,0.384,3.4854,4.704,0.0523,9.3,0.0,0
SHP-11771,GlobalTech Micro,Tier-1,Industrial Machinery,"Tokyo, JP","Frankfurt, DE",Express Carrier,3.1,100001.49,236,2000,0.146,2471.1,0.14,0.277,1.2744,0.118,0.0444,3.1,0.0,0
SHP-11772,Bavaria Logistics Parts,Tier-1,Automotive Assemblies,"Chicago, US","Dallas, US",Standard Ground,5.3,4999.66,799,250,0.01,3388.5,0.6,0.155,1.5638,3.196,0.0939,5.3,0.0,0
SHP-11773,Delta Industrial Supplies,Tier-2,Industrial Machinery,"Chicago, US","Dallas, US",Ocean Intermodal,23.1,2264.64,877,250,0.264,13748.2,0.516,0.558,1.6803,3.508,0.3639,29.8,6.7,1
SHP-11774,Bavaria Logistics Parts,Tier-1,Industrial Machinery,"Taipei, TW","Dallas, US",Air Freight,5.9,9959.5,1113,250,0.043,10182.0,0.329,0.494,0.5798,4.452,0.1694,5.9,0.0,0
SHP-11775,Apex Auto Components,Tier-1,Industrial Machinery,"Taipei, TW","Singapore, SG",Ocean Intermodal,28.3,2883.32,125,250,0.101,11779.8,0.429,0.133,2.4049,0.5,0.0628,29.9,1.6,1
SHP-11776,GlobalTech Micro,Tier-1,Pharmaceuticals,"Busan, KR","Los Angeles, US",Standard Ground,8.2,4535.49,151,250,0.132,825.7,0.189,0.44,9.9889,0.604,0.0941,8.2,0.0,0
SHP-11777,GlobalTech Micro,Tier-1,Pharmaceuticals,"Taipei, TW","Los Angeles, US",Express Carrier,4.1,10611.2,403,250,0.077,4456.4,0.68,0.24,0.9091,1.612,0.1758,4.1,0.0,0
SHP-11778,Apex Auto Components,Tier-1,Consumer Electronics,"Taipei, TW","Rotterdam, NL",Ocean Intermodal,31.6,926.55,231,100,0.071,13782.4,0.192,0.381,2.2939,2.31,0.0783,31.6,0.0,0
SHP-11779,Nordic Raw Materials,Tier-1,Pharmaceuticals,"Chicago, US","Rotterdam, NL",Ocean Intermodal,18.8,1956.05,528,250,0.052,10902.4,0.359,0.277,1.7235,2.112,0.1046,18.8,0.0,0
SHP-11780,Delta Industrial Supplies,Tier-2,Automotive Assemblies,"Busan, KR","Los Angeles, US",Air Freight,4.8,20406.31,173,500,0.237,11614.0,0.548,0.219,0.4115,0.346,0.1484,8.6,3.8,1
SHP-11781,Delta Industrial Supplies,Tier-2,Automotive Assemblies,"Chicago, US","Singapore, SG",Air Freight,6.7,49982.13,966,1000,0.262,6994.2,0.158,0.173,0.9554,0.966,0.0345,6.7,0.0,0
SHP-11782,Apex Auto Components,Tier-1,Semiconductors & Electronics,"Munich, DE","Los Angeles, US",Ocean Intermodal,27.9,2674.84,1051,500,0.125,11960.2,0.435,0.662,2.3288,2.102,0.3238,34.4,6.5,1
SHP-11783,GlobalTech Micro,Tier-1,Industrial Machinery,"Shenzhen, CN","Frankfurt, DE",Standard Ground,12.2,19814.93,749,1000,0.155,2299.1,0.323,0.081,5.3025,0.749,0.0302,12.2,0.0,0
SHP-11784,Nordic Raw Materials,Tier-1,Industrial Machinery,"Chicago, US","Singapore, SG",Standard Ground,5.0,5032.55,1348,250,0.062,3282.9,0.274,0.556,1.5268,5.392,0.1619,5.0,0.0,0
SHP-11785,Delta Industrial Supplies,Tier-2,Consumer Electronics,"Chicago, US","Dallas, US",Air Freight,5.0,5437.3,64,100,0.22,6801.5,0.522,0.595,0.7348,0.64,0.3791,11.9,6.9,1
SHP-11786,Bavaria Logistics Parts,Tier-1,Semiconductors & Electronics,"Busan, KR","Dallas, US",Air Freight,7.0,17697.55,479,500,0.062,4264.7,0.121,0.252,1.6316,0.958,0.0324,7.0,0.0,0
SHP-11787,Shenzhen Silicon Ltd,Tier-2,Semiconductors & Electronics,"Busan, KR","Rotterdam, NL",Standard Ground,7.9,4402.5,68,250,0.244,741.4,0.235,0.352,10.6066,0.272,0.1029,7.9,0.0,0
SHP-11788,Nordic Raw Materials,Tier-1,Pharmaceuticals,"Taipei, TW","Singapore, SG",Ocean Intermodal,21.7,2899.86,1204,250,0.139,11072.1,0.42,0.508,1.9603,4.816,0.2429,27.0,5.3,1
SHP-11789,FastTrack Assembly Co,Tier-2,Pharmaceuticals,"Munich, DE","Los Angeles, US",Air Freight,7.7,29401.56,1482,500,0.41,6361.7,0.853,0.254,1.2035,2.964,0.3056,14.2,6.5,1
SHP-11790,GlobalTech Micro,Tier-1,Pharmaceuticals,"Tokyo, JP","Los Angeles, US",Air Freight,3.2,30076.13,938,500,0.122,10283.5,0.412,0.66,0.3067,1.876,0.3051,8.6,5.4,1
SHP-11791,Bavaria Logistics Parts,Tier-1,Industrial Machinery,"Busan, KR","Singapore, SG",Standard Ground,7.9,13843.04,149,1000,0.057,2225.1,0.499,0.604,3.5488,0.149,0.3187,10.0,2.1,1
SHP-11792,Shenzhen Silicon Ltd,Tier-2,Consumer Electronics,"Munich, DE","Singapore, SG",Air Freight,7.6,66606.39,67,2000,0.229,5905.8,0.533,0.285,1.2927,0.0335,0.1867,10.6,3.0,1
SHP-11793,Delta Industrial Supplies,Tier-2,Automotive Assemblies,"Taipei, TW","Los Angeles, US",Air Freight,6.6,44401.02,435,1000,0.223,5682.2,0.191,0.251,1.1646,0.435,0.0586,6.6,0.0,0
SHP-11794,TransPacific Freight,Tier-3,Pharmaceuticals,"Busan, KR","Frankfurt, DE",Ocean Intermodal,20.4,1845.07,1265,250,0.407,12865.3,0.43,0.285,1.5851,5.06,0.1725,26.5,6.1,1
SHP-11795,Delta Industrial Supplies,Tier-2,Consumer Electronics,"Tokyo, JP","Rotterdam, NL",Standard Ground,7.7,1709.23,174,100,0.226,3127.3,0.253,0.392,2.4518,1.74,0.1216,7.7,0.0,0
SHP-11796,FastTrack Assembly Co,Tier-2,Automotive Assemblies,"Chicago, US","Los Angeles, US",Air Freight,3.5,20906.09,866,500,0.337,11244.0,0.256,0.214,0.3083,1.732,0.0733,5.9,2.4,1
SHP-11797,Bavaria Logistics Parts,Tier-1,Automotive Assemblies,"Shenzhen, CN","Frankfurt, DE",Standard Ground,12.8,4149.17,209,250,0.01,2925.6,0.372,0.168,4.3821,0.836,0.0631,12.8,0.0,0
SHP-11798,Apex Auto Components,Tier-1,Semiconductors & Electronics,"Tokyo, JP","Singapore, SG",Standard Ground,8.0,2119.2,1201,100,0.037,2077.8,0.161,0.204,3.8667,12.01,0.0341,8.0,0.0,0
SHP-11799,Nordic Raw Materials,Tier-1,Consumer Electronics,"Chicago, US","Frankfurt, DE",Standard Ground,10.8,17129.9,1418,2000,0.164,2153.5,0.308,0.87,5.0365,0.709,0.3119,15.5,4.7,1
SHP-11800,TransPacific Freight,Tier-3,Semiconductors & Electronics,"Tokyo, JP","Singapore, SG",Express Carrier,3.2,24415.51,767,500,0.364,2128.6,0.484,0.545,1.5067,1.534,0.3599,5.0,1.8,1
SHP-11801,Nordic Raw Materials,Tier-1,Consumer Electronics,"Taipei, TW","Dallas, US",Standard Ground,11.3,3884.86,1481,250,0.143,2128.7,0.305,0.082,5.3173,5.924,0.0286,11.3,0.0,0
SHP-11802,Bavaria Logistics Parts,Tier-1,Pharmaceuticals,"Taipei, TW","Frankfurt, DE",Ocean Intermodal,23.3,13025.67,667,2000,0.056,7575.7,0.106,0.191,3.0807,0.3335,0.0214,23.3,0.0,0
SHP-11803,Shenzhen Silicon Ltd,Tier-2,Automotive Assemblies,"Taipei, TW","Singapore, SG",Air Freight,6.1,9153.37,367,250,0.284,5027.0,0.218,0.508,1.2161,1.468,0.1422,9.8,3.7,1
SHP-11804,TransPacific Freight,Tier-3,Semiconductors & Electronics,"Busan, KR","Dallas, US",Ocean Intermodal,30.0,989.88,433,100,0.415,7588.6,0.15,0.053,3.9492,4.33,0.0112,30.0,0.0,0
SHP-11805,Nordic Raw Materials,Tier-1,Consumer Electronics,"Shenzhen, CN","Rotterdam, NL",Standard Ground,13.9,8843.76,364,500,0.088,932.9,0.626,0.722,14.8836,0.728,0.4916,17.7,3.8,1
SHP-11806,Nordic Raw Materials,Tier-1,Pharmaceuticals,"Busan, KR","Singapore, SG",Standard Ground,11.9,10564.37,1176,1000,0.073,563.4,0.584,0.676,21.1056,1.176,0.4238,11.9,0.0,0
SHP-11807,TransPacific Freight,Tier-3,Semiconductors & Electronics,"Tokyo, JP","Frankfurt, DE",Standard Ground,8.0,3438.03,463,250,0.411,719.4,0.185,0.474,11.171,1.852,0.1237,8.0,0.0,0
SHP-11808,GlobalTech Micro,Tier-1,Industrial Machinery,"Busan, KR","Frankfurt, DE",Ocean Intermodal,21.2,2219.1,492,250,0.133,10395.5,0.135,0.245,2.0389,1.968,0.0375,21.2,0.0,0
SHP-11809,TransPacific Freight,Tier-3,Automotive Assemblies,"Chicago, US","Dallas, US",Standard Ground,8.9,7006.28,720,500,0.395,564.2,0.284,0.189,15.6917,1.44,0.0749,8.9,0.0,0
SHP-11810,FastTrack Assembly Co,Tier-2,Pharmaceuticals,"Munich, DE","Los Angeles, US",Standard Ground,7.0,4907.75,243,250,0.295,705.1,0.456,0.536,9.9539,0.972,0.3165,13.1,6.1,1
SHP-11811,TransPacific Freight,Tier-3,Industrial Machinery,"Shenzhen, CN","Dallas, US",Air Freight,7.8,37481.54,908,1000,0.453,11388.5,0.379,0.386,0.6866,0.908,0.2126,16.2,8.4,1
SHP-11812,Bavaria Logistics Parts,Tier-1,Industrial Machinery,"Chicago, US","Singapore, SG",Air Freight,4.1,7772.96,1049,250,0.038,5779.5,0.121,0.21,0.7047,4.196,0.0264,4.1,0.0,0
SHP-11813,TransPacific Freight,Tier-3,Consumer Electronics,"Busan, KR","Los Angeles, US",Ocean Intermodal,34.8,1210.38,146,100,0.47,8394.5,0.419,0.625,4.1403,1.46,0.3848,42.5,7.7,1
SHP-11814,Shenzhen Silicon Ltd,Tier-2,Semiconductors & Electronics,"Munich, DE","Rotterdam, NL",Ocean Intermodal,29.7,2880.54,979,250,0.297,11043.4,0.473,0.599,2.6864,3.916,0.3674,37.7,8.0,1
SHP-11815,GlobalTech Micro,Tier-1,Automotive Assemblies,"Busan, KR","Dallas, US",Standard Ground,10.2,759.99,262,50,0.104,567.4,0.608,0.073,18.0352,5.24,0.049,10.2,0.0,0
SHP-11816,Delta Industrial Supplies,Tier-2,Automotive Assemblies,"Taipei, TW","Frankfurt, DE",Ocean Intermodal,33.1,991.09,1040,100,0.212,10788.1,0.429,0.554,3.0639,10.4,0.2881,37.0,3.9,1
SHP-11817,Delta Industrial Supplies,Tier-2,Semiconductors & Electronics,"Chicago, US","Singapore, SG",Standard Ground,9.8,2899.48,1334,250,0.117,1748.8,0.294,0.377,5.6205,5.336,0.1238,9.8,0.0,0
SHP-11818,FastTrack Assembly Co,Tier-2,Semiconductors & Electronics,"Shenzhen, CN","Dallas, US",Ocean Intermodal,32.9,1402.61,1477,100,0.367,8839.2,0.602,0.496,3.7274,14.77,0.4081,38.6,5.7,1
SHP-11819,Shenzhen Silicon Ltd,Tier-2,Automotive Assemblies,"Busan, KR","Rotterdam, NL",Ocean Intermodal,18.4,4192.44,660,500,0.225,8765.8,0.385,0.218,2.0936,1.32,0.1029,18.4,0.0,0
SHP-11820,Apex Auto Components,Tier-1,Pharmaceuticals,"Shenzhen, CN","Frankfurt, DE",Express Carrier,4.3,31422.08,825,500,0.089,4831.7,0.186,0.102,0.8812,1.65,0.0207,4.3,0.0,0
SHP-11821,Apex Auto Components,Tier-1,Semiconductors & Electronics,"Shenzhen, CN","Rotterdam, NL",Ocean Intermodal,33.9,4695.45,1312,500,0.077,9065.9,0.635,0.284,3.7344,2.624,0.1942,33.9,0.0,0
SHP-11822,Apex Auto Components,Tier-1,Automotive Assemblies,"Chicago, US","Los Angeles, US",Ocean Intermodal,33.1,2186.09,649,250,0.07,9556.6,0.194,0.375,3.4662,2.596,0.0779,33.1,0.0,0
SHP-11823,Apex Auto Components,Tier-1,Automotive Assemblies,"Busan, KR","Frankfurt, DE",Standard Ground,11.0,4577.03,965,250,0.081,2672.4,0.311,0.538,4.1191,3.86,0.1808,11.0,0.0,0
SHP-11824,FastTrack Assembly Co,Tier-2,Semiconductors & Electronics,"Munich, DE","Dallas, US",Standard Ground,6.3,33845.45,539,2000,0.265,3262.1,0.619,0.651,1.9195,0.2695,0.5096,15.2,8.9,1
SHP-11825,Bavaria Logistics Parts,Tier-1,Semiconductors & Electronics,"Shenzhen, CN","Dallas, US",Ocean Intermodal,24.2,2485.32,470,500,0.063,11542.3,0.3,0.427,2.0956,0.94,0.1362,27.4,3.2,1
SHP-11826,GlobalTech Micro,Tier-1,Pharmaceuticals,"Shenzhen, CN","Rotterdam, NL",Air Freight,3.5,1552.41,783,50,0.064,11875.7,0.225,0.424,0.2966,15.66,0.1015,3.5,0.0,0
SHP-11827,GlobalTech Micro,Tier-1,Pharmaceuticals,"Busan, KR","Los Angeles, US",Standard Ground,10.6,1241.09,661,100,0.033,2962.7,0.305,0.412,3.5897,6.61,0.1299,10.6,0.0,0
SHP-11828,Apex Auto Components,Tier-1,Industrial Machinery,"Busan, KR","Singapore, SG",Standard Ground,13.8,8934.78,1155,1000,0.055,3264.6,0.331,0.077,4.2171,1.155,0.0269,13.8,0.0,0
SHP-11829,Delta Industrial Supplies,Tier-2,Semiconductors & Electronics,"Taipei, TW","Los Angeles, US",Standard Ground,12.5,6383.04,1294,500,0.301,1283.9,0.52,0.25,9.7292,2.588,0.1692,12.5,0.0,0
SHP-11830,GlobalTech Micro,Tier-1,Semiconductors & Electronics,"Tokyo, JP","Los Angeles, US",Express Carrier,3.3,3023.26,797,50,0.174,2382.0,0.254,0.837,1.3733,15.94,0.2497,3.3,0.0,0
SHP-11831,Shenzhen Silicon Ltd,Tier-2,Industrial Machinery,"Munich, DE","Los Angeles, US",Ocean Intermodal,30.0,12832.86,1321,2000,0.277,13082.4,0.079,0.479,2.2912,0.6605,0.0483,35.6,5.6,1
SHP-11832,TransPacific Freight,Tier-3,Pharmaceuticals,"Chicago, US","Rotterdam, NL",Standard Ground,8.2,933.55,154,50,0.431,2036.0,0.421,0.532,4.0434,3.08,0.3204,11.3,3.1,1
SHP-11833,Shenzhen Silicon Ltd,Tier-2,Pharmaceuticals,"Chicago, US","Frankfurt, DE",Express Carrier,2.2,16257.41,1098,250,0.259,5625.4,0.581,0.3,0.3907,4.392,0.2195,2.2,0.0,0
SHP-11834,FastTrack Assembly Co,Tier-2,Semiconductors & Electronics,"Taipei, TW","Rotterdam, NL",Standard Ground,8.5,4832.81,172,250,0.247,2500.6,0.209,0.203,3.3837,0.688,0.0529,8.5,0.0,0
SHP-11835,GlobalTech Micro,Tier-1,Consumer Electronics,"Taipei, TW","Singapore, SG",Express Carrier,4.7,36282.03,1105,500,0.108,5490.5,0.273,0.166,0.856,2.21,0.0502,4.7,0.0,0
SHP-11836,Shenzhen Silicon Ltd,Tier-2,Pharmaceuticals,"Munich, DE","Frankfurt, DE",Ocean Intermodal,27.5,515.63,564,100,0.288,8995.7,0.389,0.463,3.0521,5.64,0.2319,31.3,3.8,1
SHP-11837,FastTrack Assembly Co,Tier-2,Pharmaceuticals,"Chicago, US","Rotterdam, NL",Standard Ground,13.7,7996.82,513,500,0.338,2758.7,0.34,0.114,4.9811,1.026,0.0518,13.7,0.0,0
SHP-11838,GlobalTech Micro,Tier-1,Consumer Electronics,"Shenzhen, CN","Los Angeles, US",Air Freight,6.0,14393.66,654,500,0.109,9662.8,0.392,0.718,0.623,1.308,0.3122,13.0,7.0,1
SHP-11839,FastTrack Assembly Co,Tier-2,Consumer Electronics,"Taipei, TW","Frankfurt, DE",Standard Ground,9.7,27091.85,1415,2000,0.265,2395.5,0.598,0.217,4.0399,0.7075,0.1642,9.7,0.0,0
SHP-11840,Delta Industrial Supplies,Tier-2,Pharmaceuticals,"Busan, KR","Dallas, US",Express Carrier,3.7,3904.9,943,100,0.227,7142.7,0.208,0.698,0.5225,9.43,0.1781,6.4,2.7,1
SHP-11841,Apex Auto Components,Tier-1,Pharmaceuticals,"Shenzhen, CN","Singapore, SG",Ocean Intermodal,33.5,1039.97,138,100,0.057,11786.3,0.274,0.521,2.8415,1.38,0.1508,38.8,5.3,1
SHP-11842,Apex Auto Components,Tier-1,Automotive Assemblies,"Chicago, US","Dallas, US",Ocean Intermodal,29.0,509.55,1378,50,0.064,7561.9,0.28,0.042,3.8398,27.56,0.0125,29.0,0.0,0
SHP-11843,Shenzhen Silicon Ltd,Tier-2,Industrial Machinery,"Chicago, US","Los Angeles, US",Standard Ground,9.3,24281.14,371,2000,0.279,997.0,0.685,0.293,9.2836,0.1855,0.2568,15.0,5.7,1
SHP-11844,Apex Auto Components,Tier-1,Industrial Machinery,"Busan, KR","Rotterdam, NL",Air Freight,7.0,10290.81,143,250,0.048,6528.4,0.335,0.257,1.0689,0.572,0.0902,7.0,0.0,0
SHP-11845,FastTrack Assembly Co,Tier-2,Consumer Electronics,"Busan, KR","Rotterdam, NL",Air Freight,6.8,9780.43,780,250,0.314,6378.0,0.242,0.291,1.0633,3.12,0.0925,6.8,0.0,0
SHP-11846,Shenzhen Silicon Ltd,Tier-2,Pharmaceuticals,"Taipei, TW","Los Angeles, US",Standard Ground,10.7,3140.38,1167,250,0.296,2709.3,0.055,0.087,3.9631,4.668,0.0062,10.7,0.0,0
SHP-11847,Apex Auto Components,Tier-1,Pharmaceuticals,"Tokyo, JP","Frankfurt, DE",Air Freight,3.2,8749.83,275,250,0.06,6238.5,0.599,0.397,0.5068,1.1,0.2521,3.2,0.0,0
SHP-11848,Delta Industrial Supplies,Tier-2,Industrial Machinery,"Tokyo, JP","Los Angeles, US",Express Carrier,4.0,25785.5,539,500,0.295,4627.7,0.244,0.09,0.8552,1.078,0.0284,4.0,0.0,0
SHP-11849,Shenzhen Silicon Ltd,Tier-2,Industrial Machinery,"Taipei, TW","Singapore, SG",Air Freight,3.8,14587.87,702,250,0.282,6417.2,0.32,0.251,0.5938,2.808,0.103,3.8,0.0,0
SHP-11850,FastTrack Assembly Co,Tier-2,Pharmaceuticals,"Taipei, TW","Los Angeles, US",Standard Ground,9.9,5088.43,701,250,0.29,966.0,0.341,0.853,10.284,2.804,0.3753,12.0,2.1,1
SHP-11851,Delta Industrial Supplies,Tier-2,Pharmaceuticals,"Taipei, TW","Frankfurt, DE",Air Freight,5.7,12379.66,595,250,0.202,9553.9,0.082,0.68,0.6008,2.38,0.067,10.5,4.8,1
SHP-11852,FastTrack Assembly Co,Tier-2,Industrial Machinery,"Chicago, US","Dallas, US",Ocean Intermodal,33.1,1492.5,486,250,0.318,13614.3,0.304,0.511,2.4294,1.944,0.2048,38.0,4.9,1
SHP-11853,Shenzhen Silicon Ltd,Tier-2,Semiconductors & Electronics,"Munich, DE","Los Angeles, US",Air Freight,6.5,17054.5,1278,500,0.308,10147.7,0.255,0.311,0.6412,2.556,0.1037,9.3,2.8,1
SHP-11854,GlobalTech Micro,Tier-1,Pharmaceuticals,"Tokyo, JP","Frankfurt, DE",Air Freight,5.6,35243.81,323,1000,0.206,11632.3,0.374,0.639,0.4813,0.323,0.2882,10.0,4.4,1
SHP-11855,Shenzhen Silicon Ltd,Tier-2,Semiconductors & Electronics,"Busan, KR","Dallas, US",Standard Ground,8.1,3399.88,476,250,0.263,2566.4,0.244,0.199,3.1641,1.904,0.0613,8.1,0.0,0
SHP-11856,Bavaria Logistics Parts,Tier-1,Consumer Electronics,"Tokyo, JP","Los Angeles, US",Air Freight,3.6,1546.76,427,50,0.01,4239.9,0.196,0.367,0.8524,8.54,0.0727,3.6,0.0,0
SHP-11857,TransPacific Freight,Tier-3,Pharmaceuticals,"Shenzhen, CN","Rotterdam, NL",Ocean Intermodal,24.6,1207.11,264,100,0.409,9704.2,0.517,0.336,2.5344,2.64,0.2447,29.9,5.3,1
SHP-11858,Apex Auto Components,Tier-1,Industrial Machinery,"Shenzhen, CN","Singapore, SG",Ocean Intermodal,20.9,3449.11,1150,500,0.021,10718.3,0.03,0.443,1.9521,2.3,0.0136,20.9,0.0,0
SHP-11859,Bavaria Logistics Parts,Tier-1,Pharmaceuticals,"Taipei, TW","Los Angeles, US",Ocean Intermodal,26.7,1264.87,842,100,0.015,8715.9,0.39,0.715,3.0634,8.42,0.2829,26.7,0.0,0
SHP-11860,Delta Industrial Supplies,Tier-2,Semiconductors & Electronics,"Chicago, US","Singapore, SG",Ocean Intermodal,27.1,845.72,521,100,0.25,7397.1,0.255,0.08,3.6649,5.21,0.0255,27.1,0.0,0
SHP-11861,Delta Industrial Supplies,Tier-2,Automotive Assemblies,"Busan, KR","Frankfurt, DE",Standard Ground,5.5,1359.52,563,100,0.167,2947.5,0.591,0.598,1.8802,5.63,0.4125,5.5,0.0,0
SHP-11862,Delta Industrial Supplies,Tier-2,Consumer Electronics,"Tokyo, JP","Dallas, US",Express Carrier,4.2,16412.25,583,250,0.231,3350.4,0.234,0.256,1.2507,2.332,0.0738,4.2,0.0,0
SHP-11863,Bavaria Logistics Parts,Tier-1,Consumer Electronics,"Taipei, TW","Los Angeles, US",Air Freight,4.5,7366.76,1121,250,0.057,5809.6,0.103,0.484,0.7728,4.484,0.0527,4.5,0.0,0
SHP-11864,TransPacific Freight,Tier-3,Semiconductors & Electronics,"Taipei, TW","Rotterdam, NL",Air Freight,5.2,10045.73,1164,250,0.411,11392.2,0.417,0.347,0.4565,4.656,0.2042,7.8,2.6,1
SHP-11865,TransPacific Freight,Tier-3,Semiconductors & Electronics,"Tokyo, JP","Singapore, SG",Ocean Intermodal,21.6,21301.55,644,2000,0.427,11760.2,0.73,0.208,1.8336,0.322,0.2167,28.6,7.0,1
SHP-11866,Bavaria Logistics Parts,Tier-1,Semiconductors & Electronics,"Taipei, TW","Los Angeles, US",Express Carrier,3.6,45896.24,277,1000,0.023,4657.4,0.605,0.092,0.771,0.277,0.0569,3.6,0.0,0
SHP-11867,Nordic Raw Materials,Tier-1,Pharmaceuticals,"Chicago, US","Frankfurt, DE",Ocean Intermodal,25.2,649.53,319,100,0.089,13418.7,0.476,0.21,1.8765,3.19,0.1089,25.2,0.0,0
SHP-11868,GlobalTech Micro,Tier-1,Automotive Assemblies,"Shenzhen, CN","Singapore, SG",Standard Ground,11.9,1060.17,1087,100,0.183,1886.5,0.508,0.185,6.3045,10.87,0.1112,11.9,0.0,0
SHP-11869,Shenzhen Silicon Ltd,Tier-2,Semiconductors & Electronics,"Shenzhen, CN","Los Angeles, US",Standard Ground,9.2,4966.29,96,500,0.241,2793.1,0.358,0.706,3.3013,0.192,0.3137,13.6,4.4,1
SHP-11870,TransPacific Freight,Tier-3,Industrial Machinery,"Taipei, TW","Singapore, SG",Air Freight,3.8,4763.84,629,100,0.383,5067.4,0.19,0.156,0.7532,6.29,0.041,3.8,0.0,0
SHP-11871,TransPacific Freight,Tier-3,Pharmaceuticals,"Taipei, TW","Dallas, US",Standard Ground,13.6,3165.46,651,250,0.371,2885.0,0.585,0.282,4.6975,2.604,0.2262,13.6,0.0,0
SHP-11872,Delta Industrial Supplies,Tier-2,Automotive Assemblies,"Shenzhen, CN","Frankfurt, DE",Ocean Intermodal,20.6,536.91,939,50,0.224,12055.4,0.395,0.495,1.7105,18.78,0.2394,23.8,3.2,1
SHP-11873,GlobalTech Micro,Tier-1,Industrial Machinery,"Shenzhen, CN","Rotterdam, NL",Air Freight,4.2,17991.8,916,500,0.138,4918.8,0.099,0.233,0.8603,1.832,0.0263,4.2,0.0,0
SHP-11874,Apex Auto Components,Tier-1,Semiconductors & Electronics,"Busan, KR","Dallas, US",Standard Ground,7.5,7110.81,1083,500,0.079,2345.3,0.438,0.326,3.2105,2.166,0.1541,7.5,0.0,0
SHP-11875,Delta Industrial Supplies,Tier-2,Pharmaceuticals,"Munich, DE","Rotterdam, NL",Ocean Intermodal,24.7,423.52,1091,50,0.225,10924.5,0.602,0.297,2.2591,21.82,0.2191,29.0,4.3,1
SHP-11876,Bavaria Logistics Parts,Tier-1,Consumer Electronics,"Munich, DE","Los Angeles, US",Air Freight,6.9,3375.52,499,100,0.068,7603.6,0.147,0.126,0.9036,4.99,0.0198,6.9,0.0,0
SHP-11877,Bavaria Logistics Parts,Tier-1,Industrial Machinery,"Chicago, US","Frankfurt, DE",Standard Ground,13.8,5129.96,68,500,0.01,1050.8,0.07,0.424,13.1369,0.136,0.03,13.8,0.0,0
SHP-11878,FastTrack Assembly Co,Tier-2,Semiconductors & Electronics,"Taipei, TW","Los Angeles, US",Ocean Intermodal,32.9,2539.42,329,250,0.364,12294.5,0.106,0.549,2.6779,1.316,0.0794,39.2,6.3,1
SHP-11879,Delta Industrial Supplies,Tier-2,Semiconductors & Electronics,"Tokyo, JP","Los Angeles, US",Standard Ground,13.3,3830.26,452,250,0.189,1550.6,0.423,0.321,8.5519,1.808,0.1614,13.3,0.0,0
SHP-11880,Nordic Raw Materials,Tier-1,Pharmaceuticals,"Busan, KR","Dallas, US",Standard Ground,12.2,3110.24,1295,250,0.113,3291.7,0.698,0.28,3.704,5.18,0.2175,12.2,0.0,0
SHP-11881,TransPacific Freight,Tier-3,Semiconductors & Electronics,"Chicago, US","Singapore, SG",Standard Ground,7.1,1676.96,473,100,0.443,1892.5,0.559,0.411,3.7354,4.73,0.3314,10.1,3.0,1
SHP-11882,Shenzhen Silicon Ltd,Tier-2,Pharmaceuticals,"Busan, KR","Singapore, SG",Standard Ground,12.8,1731.5,501,100,0.215,568.0,0.282,0.412,22.5911,5.01,0.1411,12.8,0.0,0
SHP-11883,Nordic Raw Materials,Tier-1,Automotive Assemblies,"Shenzhen, CN","Los Angeles, US",Air Freight,4.1,83288.92,442,2000,0.067,5029.7,0.213,0.785,0.807,0.221,0.1784,8.2,4.1,1
SHP-11884,Nordic Raw Materials,Tier-1,Pharmaceuticals,"Tokyo, JP","Dallas, US",Air Freight,3.4,5163.33,212,100,0.04,4037.5,0.251,0.605,0.8334,2.12,0.1579,3.4,0.0,0
SHP-11885,Bavaria Logistics Parts,Tier-1,Industrial Machinery,"Taipei, TW","Dallas, US",Express Carrier,2.2,7234.21,1224,100,0.01,4384.5,0.73,0.644,0.4906,12.24,0.4748,2.2,0.0,0
SHP-11886,Delta Industrial Supplies,Tier-2,Semiconductors & Electronics,"Munich, DE","Rotterdam, NL",Standard Ground,13.9,2005.86,650,100,0.244,2040.2,0.716,0.885,6.806,6.5,0.7884,20.8,6.9,1
SHP-11887,Apex Auto Components,Tier-1,Industrial Machinery,"Chicago, US","Rotterdam, NL",Express Carrier,2.6,49838.87,1406,1000,0.102,6513.5,0.343,0.52,0.3954,1.406,0.1966,2.6,0.0,0
SHP-11888,Apex Auto Components,Tier-1,Semiconductors & Electronics,"Shenzhen, CN","Rotterdam, NL",Air Freight,7.4,1786.12,490,50,0.027,8551.4,0.521,0.664,0.8642,9.8,0.3552,10.6,3.2,1
SHP-11889,Bavaria Logistics Parts,Tier-1,Consumer Electronics,"Taipei, TW","Dallas, US",Air Freight,5.1,13874.17,1443,250,0.039,10620.7,0.677,0.302,0.4816,5.772,0.2125,5.1,0.0,0
SHP-11890,GlobalTech Micro,Tier-1,Automotive Assemblies,"Munich, DE","Los Angeles, US",Standard Ground,13.9,4832.51,1226,250,0.19,679.3,0.19,0.513,20.5043,4.904,0.116,13.9,0.0,0
SHP-11891,Delta Industrial Supplies,Tier-2,Automotive Assemblies,"Munich, DE","Singapore, SG",Standard Ground,7.6,8343.05,1372,1000,0.206,2538.8,0.537,0.343,3.0006,1.372,0.2221,7.6,0.0,0
SHP-11892,FastTrack Assembly Co,Tier-2,Industrial Machinery,"Tokyo, JP","Los Angeles, US",Express Carrier,2.4,3966.6,401,100,0.303,3432.8,0.635,0.174,0.6851,4.01,0.1439,2.4,0.0,0
SHP-11893,GlobalTech Micro,Tier-1,Pharmaceuticals,"Munich, DE","Frankfurt, DE",Standard Ground,10.0,1019.95,746,100,0.161,2458.8,0.223,0.66,4.0521,7.46,0.1709,10.0,0.0,0
SHP-11894,Bavaria Logistics Parts,Tier-1,Semiconductors & Electronics,"Busan, KR","Dallas, US",Express Carrier,4.8,101272.21,378,2000,0.069,3487.3,0.082,0.47,1.3772,0.189,0.0412,4.8,0.0,0
SHP-11895,TransPacific Freight,Tier-3,Industrial Machinery,"Tokyo, JP","Los Angeles, US",Standard Ground,9.3,3279.2,431,250,0.462,2028.4,0.126,0.454,4.5755,1.724,0.0837,9.3,0.0,0
SHP-11896,Bavaria Logistics Parts,Tier-1,Semiconductors & Electronics,"Munich, DE","Dallas, US",Ocean Intermodal,23.9,3046.55,295,500,0.101,9945.5,0.264,0.205,2.4048,0.59,0.0596,23.9,0.0,0
SHP-11897,Nordic Raw Materials,Tier-1,Automotive Assemblies,"Tokyo, JP","Frankfurt, DE",Standard Ground,5.2,3707.78,1348,250,0.032,707.9,0.083,0.089,7.2951,5.392,0.0076,5.2,0.0,0
SHP-11898,Bavaria Logistics Parts,Tier-1,Consumer Electronics,"Busan, KR","Los Angeles, US",Air Freight,4.7,11605.41,1002,250,0.01,6918.1,0.3,0.552,0.6842,4.008,0.1673,4.7,0.0,0
SHP-11899,FastTrack Assembly Co,Tier-2,Automotive Assemblies,"Busan, KR","Singapore, SG",Ocean Intermodal,29.0,2772.78,256,500,0.359,7876.8,0.062,0.288,3.6763,0.512,0.0243,31.0,2.0,1
SHP-11900,Shenzhen Silicon Ltd,Tier-2,Automotive Assemblies,"Busan, KR","Rotterdam, NL",Air Freight,7.5,4032.24,1083,100,0.339,9933.3,0.142,0.396,0.7554,10.83,0.0753,7.5,0.0,0
SHP-11901,FastTrack Assembly Co,Tier-2,Pharmaceuticals,"Munich, DE","Rotterdam, NL",Standard Ground,9.3,39149.6,1304,2000,0.368,1310.4,0.105,0.402,7.1305,0.652,0.0577,9.3,0.0,0
SHP-11902,Nordic Raw Materials,Tier-1,Industrial Machinery,"Shenzhen, CN","Frankfurt, DE",Air Freight,4.2,55746.94,1288,1000,0.091,11930.2,0.38,0.751,0.3537,1.288,0.3114,10.8,6.6,1
SHP-11903,TransPacific Freight,Tier-3,Pharmaceuticals,"Busan, KR","Los Angeles, US",Standard Ground,9.5,4315.34,1279,250,0.381,2476.5,0.406,0.204,3.8298,5.116,0.1144,9.5,0.0,0
SHP-11904,Delta Industrial Supplies,Tier-2,Industrial Machinery,"Munich, DE","Dallas, US",Express Carrier,2.7,7181.2,1460,100,0.238,2816.0,0.11,0.195,0.965,14.6,0.0265,2.7,0.0,0
SHP-11905,GlobalTech Micro,Tier-1,Semiconductors & Electronics,"Tokyo, JP","Frankfurt, DE",Standard Ground,10.9,2866.39,769,250,0.15,3415.8,0.594,0.47,3.1797,3.076,0.3212,10.9,0.0,0
SHP-11906,Shenzhen Silicon Ltd,Tier-2,Consumer Electronics,"Busan, KR","Rotterdam, NL",Air Freight,3.0,3644.15,1010,100,0.267,7896.3,0.086,0.61,0.3849,10.1,0.0665,3.0,0.0,0
SHP-11907,Nordic Raw Materials,Tier-1,Industrial Machinery,"Tokyo, JP","Singapore, SG",Standard Ground,13.9,7525.53,1131,500,0.063,2821.8,0.086,0.487,4.9142,2.262,0.0445,13.9,0.0,0
SHP-11908,Delta Industrial Supplies,Tier-2,Semiconductors & Electronics,"Busan, KR","Dallas, US",Air Freight,7.7,59517.82,1313,1000,0.223,5327.5,0.596,0.252,1.4434,1.313,0.1837,10.6,2.9,1
SHP-11909,GlobalTech Micro,Tier-1,Semiconductors & Electronics,"Munich, DE","Rotterdam, NL",Air Freight,7.8,6241.14,705,100,0.196,6441.5,0.31,0.833,1.2094,7.05,0.309,11.7,3.9,1
SHP-11910,Nordic Raw Materials,Tier-1,Automotive Assemblies,"Busan, KR","Singapore, SG",Air Freight,4.5,14378.89,1191,250,0.021,8076.6,0.048,0.745,0.5627,4.764,0.0365,4.5,0.0,0
SHP-11911,Apex Auto Components,Tier-1,Pharmaceuticals,"Taipei, TW","Rotterdam, NL",Air Freight,6.0,11466.95,1253,250,0.078,4702.3,0.247,0.29,1.2702,5.012,0.0772,6.0,0.0,0
SHP-11912,GlobalTech Micro,Tier-1,Pharmaceuticals,"Chicago, US","Rotterdam, NL",Standard Ground,6.7,2181.3,568,250,0.134,2125.1,0.243,0.903,3.1578,2.272,0.2488,6.7,0.0,0
SHP-11913,TransPacific Freight,Tier-3,Industrial Machinery,"Chicago, US","Frankfurt, DE",Ocean Intermodal,32.0,5784.63,1293,500,0.417,13601.4,0.281,0.621,2.352,2.586,0.2473,39.1,7.1,1
SHP-11914,Apex Auto Components,Tier-1,Pharmaceuticals,"Tokyo, JP","Rotterdam, NL",Standard Ground,12.0,4540.78,1287,500,0.075,1158.2,0.707,0.427,10.3221,2.574,0.3246,12.0,0.0,0
SHP-11915,FastTrack Assembly Co,Tier-2,Automotive Assemblies,"Taipei, TW","Los Angeles, US",Express Carrier,2.3,22175.89,1388,500,0.287,4146.0,0.384,0.479,0.5637,2.776,0.2366,2.3,0.0,0
SHP-11916,Shenzhen Silicon Ltd,Tier-2,Pharmaceuticals,"Chicago, US","Singapore, SG",Express Carrier,2.2,84187.56,1381,2000,0.258,7709.0,0.178,0.517,0.2792,0.6905,0.1158,4.4,2.2,1
SHP-11917,FastTrack Assembly Co,Tier-2,Pharmaceuticals,"Busan, KR","Los Angeles, US",Ocean Intermodal,26.0,3273.46,1498,500,0.259,13396.6,0.246,0.642,1.9378,2.996,0.1989,30.9,4.9,1
SHP-11918,GlobalTech Micro,Tier-1,Automotive Assemblies,"Busan, KR","Dallas, US",Air Freight,4.4,28656.39,1220,500,0.137,5858.1,0.029,0.314,0.745,2.44,0.0104,4.4,0.0,0
SHP-11919,GlobalTech Micro,Tier-1,Industrial Machinery,"Tokyo, JP","Rotterdam, NL",Standard Ground,13.9,1108.13,1038,50,0.065,1250.5,0.338,0.2,11.1428,20.76,0.072,13.9,0.0,0
SHP-11920,GlobalTech Micro,Tier-1,Pharmaceuticals,"Munich, DE","Los Angeles, US",Ocean Intermodal,25.8,1468.56,170,250,0.101,7431.7,0.305,0.231,3.4777,0.68,0.0776,25.8,0.0,0
SHP-11921,TransPacific Freight,Tier-3,Consumer Electronics,"Shenzhen, CN","Dallas, US",Ocean Intermodal,30.4,1137.28,1213,100,0.382,12648.9,0.309,0.544,2.4064,12.13,0.2323,36.7,6.3,1
SHP-11922,Nordic Raw Materials,Tier-1,Consumer Electronics,"Busan, KR","Los Angeles, US",Ocean Intermodal,23.3,2997.95,1370,500,0.118,7889.8,0.527,0.68,2.9517,2.74,0.4008,25.8,2.5,1
SHP-11923,Shenzhen Silicon Ltd,Tier-2,Industrial Machinery,"Shenzhen, CN","Singapore, SG",Express Carrier,4.3,13275.84,178,250,0.302,7673.7,0.579,0.682,0.5594,0.712,0.5143,12.6,8.3,1
SHP-11924,Bavaria Logistics Parts,Tier-1,Industrial Machinery,"Busan, KR","Los Angeles, US",Express Carrier,2.3,19481.96,393,500,0.048,5884.7,0.101,0.665,0.3867,0.786,0.0704,2.3,0.0,0
SHP-11925,TransPacific Freight,Tier-3,Pharmaceuticals,"Taipei, TW","Rotterdam, NL",Air Freight,3.5,117768.81,1194,2000,0.411,8438.8,0.276,0.48,0.4139,0.597,0.1869,10.6,7.1,1
SHP-11926,Nordic Raw Materials,Tier-1,Pharmaceuticals,"Munich, DE","Frankfurt, DE",Standard Ground,9.3,9825.49,491,500,0.077,2537.8,0.193,0.41,3.6775,0.982,0.0853,9.3,0.0,0
SHP-11927,GlobalTech Micro,Tier-1,Pharmaceuticals,"Munich, DE","Frankfurt, DE",Standard Ground,11.5,3469.4,598,250,0.176,938.2,0.187,0.689,12.2393,2.392,0.1515,11.5,0.0,0
SHP-11928,Shenzhen Silicon Ltd,Tier-2,Automotive Assemblies,"Taipei, TW","Singapore, SG",Standard Ground,9.7,3214.01,1164,250,0.244,853.8,0.363,0.45,11.3425,4.656,0.2032,9.7,0.0,0
SHP-11929,TransPacific Freight,Tier-3,Industrial Machinery,"Chicago, US","Los Angeles, US",Ocean Intermodal,33.8,6310.26,687,1000,0.444,11738.6,0.389,0.204,2.8776,0.687,0.1146,39.8,6.0,1
SHP-11930,Apex Auto Components,Tier-1,Automotive Assemblies,"Shenzhen, CN","Dallas, US",Standard Ground,10.2,853.98,1147,50,0.081,1944.0,0.342,0.781,5.2238,22.94,0.2888,10.2,0.0,0
SHP-11931,Nordic Raw Materials,Tier-1,Semiconductors & Electronics,"Shenzhen, CN","Dallas, US",Ocean Intermodal,22.0,1216.34,714,100,0.069,9686.3,0.479,0.511,2.2713,7.14,0.2616,22.0,0.0,0
SHP-11932,FastTrack Assembly Co,Tier-2,Semiconductors & Electronics,"Taipei, TW","Rotterdam, NL",Ocean Intermodal,29.1,1235.42,736,250,0.375,10564.1,0.154,0.259,2.7581,2.944,0.0548,29.1,0.0,0
SHP-11933,Bavaria Logistics Parts,Tier-1,Semiconductors & Electronics,"Shenzhen, CN","Frankfurt, DE",Air Freight,4.8,20548.97,1380,500,0.027,7413.1,0.058,0.392,0.6408,2.76,0.0234,4.8,0.0,0
SHP-11934,Apex Auto Components,Tier-1,Consumer Electronics,"Tokyo, JP","Dallas, US",Ocean Intermodal,26.1,4976.87,1053,500,0.187,9132.0,0.485,0.364,2.8541,2.106,0.2096,29.0,2.9,1
SHP-11935,TransPacific Freight,Tier-3,Consumer Electronics,"Shenzhen, CN","Rotterdam, NL",Standard Ground,10.6,2042.57,498,100,0.451,2244.2,0.495,0.598,4.7432,4.98,0.4296,15.9,5.3,1
SHP-11936,Bavaria Logistics Parts,Tier-1,Semiconductors & Electronics,"Chicago, US","Dallas, US",Express Carrier,3.3,9721.84,913,250,0.044,5499.9,0.369,0.049,0.6053,3.652,0.0189,3.3,0.0,0
SHP-11937,Delta Industrial Supplies,Tier-2,Pharmaceuticals,"Busan, KR","Los Angeles, US",Standard Ground,12.6,1013.63,911,50,0.183,1215.9,0.366,0.078,10.3851,18.22,0.0338,12.6,0.0,0
SHP-11938,TransPacific Freight,Tier-3,Consumer Electronics,"Shenzhen, CN","Dallas, US",Air Freight,3.1,1640.98,659,50,0.405,5570.6,0.695,0.56,0.5502,13.18,0.547,9.2,6.1,1
SHP-11939,Bavaria Logistics Parts,Tier-1,Semiconductors & Electronics,"Chicago, US","Los Angeles, US",Standard Ground,12.0,13730.73,632,1000,0.071,1477.2,0.289,0.063,8.118,0.632,0.0195,12.0,0.0,0
SHP-11940,Shenzhen Silicon Ltd,Tier-2,Consumer Electronics,"Chicago, US","Frankfurt, DE",Air Freight,5.7,3186.39,1377,100,0.22,7367.7,0.732,0.592,0.7781,13.77,0.5287,11.2,5.5,1
SHP-11941,FastTrack Assembly Co,Tier-2,Semiconductors & Electronics,"Tokyo, JP","Frankfurt, DE",Air Freight,5.1,6764.29,189,250,0.277,11848.0,0.299,0.409,0.4265,0.756,0.1562,12.1,7.0,1
SHP-11942,GlobalTech Micro,Tier-1,Semiconductors & Electronics,"Munich, DE","Frankfurt, DE",Air Freight,4.4,5424.79,503,100,0.126,11924.3,0.2,0.387,0.3683,5.03,0.0871,4.4,0.0,0
SHP-11943,Nordic Raw Materials,Tier-1,Automotive Assemblies,"Busan, KR","Singapore, SG",Air Freight,7.9,16538.48,1258,500,0.095,9343.0,0.394,0.18,0.8464,2.516,0.0776,7.9,0.0,0
SHP-11944,GlobalTech Micro,Tier-1,Pharmaceuticals,"Taipei, TW","Los Angeles, US",Express Carrier,3.4,3901.13,413,100,0.058,4260.2,0.225,0.344,0.8094,4.13,0.0819,3.4,0.0,0
SHP-11945,Shenzhen Silicon Ltd,Tier-2,Consumer Electronics,"Busan, KR","Frankfurt, DE",Standard Ground,11.2,1177.53,384,50,0.239,2998.2,0.181,0.605,3.7491,7.68,0.1357,11.2,0.0,0
SHP-11946,TransPacific Freight,Tier-3,Automotive Assemblies,"Taipei, TW","Los Angeles, US",Air Freight,5.2,9499.86,728,250,0.34,7200.4,0.532,0.719,0.7157,2.912,0.5124,9.5,4.3,1
SHP-11947,Apex Auto Components,Tier-1,Pharmaceuticals,"Tokyo, JP","Frankfurt, DE",Express Carrier,3.4,23492.09,266,500,0.1,3619.4,0.189,0.142,0.9475,0.532,0.0295,3.4,0.0,0
SHP-11948,Apex Auto Components,Tier-1,Industrial Machinery,"Taipei, TW","Rotterdam, NL",Air Freight,4.8,25287.07,614,500,0.083,7491.3,0.307,0.317,0.6373,1.228,0.1054,4.8,0.0,0
SHP-11949,Delta Industrial Supplies,Tier-2,Semiconductors & Electronics,"Munich, DE","Dallas, US",Express Carrier,4.3,29335.44,487,500,0.232,3040.6,0.052,0.139,1.4146,0.974,0.0089,4.3,0.0,0
SHP-11950,Delta Industrial Supplies,Tier-2,Industrial Machinery,"Tokyo, JP","Singapore, SG",Standard Ground,7.3,5006.5,302,250,0.24,1153.7,0.218,0.26,6.2963,1.208,0.0703,7.3,0.0,0
SHP-11951,Nordic Raw Materials,Tier-1,Pharmaceuticals,"Chicago, US","Dallas, US",Standard Ground,5.9,3657.36,716,250,0.08,1011.5,0.156,0.454,5.7885,2.864,0.0765,5.9,0.0,0
SHP-11952,Bavaria Logistics Parts,Tier-1,Pharmaceuticals,"Munich, DE","Los Angeles, US",Standard Ground,8.6,4999.51,594,250,0.01,1862.2,0.405,0.234,4.6285,2.376,0.0957,8.6,0.0,0
SHP-11953,Shenzhen Silicon Ltd,Tier-2,Industrial Machinery,"Munich, DE","Frankfurt, DE",Standard Ground,8.2,4854.92,1193,250,0.3,1258.2,0.132,0.339,6.5106,4.772,0.0582,8.2,0.0,0
SHP-11954,FastTrack Assembly Co,Tier-2,Industrial Machinery,"Munich, DE","Los Angeles, US",Standard Ground,11.1,30983.93,190,2000,0.344,3488.6,0.658,0.068,3.1945,0.095,0.0601,13.1,2.0,1
SHP-11955,Nordic Raw Materials,Tier-1,Consumer Electronics,"Munich, DE","Los Angeles, US",Ocean Intermodal,31.8,505.46,1290,50,0.04,9787.6,0.111,0.384,3.249,25.8,0.0443,31.8,0.0,0
SHP-11956,FastTrack Assembly Co,Tier-2,Consumer Electronics,"Busan, KR","Los Angeles, US",Air Freight,3.9,4824.47,333,100,0.341,7904.3,0.079,0.328,0.4963,3.33,0.0347,3.9,0.0,0
SHP-11957,FastTrack Assembly Co,Tier-2,Consumer Electronics,"Busan, KR","Dallas, US",Express Carrier,2.3,59958.59,1097,1000,0.286,5196.2,0.109,0.416,0.4402,1.097,0.0583,2.3,0.0,0
SHP-11958,Nordic Raw Materials,Tier-1,Consumer Electronics,"Munich, DE","Frankfurt, DE",Ocean Intermodal,34.5,2919.76,1013,250,0.1,11003.7,0.25,0.295,3.1373,4.052,0.0811,34.5,0.0,0
SHP-11959,Apex Auto Components,Tier-1,Automotive Assemblies,"Chicago, US","Singapore, SG",Standard Ground,5.1,4727.84,680,500,0.063,2135.5,0.077,0.643,2.3992,1.36,0.0526,5.1,0.0,0
SHP-11960,FastTrack Assembly Co,Tier-2,Pharmaceuticals,"Chicago, US","Frankfurt, DE",Air Freight,7.5,10665.58,817,250,0.275,11380.5,0.221,0.438,0.6552,3.268,0.1234,9.1,1.6,1
SHP-11961,Bavaria Logistics Parts,Tier-1,Pharmaceuticals,"Munich, DE","Los Angeles, US",Air Freight,5.0,13986.74,228,250,0.01,8594.2,0.449,0.277,0.5863,0.912,0.1256,5.0,0.0,0
SHP-11962,Delta Industrial Supplies,Tier-2,Industrial Machinery,"Tokyo, JP","Frankfurt, DE",Standard Ground,10.3,4504.37,675,250,0.225,3213.5,0.356,0.666,3.2081,2.7,0.2905,10.3,0.0,0
SHP-11963,GlobalTech Micro,Tier-1,Automotive Assemblies,"Shenzhen, CN","Singapore, SG",Standard Ground,6.6,728.53,705,50,0.105,1309.1,0.498,0.644,5.0284,14.1,0.3545,6.6,0.0,0
SHP-11964,Bavaria Logistics Parts,Tier-1,Industrial Machinery,"Chicago, US","Los Angeles, US",Standard Ground,12.1,1861.91,431,100,0.066,2034.5,0.519,0.36,5.9261,4.31,0.1993,12.1,0.0,0
SHP-11965,Nordic Raw Materials,Tier-1,Consumer Electronics,"Shenzhen, CN","Los Angeles, US",Standard Ground,7.2,8204.06,833,500,0.076,3169.9,0.108,0.07,2.2697,1.666,0.0081,7.2,0.0,0
SHP-11966,Nordic Raw Materials,Tier-1,Semiconductors & Electronics,"Busan, KR","Los Angeles, US",Standard Ground,13.0,1416.94,775,100,0.067,1369.4,0.386,0.342,9.5087,7.75,0.1409,13.0,0.0,0
SHP-11967,FastTrack Assembly Co,Tier-2,Semiconductors & Electronics,"Chicago, US","Frankfurt, DE",Standard Ground,8.5,8366.51,1272,500,0.326,3333.0,0.216,0.342,2.5422,2.544,0.0979,8.5,0.0,0
SHP-11968,FastTrack Assembly Co,Tier-2,Semiconductors & Electronics,"Munich, DE","Frankfurt, DE",Air Freight,6.0,11135.39,1000,250,0.305,9633.1,0.108,0.161,0.6243,4.0,0.0227,6.0,0.0,0
SHP-11969,Shenzhen Silicon Ltd,Tier-2,Consumer Electronics,"Taipei, TW","Rotterdam, NL",Ocean Intermodal,18.2,720.08,762,100,0.293,11281.5,0.192,0.312,1.6141,7.62,0.0774,18.2,0.0,0
SHP-11970,TransPacific Freight,Tier-3,Semiconductors & Electronics,"Taipei, TW","Rotterdam, NL",Ocean Intermodal,27.4,6148.42,592,500,0.422,12973.6,0.513,0.547,2.1084,1.184,0.3991,35.6,8.2,1
SHP-11971,Apex Auto Components,Tier-1,Semiconductors & Electronics,"Munich, DE","Rotterdam, NL",Standard Ground,13.9,10505.7,452,1000,0.072,3268.3,0.31,0.696,4.2596,0.452,0.2314,17.5,3.6,1
SHP-11972,TransPacific Freight,Tier-3,Industrial Machinery,"Taipei, TW","Frankfurt, DE",Ocean Intermodal,23.5,3219.61,474,250,0.449,12541.2,0.133,0.482,1.8718,1.896,0.0929,27.8,4.3,1
SHP-11973,FastTrack Assembly Co,Tier-2,Pharmaceuticals,"Shenzhen, CN","Rotterdam, NL",Standard Ground,10.4,7261.14,196,500,0.356,997.4,0.222,0.569,10.4109,0.392,0.1712,15.1,4.7,1
SHP-11974,FastTrack Assembly Co,Tier-2,Industrial Machinery,"Chicago, US","Rotterdam, NL",Ocean Intermodal,24.9,5084.79,581,500,0.296,7997.9,0.466,0.341,3.1097,1.162,0.2059,28.9,4.0,1
SHP-11975,Apex Auto Components,Tier-1,Industrial Machinery,"Tokyo, JP","Los Angeles, US",Air Freight,3.9,27614.86,604,500,0.015,4732.8,0.41,0.462,0.8191,1.208,0.1922,3.9,0.0,0
SHP-11976,Apex Auto Components,Tier-1,Semiconductors & Electronics,"Tokyo, JP","Frankfurt, DE",Air Freight,6.4,25115.66,763,500,0.11,5606.9,0.456,0.45,1.135,1.526,0.2278,6.4,0.0,0
SHP-11977,Nordic Raw Materials,Tier-1,Pharmaceuticals,"Munich, DE","Los Angeles, US",Standard Ground,12.2,1096.59,1160,50,0.123,3272.6,0.318,0.782,3.7403,23.2,0.2791,12.2,0.0,0
SHP-11978,GlobalTech Micro,Tier-1,Industrial Machinery,"Munich, DE","Rotterdam, NL",Standard Ground,6.8,1058.56,868,50,0.157,760.2,0.359,0.602,8.9471,17.36,0.2501,6.8,0.0,0
SHP-11979,GlobalTech Micro,Tier-1,Industrial Machinery,"Busan, KR","Dallas, US",Standard Ground,5.1,2914.19,1007,250,0.01,2381.8,0.284,0.234,2.1487,4.028,0.0671,5.1,0.0,0
SHP-11980,Delta Industrial Supplies,Tier-2,Consumer Electronics,"Munich, DE","Los Angeles, US",Air Freight,4.5,29319.01,140,1000,0.233,9937.2,0.364,0.326,0.4538,0.14,0.1464,9.3,4.8,1
SHP-11981,TransPacific Freight,Tier-3,Automotive Assemblies,"Chicago, US","Singapore, SG",Ocean Intermodal,31.3,873.27,1318,100,0.396,12579.6,0.513,0.267,2.4909,13.18,0.1913,36.2,4.9,1
SHP-11982,FastTrack Assembly Co,Tier-2,Consumer Electronics,"Chicago, US","Los Angeles, US",Air Freight,4.3,2006.36,431,50,0.335,10225.2,0.761,0.683,0.4169,8.62,0.694,12.6,8.3,1
SHP-11983,FastTrack Assembly Co,Tier-2,Industrial Machinery,"Busan, KR","Frankfurt, DE",Standard Ground,10.1,1899.38,735,100,0.359,1094.0,0.384,0.289,9.2595,7.35,0.1508,10.1,0.0,0
SHP-11984,Bavaria Logistics Parts,Tier-1,Automotive Assemblies,"Munich, DE","Frankfurt, DE",Standard Ground,10.9,25679.09,110,2000,0.188,2813.3,0.144,0.42,3.8652,0.055,0.0719,10.9,0.0,0
SHP-11985,GlobalTech Micro,Tier-1,Industrial Machinery,"Chicago, US","Frankfurt, DE",Air Freight,4.3,10917.24,976,250,0.066,6114.1,0.491,0.358,0.7014,3.904,0.1874,4.3,0.0,0
SHP-11986,Delta Industrial Supplies,Tier-2,Semiconductors & Electronics,"Busan, KR","Singapore, SG",Standard Ground,9.7,22176.61,110,2000,0.241,1304.1,0.189,0.894,7.4359,0.055,0.2097,15.0,5.3,1
SHP-11987,Shenzhen Silicon Ltd,Tier-2,Industrial Machinery,"Shenzhen, CN","Singapore, SG",Standard Ground,12.4,3491.13,1120,250,0.273,892.7,0.081,0.305,13.867,4.48,0.0314,12.4,0.0,0
SHP-11988,FastTrack Assembly Co,Tier-2,Industrial Machinery,"Taipei, TW","Singapore, SG",Standard Ground,11.6,2610.1,691,250,0.276,2271.5,0.484,0.225,5.1005,2.764,0.1389,11.6,0.0,0
SHP-11989,Nordic Raw Materials,Tier-1,Automotive Assemblies,"Taipei, TW","Singapore, SG",Ocean Intermodal,26.2,9024.81,278,1000,0.039,8372.7,0.122,0.247,3.125,0.278,0.0313,26.2,0.0,0
SHP-11990,Apex Auto Components,Tier-1,Semiconductors & Electronics,"Munich, DE","Singapore, SG",Standard Ground,13.6,3708.05,393,250,0.12,723.0,0.496,0.301,18.7798,1.572,0.1672,13.6,0.0,0
SHP-11991,Apex Auto Components,Tier-1,Pharmaceuticals,"Shenzhen, CN","Rotterdam, NL",Air Freight,7.8,6544.86,967,250,0.124,5893.1,0.177,0.928,1.3223,3.868,0.1846,11.0,3.2,1
SHP-11992,Bavaria Logistics Parts,Tier-1,Automotive Assemblies,"Shenzhen, CN","Singapore, SG",Ocean Intermodal,26.0,2296.74,1172,250,0.037,9260.2,0.359,0.532,2.8073,4.688,0.198,26.0,0.0,0
SHP-11993,Shenzhen Silicon Ltd,Tier-2,Semiconductors & Electronics,"Chicago, US","Rotterdam, NL",Standard Ground,13.1,7627.28,92,500,0.352,2131.7,0.403,0.541,6.1339,0.184,0.2948,18.2,5.1,1
SHP-11994,GlobalTech Micro,Tier-1,Automotive Assemblies,"Taipei, TW","Dallas, US",Express Carrier,2.4,66842.65,776,1000,0.156,6650.3,0.221,0.821,0.3605,0.776,0.2098,9.8,7.4,1
SHP-11995,Apex Auto Components,Tier-1,Semiconductors & Electronics,"Munich, DE","Singapore, SG",Standard Ground,14.0,9689.84,1133,500,0.118,3028.2,0.317,0.364,4.6195,2.266,0.129,14.0,0.0,0
SHP-11996,FastTrack Assembly Co,Tier-2,Pharmaceuticals,"Tokyo, JP","Frankfurt, DE",Air Freight,7.5,3071.28,228,50,0.269,10505.8,0.127,0.685,0.7103,4.56,0.1104,9.7,2.2,1
SHP-11997,Bavaria Logistics Parts,Tier-1,Pharmaceuticals,"Munich, DE","Los Angeles, US",Standard Ground,10.3,3906.33,437,250,0.01,1514.5,0.341,0.401,6.7809,1.748,0.1381,10.3,0.0,0
SHP-11998,Shenzhen Silicon Ltd,Tier-2,Automotive Assemblies,"Chicago, US","Singapore, SG",Ocean Intermodal,28.2,1327.62,749,250,0.316,12242.6,0.685,0.014,2.3012,2.996,0.0126,30.9,2.7,1
SHP-11999,FastTrack Assembly Co,Tier-2,Semiconductors & Electronics,"Busan, KR","Los Angeles, US",Ocean Intermodal,22.5,5719.89,52,500,0.272,8400.6,0.408,0.624,2.6834,0.104,0.3238,29.0,6.5,1
SHP-12000,TransPacific Freight,Tier-3,Industrial Machinery,"Tokyo, JP","Singapore, SG",Air Freight,6.5,14999.97,909,250,0.441,8625.2,0.743,0.647,0.7495,3.636,0.6925,15.4,8.9,1
SHP-12001,FastTrack Assembly Co,Tier-2,Pharmaceuticals,"Chicago, US","Dallas, US",Standard Ground,13.3,1240.85,692,50,0.231,3379.6,0.11,0.374,3.9246,13.84,0.0506,13.3,0.0,0
SHP-12002,FastTrack Assembly Co,Tier-2,Pharmaceuticals,"Taipei, TW","Frankfurt, DE",Standard Ground,11.2,22770.23,927,2000,0.265,661.5,0.313,0.314,16.9365,0.4635,0.1243,11.2,0.0,0
SHP-12003,GlobalTech Micro,Tier-1,Automotive Assemblies,"Busan, KR","Los Angeles, US",Air Freight,3.8,15077.38,593,250,0.098,6283.6,0.323,0.27,0.5985,2.372,0.0957,3.8,0.0,0
SHP-12004,TransPacific Freight,Tier-3,Pharmaceuticals,"Munich, DE","Los Angeles, US",Standard Ground,9.3,7834.1,842,500,0.382,902.5,0.197,0.25,10.3077,1.684,0.0681,9.3,0.0,0
SHP-12005,Apex Auto Components,Tier-1,Industrial Machinery,"Busan, KR","Los Angeles, US",Standard Ground,5.8,17487.9,1448,1000,0.05,1537.4,0.348,0.534,3.7745,1.448,0.195,5.8,0.0,0
SHP-12006,Delta Industrial Supplies,Tier-2,Consumer Electronics,"Busan, KR","Frankfurt, DE",Standard Ground,13.6,3896.66,1004,250,0.195,2001.8,0.173,0.43,6.7864,4.016,0.0889,13.6,0.0,0
SHP-12007,Nordic Raw Materials,Tier-1,Consumer Electronics,"Taipei, TW","Frankfurt, DE",Standard Ground,12.3,1054.17,1204,100,0.082,1314.2,0.2,0.382,9.3815,12.04,0.0827,12.3,0.0,0
SHP-12008,Bavaria Logistics Parts,Tier-1,Industrial Machinery,"Taipei, TW","Dallas, US",Standard Ground,12.6,3482.69,336,250,0.129,2649.6,0.33,0.506,4.7737,1.344,0.1885,12.6,0.0,0
SHP-12009,GlobalTech Micro,Tier-1,Semiconductors & Electronics,"Chicago, US","Dallas, US",Standard Ground,5.4,8410.92,435,500,0.094,2906.7,0.27,0.231,1.8476,0.87,0.0682,5.4,0.0,0
SHP-12010,Apex Auto Components,Tier-1,Consumer Electronics,"Shenzhen, CN","Singapore, SG",Standard Ground,11.9,965.97,685,50,0.124,755.5,0.598,0.338,15.8057,13.7,0.2273,11.9,0.0,0
SHP-12011,GlobalTech Micro,Tier-1,Pharmaceuticals,"Taipei, TW","Singapore, SG",Standard Ground,7.8,33832.09,1261,2000,0.098,3038.3,0.639,0.096,2.564,0.6305,0.0674,7.8,0.0,0
SHP-12012,GlobalTech Micro,Tier-1,Automotive Assemblies,"Chicago, US","Frankfurt, DE",Ocean Intermodal,29.9,1867.7,1175,250,0.198,7057.3,0.099,0.734,4.2369,4.7,0.087,29.9,0.0,0
SHP-12013,TransPacific Freight,Tier-3,Consumer Electronics,"Tokyo, JP","Dallas, US",Ocean Intermodal,18.6,1960.5,1433,250,0.445,9929.0,0.283,0.425,1.8714,5.732,0.1738,24.2,5.6,1
SHP-12014,Delta Industrial Supplies,Tier-2,Industrial Machinery,"Shenzhen, CN","Los Angeles, US",Standard Ground,12.4,1896.77,695,100,0.172,841.0,0.286,0.697,14.7411,6.95,0.2335,12.4,0.0,0
SHP-12015,FastTrack Assembly Co,Tier-2,Pharmaceuticals,"Tokyo, JP","Frankfurt, DE",Standard Ground,13.5,6748.44,1470,500,0.378,3326.4,0.395,0.676,4.0683,2.94,0.368,17.5,4.0,1
SHP-12016,Nordic Raw Materials,Tier-1,Semiconductors & Electronics,"Shenzhen, CN","Singapore, SG",Ocean Intermodal,18.3,4591.91,952,500,0.099,7896.3,0.279,0.247,2.3166,1.904,0.0757,18.3,0.0,0
SHP-12017,TransPacific Freight,Tier-3,Industrial Machinery,"Shenzhen, CN","Frankfurt, DE",Ocean Intermodal,31.0,1906.66,675,250,0.397,10942.0,0.159,0.708,2.8305,2.7,0.1573,36.6,5.6,1
SHP-12018,Bavaria Logistics Parts,Tier-1,Pharmaceuticals,"Munich, DE","Frankfurt, DE",Ocean Intermodal,25.3,1919.27,1493,250,0.01,7866.1,0.529,0.311,3.2104,5.972,0.1662,25.3,0.0,0
SHP-12019,Bavaria Logistics Parts,Tier-1,Industrial Machinery,"Shenzhen, CN","Frankfurt, DE",Standard Ground,13.2,11350.55,453,1000,0.025,1790.9,0.048,0.862,7.3798,0.453,0.0424,13.2,0.0,0
SHP-12020,TransPacific Freight,Tier-3,Pharmaceuticals,"Tokyo, JP","Los Angeles, US",Standard Ground,13.2,4225.35,652,250,0.388,1208.2,0.324,0.338,10.9297,2.608,0.152,13.2,0.0,0
SHP-12021,Bavaria Logistics Parts,Tier-1,Pharmaceuticals,"Shenzhen, CN","Frankfurt, DE",Standard Ground,13.2,1022.35,1149,100,0.01,1116.8,0.322,0.339,11.8404,11.49,0.1102,13.2,0.0,0
SHP-12022,GlobalTech Micro,Tier-1,Consumer Electronics,"Taipei, TW","Frankfurt, DE",Ocean Intermodal,22.6,1166.32,1305,100,0.091,12883.3,0.236,0.189,1.7555,13.05,0.0487,22.6,0.0,0
SHP-12023,FastTrack Assembly Co,Tier-2,Automotive Assemblies,"Taipei, TW","Singapore, SG",Ocean Intermodal,33.5,681.04,485,100,0.287,13908.7,0.18,0.103,2.4121,4.85,0.0239,33.5,0.0,0
SHP-12024,Apex Auto Components,Tier-1,Industrial Machinery,"Chicago, US","Los Angeles, US",Standard Ground,5.2,1734.06,119,100,0.106,2814.2,0.151,0.455,1.8425,1.19,0.076,5.2,0.0,0
SHP-12025,Apex Auto Components,Tier-1,Industrial Machinery,"Busan, KR","Frankfurt, DE",Express Carrier,2.8,3848.23,1451,100,0.047,4202.6,0.366,0.522,0.6722,14.51,0.2,2.8,0.0,0
SHP-12026,Nordic Raw Materials,Tier-1,Pharmaceuticals,"Shenzhen, CN","Dallas, US",Standard Ground,11.9,33612.53,719,2000,0.106,3366.3,0.053,0.756,3.527,0.3595,0.0443,11.9,0.0,0
SHP-12027,TransPacific Freight,Tier-3,Pharmaceuticals,"Taipei, TW","Rotterdam, NL",Ocean Intermodal,28.4,1270.04,498,100,0.379,10561.2,0.289,0.259,2.6866,4.98,0.1032,32.6,4.2,1
SHP-12028,Apex Auto Components,Tier-1,Pharmaceuticals,"Chicago, US","Singapore, SG",Air Freight,7.5,3556.01,504,100,0.131,11171.3,0.409,0.491,0.6672,5.04,0.227,11.0,3.5,1
SHP-12029,TransPacific Freight,Tier-3,Pharmaceuticals,"Chicago, US","Los Angeles, US",Standard Ground,9.1,2097.4,984,250,0.369,2229.1,0.65,0.553,4.0705,3.936,0.4922,13.2,4.1,1
SHP-12030,GlobalTech Micro,Tier-1,Semiconductors & Electronics,"Munich, DE","Los Angeles, US",Ocean Intermodal,30.1,23361.77,211,2000,0.145,11792.6,0.172,0.274,2.5533,0.1055,0.054,36.0,5.9,1
SHP-12031,Apex Auto Components,Tier-1,Pharmaceuticals,"Shenzhen, CN","Dallas, US",Ocean Intermodal,34.0,2821.68,1274,250,0.038,11645.4,0.453,0.521,2.9207,5.096,0.2449,38.6,4.6,1
SHP-12032,Apex Auto Components,Tier-1,Consumer Electronics,"Chicago, US","Dallas, US",Ocean Intermodal,34.8,1314.31,520,250,0.09,11614.0,0.233,0.329,2.9953,2.08,0.0835,34.8,0.0,0
SHP-12033,TransPacific Freight,Tier-3,Automotive Assemblies,"Taipei, TW","Singapore, SG",Air Freight,7.7,11794.81,246,250,0.448,8463.0,0.342,0.407,0.9074,0.984,0.2015,13.5,5.8,1
SHP-12034,GlobalTech Micro,Tier-1,Semiconductors & Electronics,"Shenzhen, CN","Singapore, SG",Standard Ground,5.4,1845.93,760,100,0.117,2112.9,0.057,0.428,2.5583,7.6,0.0273,5.4,0.0,0
SHP-12035,Shenzhen Silicon Ltd,Tier-2,Pharmaceuticals,"Busan, KR","Los Angeles, US",Standard Ground,13.6,10156.83,638,500,0.261,979.6,0.145,0.401,13.8367,1.276,0.0733,13.6,0.0,0
SHP-12036,TransPacific Freight,Tier-3,Consumer Electronics,"Busan, KR","Rotterdam, NL",Ocean Intermodal,23.5,2980.33,247,250,0.462,9958.8,0.537,0.196,2.3619,0.988,0.1538,30.4,6.9,1
SHP-12037,Nordic Raw Materials,Tier-1,Pharmaceuticals,"Taipei, TW","Dallas, US",Standard Ground,13.0,3238.94,615,250,0.112,2949.3,0.34,0.446,4.4205,2.46,0.1686,13.0,0.0,0
SHP-12038,Bavaria Logistics Parts,Tier-1,Semiconductors & Electronics,"Tokyo, JP","Singapore, SG",Standard Ground,5.2,984.5,1388,100,0.01,1194.4,0.555,0.864,4.3136,13.88,0.4843,5.2,0.0,0
SHP-12039,Delta Industrial Supplies,Tier-2,Semiconductors & Electronics,"Tokyo, JP","Los Angeles, US",Air Freight,7.3,5196.86,985,100,0.2,9405.0,0.215,0.095,0.7754,9.85,0.0245,7.3,0.0,0
SHP-12040,Bavaria Logistics Parts,Tier-1,Consumer Electronics,"Shenzhen, CN","Dallas, US",Ocean Intermodal,21.4,654.0,540,100,0.049,11614.7,0.147,0.442,1.8444,5.4,0.0682,21.4,0.0,0
SHP-12041,GlobalTech Micro,Tier-1,Automotive Assemblies,"Munich, DE","Singapore, SG",Air Freight,7.5,4847.61,756,100,0.147,7294.5,0.474,0.201,1.0327,7.56,0.1093,7.5,0.0,0
SHP-12042,Nordic Raw Materials,Tier-1,Consumer Electronics,"Munich, DE","Rotterdam, NL",Air Freight,7.2,19357.76,1289,500,0.131,11355.6,0.172,0.142,0.6325,2.578,0.0276,7.2,0.0,0
SHP-12043,Bavaria Logistics Parts,Tier-1,Consumer Electronics,"Busan, KR","Los Angeles, US",Ocean Intermodal,20.6,4758.64,250,500,0.024,9307.9,0.286,0.335,2.2087,0.5,0.0981,20.6,0.0,0
SHP-12044,GlobalTech Micro,Tier-1,Automotive Assemblies,"Munich, DE","Los Angeles, US",Air Freight,7.4,11961.2,530,250,0.081,4038.7,0.652,0.183,1.8444,2.12,0.129,7.4,0.0,0
SHP-12045,Apex Auto Components,Tier-1,Consumer Electronics,"Chicago, US","Singapore, SG",Ocean Intermodal,27.7,1933.36,931,250,0.047,9608.7,0.441,0.277,2.8847,3.724,0.1279,27.7,0.0,0
SHP-12046,GlobalTech Micro,Tier-1,Automotive Assemblies,"Taipei, TW","Dallas, US",Ocean Intermodal,19.0,557.65,1163,50,0.16,11094.0,0.498,0.383,1.7148,23.26,0.2212,21.4,2.4,1
SHP-12047,Nordic Raw Materials,Tier-1,Consumer Electronics,"Busan, KR","Dallas, US",Ocean Intermodal,24.7,23900.83,516,2000,0.059,11954.0,0.105,0.624,2.0621,0.258,0.0694,27.7,3.0,1
SHP-12048,Shenzhen Silicon Ltd,Tier-2,Semiconductors & Electronics,"Munich, DE","Rotterdam, NL",Express Carrier,2.2,5229.22,869,100,0.29,7096.5,0.205,0.13,0.3168,8.69,0.0344,2.2,0.0,0
SHP-12049,Delta Industrial Supplies,Tier-2,Semiconductors & Electronics,"Chicago, US","Singapore, SG",Standard Ground,5.9,1948.08,1329,100,0.29,2277.1,0.541,0.036,2.5753,13.29,0.0251,5.9,0.0,0
SHP-12050,Nordic Raw Materials,Tier-1,Industrial Machinery,"Shenzhen, CN","Los Angeles, US",Ocean Intermodal,27.8,2237.97,896,250,0.119,12038.3,0.512,0.575,2.3113,3.584,0.3295,32.2,4.4,1
SHP-12051,Apex Auto Components,Tier-1,Automotive Assemblies,"Busan, KR","Singapore, SG",Air Freight,7.3,5159.02,366,100,0.117,8920.3,0.465,0.504,0.8148,3.66,0.2619,7.3,0.0,0
SHP-12052,Apex Auto Components,Tier-1,Consumer Electronics,"Shenzhen, CN","Los Angeles, US",Express Carrier,2.8,14626.36,1311,250,0.131,4017.5,0.234,0.308,0.7017,5.244,0.0815,2.8,0.0,0
SHP-12053,TransPacific Freight,Tier-3,Semiconductors & Electronics,"Shenzhen, CN","Frankfurt, DE",Ocean Intermodal,22.1,1409.03,944,250,0.434,11814.8,0.62,0.488,1.8709,3.776,0.4339,28.1,6.0,1
SHP-12054,FastTrack Assembly Co,Tier-2,Consumer Electronics,"Shenzhen, CN","Singapore, SG",Ocean Intermodal,33.6,4192.2,440,500,0.313,9540.2,0.114,0.557,3.5241,0.88,0.0833,39.4,5.8,1
SHP-12055,GlobalTech Micro,Tier-1,Automotive Assemblies,"Taipei, TW","Los Angeles, US",Standard Ground,7.4,3485.12,1464,250,0.116,1560.9,0.526,0.636,4.7253,5.856,0.3734,7.4,0.0,0
SHP-12056,Apex Auto Components,Tier-1,Industrial Machinery,"Chicago, US","Los Angeles, US",Standard Ground,7.1,1540.49,452,100,0.019,1494.7,0.063,0.357,4.7452,4.52,0.0229,7.1,0.0,0
SHP-12057,Nordic Raw Materials,Tier-1,Pharmaceuticals,"Taipei, TW","Rotterdam, NL",Ocean Intermodal,26.7,801.42,819,100,0.13,11932.7,0.113,0.337,2.2345,8.19,0.043,26.7,0.0,0
SHP-12058,Nordic Raw Materials,Tier-1,Pharmaceuticals,"Shenzhen, CN","Singapore, SG",Standard Ground,12.0,10147.77,115,1000,0.107,1898.3,0.456,0.151,6.3149,0.115,0.0762,12.0,0.0,0
SHP-12059,GlobalTech Micro,Tier-1,Consumer Electronics,"Busan, KR","Singapore, SG",Ocean Intermodal,34.1,11046.61,1496,1000,0.111,10082.3,0.483,0.544,3.379,1.496,0.292,39.0,4.9,1
SHP-12060,Bavaria Logistics Parts,Tier-1,Pharmaceuticals,"Chicago, US","Rotterdam, NL",Ocean Intermodal,30.9,949.81,499,100,0.01,11896.0,0.215,0.221,2.5973,4.99,0.048,30.9,0.0,0
SHP-12061,FastTrack Assembly Co,Tier-2,Consumer Electronics,"Taipei, TW","Los Angeles, US",Ocean Intermodal,24.9,824.07,1160,100,0.251,13168.1,0.179,0.432,1.8946,11.6,0.0967,29.1,4.2,1
SHP-12062,TransPacific Freight,Tier-3,Industrial Machinery,"Shenzhen, CN","Frankfurt, DE",Standard Ground,10.0,5165.84,527,500,0.41,1915.3,0.177,0.83,5.2033,1.054,0.2072,13.7,3.7,1
SHP-12063,Delta Industrial Supplies,Tier-2,Industrial Machinery,"Shenzhen, CN","Singapore, SG",Standard Ground,10.7,3965.93,972,250,0.245,3079.3,0.337,0.507,3.4586,3.888,0.2127,10.7,0.0,0
SHP-12064,Apex Auto Components,Tier-1,Automotive Assemblies,"Munich, DE","Singapore, SG",Standard Ground,5.7,749.55,830,50,0.116,3471.2,0.144,0.187,1.6445,16.6,0.03,5.7,0.0,0
SHP-12065,Delta Industrial Supplies,Tier-2,Industrial Machinery,"Shenzhen, CN","Dallas, US",Standard Ground,9.8,16008.46,1114,1000,0.237,786.3,0.028,0.739,12.434,1.114,0.0256,9.8,0.0,0
SHP-12066,Bavaria Logistics Parts,Tier-1,Automotive Assemblies,"Munich, DE","Singapore, SG",Air Freight,7.1,4049.33,1493,100,0.028,4820.8,0.424,0.631,1.4762,14.93,0.275,7.1,0.0,0
SHP-12067,Bavaria Logistics Parts,Tier-1,Consumer Electronics,"Shenzhen, CN","Dallas, US",Air Freight,7.2,21900.56,124,500,0.055,8319.4,0.498,0.496,0.866,0.248,0.2605,12.6,5.4,1
SHP-12068,GlobalTech Micro,Tier-1,Pharmaceuticals,"Busan, KR","Singapore, SG",Air Freight,5.1,2870.81,1096,50,0.142,7959.5,0.12,0.132,0.6454,21.92,0.0181,5.1,0.0,0
SHP-12069,FastTrack Assembly Co,Tier-2,Consumer Electronics,"Taipei, TW","Los Angeles, US",Air Freight,7.5,37291.19,455,1000,0.27,6173.9,0.317,0.199,1.2201,0.455,0.0801,7.5,0.0,0
SHP-12070,Nordic Raw Materials,Tier-1,Industrial Machinery,"Shenzhen, CN","Los Angeles, US",Air Freight,6.3,13982.15,648,250,0.131,6777.2,0.252,0.523,0.9304,2.592,0.1491,6.3,0.0,0
SHP-12071,Delta Industrial Supplies,Tier-2,Pharmaceuticals,"Shenzhen, CN","Los Angeles, US",Ocean Intermodal,30.5,2302.03,1290,250,0.242,7473.4,0.367,0.251,4.0816,5.16,0.1144,30.5,0.0,0
SHP-12072,Nordic Raw Materials,Tier-1,Pharmaceuticals,"Tokyo, JP","Frankfurt, DE",Air Freight,7.7,7824.74,422,250,0.157,7241.7,0.252,0.294,1.0646,1.688,0.0857,7.7,0.0,0
SHP-12073,Delta Industrial Supplies,Tier-2,Consumer Electronics,"Busan, KR","Dallas, US",Standard Ground,5.3,3369.94,609,250,0.252,2574.4,0.248,0.31,2.0519,2.436,0.0963,5.3,0.0,0
SHP-12074,FastTrack Assembly Co,Tier-2,Semiconductors & Electronics,"Shenzhen, CN","Frankfurt, DE",Standard Ground,10.0,4869.81,683,250,0.297,506.1,0.161,0.261,19.6738,2.732,0.0545,10.0,0.0,0
SHP-12075,Delta Industrial Supplies,Tier-2,Industrial Machinery,"Taipei, TW","Frankfurt, DE",Air Freight,6.2,20627.87,1007,500,0.188,11822.5,0.231,0.162,0.5254,2.014,0.0445,6.2,0.0,0
SHP-12076,Delta Industrial Supplies,Tier-2,Industrial Machinery,"Tokyo, JP","Los Angeles, US",Standard Ground,9.3,1317.26,794,100,0.195,1404.5,0.227,0.262,6.6565,7.94,0.0711,9.3,0.0,0
SHP-12077,Bavaria Logistics Parts,Tier-1,Semiconductors & Electronics,"Shenzhen, CN","Los Angeles, US",Standard Ground,13.1,1179.18,1196,100,0.063,847.6,0.383,0.574,15.4727,11.96,0.2337,13.1,0.0,0
SHP-12078,TransPacific Freight,Tier-3,Semiconductors & Electronics,"Chicago, US","Dallas, US",Standard Ground,6.0,4876.61,97,250,0.363,747.7,0.305,0.257,8.0052,0.388,0.1069,6.0,0.0,0
SHP-12079,Shenzhen Silicon Ltd,Tier-2,Pharmaceuticals,"Tokyo, JP","Los Angeles, US",Air Freight,4.9,12964.36,1310,250,0.227,10124.1,0.324,0.229,0.4796,5.24,0.091,4.9,0.0,0
SHP-12080,GlobalTech Micro,Tier-1,Semiconductors & Electronics,"Chicago, US","Rotterdam, NL",Standard Ground,7.6,2738.34,718,250,0.121,615.8,0.492,0.539,12.2804,2.872,0.2972,7.6,0.0,0
SHP-12081,Bavaria Logistics Parts,Tier-1,Industrial Machinery,"Busan, KR","Singapore, SG",Standard Ground,11.1,4727.66,480,250,0.081,888.4,0.55,0.453,12.4753,1.92,0.2693,11.1,0.0,0
SHP-12082,Nordic Raw Materials,Tier-1,Automotive Assemblies,"Busan, KR","Singapore, SG",Standard Ground,6.1,4330.18,1256,250,0.124,3155.0,0.427,0.707,1.9347,5.024,0.3394,6.1,0.0,0
SHP-12083,Nordic Raw Materials,Tier-1,Semiconductors & Electronics,"Shenzhen, CN","Los Angeles, US",Standard Ground,13.1,2807.38,479,250,0.078,3397.7,0.118,0.275,3.8699,1.916,0.035,13.1,0.0,0
SHP-12084,FastTrack Assembly Co,Tier-2,Consumer Electronics,"Busan, KR","Los Angeles, US",Ocean Intermodal,29.4,2899.68,212,250,0.369,11249.2,0.189,0.657,2.6169,0.848,0.17,35.5,6.1,1
SHP-12085,Delta Industrial Supplies,Tier-2,Consumer Electronics,"Busan, KR","Rotterdam, NL",Air Freight,6.2,2520.6,1396,50,0.238,7033.4,0.558,0.664,0.8849,27.92,0.4586,12.3,6.1,1
SHP-12086,FastTrack Assembly Co,Tier-2,Semiconductors & Electronics,"Shenzhen, CN","Singapore, SG",Standard Ground,12.8,19997.52,1110,1000,0.262,1016.1,0.629,0.763,12.6341,1.11,0.6058,18.3,5.5,1
SHP-12087,Shenzhen Silicon Ltd,Tier-2,Consumer Electronics,"Munich, DE","Los Angeles, US",Express Carrier,4.6,62462.58,1348,1000,0.32,2547.9,0.228,0.304,1.8152,1.348,0.0915,4.6,0.0,0
SHP-12088,Apex Auto Components,Tier-1,Pharmaceuticals,"Shenzhen, CN","Rotterdam, NL",Standard Ground,12.7,35311.76,816,2000,0.105,1528.2,0.657,0.663,8.34,0.408,0.4812,16.3,3.6,1
SHP-12089,Apex Auto Components,Tier-1,Pharmaceuticals,"Chicago, US","Los Angeles, US",Air Freight,5.3,28703.95,1400,500,0.045,8435.2,0.261,0.552,0.6296,2.8,0.1506,5.3,0.0,0
SHP-12090,TransPacific Freight,Tier-3,Consumer Electronics,"Tokyo, JP","Rotterdam, NL",Air Freight,6.2,5356.45,1482,100,0.383,7148.4,0.614,0.342,0.8659,14.82,0.2903,11.1,4.9,1
SHP-12091,Shenzhen Silicon Ltd,Tier-2,Semiconductors & Electronics,"Shenzhen, CN","Rotterdam, NL",Standard Ground,5.4,1900.99,495,100,0.336,562.0,0.393,0.452,9.5889,4.95,0.2373,5.4,0.0,0
SHP-12092,Nordic Raw Materials,Tier-1,Pharmaceuticals,"Chicago, US","Singapore, SG",Air Freight,7.8,78971.95,443,2000,0.153,11418.8,0.318,0.679,0.6861,0.2215,0.249,12.1,4.3,1
SHP-12093,Nordic Raw Materials,Tier-1,Automotive Assemblies,"Tokyo, JP","Singapore, SG",Express Carrier,4.7,6208.61,1147,100,0.136,3598.8,0.076,0.702,1.2987,11.47,0.0606,4.7,0.0,0
SHP-12094,Shenzhen Silicon Ltd,Tier-2,Semiconductors & Electronics,"Chicago, US","Los Angeles, US",Standard Ground,5.4,4348.54,1283,250,0.231,3239.7,0.326,0.19,1.6547,5.132,0.0763,5.4,0.0,0
SHP-12095,Apex Auto Components,Tier-1,Industrial Machinery,"Tokyo, JP","Frankfurt, DE",Express Carrier,4.2,14704.2,1015,250,0.141,2980.4,0.073,0.663,1.425,4.06,0.0552,4.2,0.0,0
SHP-12096,Apex Auto Components,Tier-1,Semiconductors & Electronics,"Chicago, US","Rotterdam, NL",Air Freight,5.1,13757.11,390,500,0.085,10088.2,0.33,0.659,0.5043,0.78,0.2361,9.9,4.8,1
SHP-12097,Nordic Raw Materials,Tier-1,Industrial Machinery,"Taipei, TW","Frankfurt, DE",Air Freight,7.3,2964.1,700,100,0.038,10103.2,0.134,0.367,0.7262,7.0,0.0511,7.3,0.0,0
SHP-12098,Nordic Raw Materials,Tier-1,Consumer Electronics,"Chicago, US","Frankfurt, DE",Standard Ground,9.6,5211.14,1480,250,0.047,3216.1,0.226,0.423,2.9853,5.92,0.1001,9.6,0.0,0
SHP-12099,Bavaria Logistics Parts,Tier-1,Consumer Electronics,"Taipei, TW","Singapore, SG",Standard Ground,5.4,27064.33,324,2000,0.102,1323.4,0.165,0.022,4.0834,0.162,0.004,5.4,0.0,0
SHP-12100,Apex Auto Components,Tier-1,Semiconductors & Electronics,"Busan, KR","Los Angeles, US",Ocean Intermodal,30.6,1291.17,813,100,0.13,11581.4,0.514,0.712,2.6443,8.13,0.4137,33.6,3.0,1
SHP-12101,Bavaria Logistics Parts,Tier-1,Semiconductors & Electronics,"Tokyo, JP","Singapore, SG",Air Freight,7.9,10960.81,853,250,0.077,11546.2,0.242,0.104,0.6869,3.412,0.0271,7.9,0.0,0
SHP-12102,FastTrack Assembly Co,Tier-2,Automotive Assemblies,"Chicago, US","Frankfurt, DE",Express Carrier,3.5,14060.72,200,250,0.274,7197.1,0.089,0.804,0.4916,0.8,0.0912,9.9,6.4,1
SHP-12103,TransPacific Freight,Tier-3,Industrial Machinery,"Tokyo, JP","Rotterdam, NL",Standard Ground,10.8,3064.17,1450,250,0.443,1690.8,0.169,0.581,6.37,5.8,0.1417,10.8,0.0,0
SHP-12104,Bavaria Logistics Parts,Tier-1,Semiconductors & Electronics,"Taipei, TW","Rotterdam, NL",Air Freight,5.9,8393.0,1169,250,0.061,11464.1,0.296,0.791,0.5158,4.676,0.2484,9.3,3.4,1
SHP-12105,Bavaria Logistics Parts,Tier-1,Semiconductors & Electronics,"Taipei, TW","Frankfurt, DE",Standard Ground,5.6,618.48,1041,50,0.012,3153.9,0.371,0.132,1.7787,20.82,0.0496,5.6,0.0,0
SHP-12106,Delta Industrial Supplies,Tier-2,Consumer Electronics,"Shenzhen, CN","Dallas, US",Air Freight,3.4,46173.44,140,1000,0.158,11078.0,0.303,0.59,0.3089,0.14,0.207,9.7,6.3,1
SHP-12107,Apex Auto Components,Tier-1,Industrial Machinery,"Taipei, TW","Singapore, SG",Standard Ground,9.0,1943.43,451,100,0.134,2767.3,0.179,0.272,3.2538,4.51,0.0552,9.0,0.0,0
SHP-12108,Delta Industrial Supplies,Tier-2,Automotive Assemblies,"Munich, DE","Rotterdam, NL",Ocean Intermodal,23.0,553.64,716,50,0.201,10983.6,0.345,0.636,2.0948,14.32,0.2636,29.4,6.4,1
SHP-12109,Bavaria Logistics Parts,Tier-1,Semiconductors & Electronics,"Munich, DE","Rotterdam, NL",Standard Ground,12.7,597.31,1273,50,0.01,2274.5,0.353,0.333,5.5856,25.46,0.1187,12.7,0.0,0
SHP-12110,Apex Auto Components,Tier-1,Automotive Assemblies,"Busan, KR","Rotterdam, NL",Ocean Intermodal,31.3,1461.17,1064,100,0.048,10805.5,0.206,0.38,2.899,10.64,0.0821,31.3,0.0,0
SHP-12111,GlobalTech Micro,Tier-1,Semiconductors & Electronics,"Shenzhen, CN","Singapore, SG",Air Freight,4.5,55599.86,246,1000,0.097,4426.2,0.551,0.355,1.0071,0.246,0.2145,4.5,0.0,0
SHP-12112,Shenzhen Silicon Ltd,Tier-2,Semiconductors & Electronics,"Taipei, TW","Dallas, US",Express Carrier,2.4,4412.64,857,100,0.356,4640.6,0.341,0.221,0.5139,8.57,0.1022,2.4,0.0,0
SHP-12113,Nordic Raw Materials,Tier-1,Industrial Machinery,"Munich, DE","Singapore, SG",Standard Ground,8.6,4365.51,883,250,0.074,3497.9,0.393,0.061,2.4634,3.532,0.0257,8.6,0.0,0
SHP-12114,Delta Industrial Supplies,Tier-2,Automotive Assemblies,"Taipei, TW","Dallas, US",Standard Ground,7.1,1711.9,1019,100,0.236,2788.2,0.29,0.719,2.5289,10.19,0.2578,7.1,0.0,0
SHP-12115,Nordic Raw Materials,Tier-1,Industrial Machinery,"Busan, KR","Singapore, SG",Standard Ground,10.9,14183.06,499,1000,0.07,1894.3,0.111,0.225,5.7752,0.499,0.0267,10.9,0.0,0
SHP-12116,Delta Industrial Supplies,Tier-2,Automotive Assemblies,"Munich, DE","Los Angeles, US",Standard Ground,13.5,9256.61,1468,500,0.248,864.7,0.517,0.081,15.578,2.936,0.0523,13.5,0.0,0
SHP-12117,Apex Auto Components,Tier-1,Semiconductors & Electronics,"Busan, KR","Los Angeles, US",Standard Ground,10.0,4443.47,734,250,0.082,2626.4,0.558,0.589,3.8244,2.936,0.3558,10.0,0.0,0
SHP-12118,GlobalTech Micro,Tier-1,Industrial Machinery,"Taipei, TW","Rotterdam, NL",Ocean Intermodal,31.8,2974.88,781,250,0.066,10001.9,0.104,0.42,3.1829,3.124,0.0466,31.8,0.0,0
SHP-12119,Shenzhen Silicon Ltd,Tier-2,Semiconductors & Electronics,"Tokyo, JP","Rotterdam, NL",Standard Ground,10.4,2578.29,1044,250,0.195,2324.4,0.339,0.23,4.4767,4.176,0.0932,10.4,0.0,0
SHP-12120,FastTrack Assembly Co,Tier-2,Consumer Electronics,"Tokyo, JP","Frankfurt, DE",Ocean Intermodal,21.4,1372.15,876,100,0.296,11380.2,0.545,0.226,1.8784,8.76,0.1597,25.8,4.4,1
SHP-12121,Apex Auto Components,Tier-1,Automotive Assemblies,"Taipei, TW","Rotterdam, NL",Air Freight,5.0,14116.92,665,250,0.129,4865.3,0.789,0.165,1.0345,2.66,0.1469,5.0,0.0,0
SHP-12122,Delta Industrial Supplies,Tier-2,Semiconductors & Electronics,"Chicago, US","Rotterdam, NL",Standard Ground,10.4,10860.91,717,1000,0.208,2548.4,0.175,0.27,4.0911,0.717,0.0571,10.4,0.0,0
SHP-12123,Bavaria Logistics Parts,Tier-1,Semiconductors & Electronics,"Busan, KR","Los Angeles, US",Ocean Intermodal,28.9,633.5,696,50,0.041,11434.2,0.264,0.198,2.5317,13.92,0.0544,28.9,0.0,0
SHP-12124,Delta Industrial Supplies,Tier-2,Industrial Machinery,"Munich, DE","Dallas, US",Ocean Intermodal,22.3,543.04,1265,50,0.26,12468.5,0.033,0.399,1.7859,25.3,0.0166,22.3,0.0,0
SHP-12125,Delta Industrial Supplies,Tier-2,Industrial Machinery,"Busan, KR","Frankfurt, DE",Ocean Intermodal,19.5,11614.38,1453,1000,0.265,9314.2,0.268,0.694,2.0904,1.453,0.2353,24.7,5.2,1
SHP-12126,Delta Industrial Supplies,Tier-2,Industrial Machinery,"Chicago, US","Rotterdam, NL",Air Freight,5.1,3054.01,529,50,0.193,7889.0,0.346,0.419,0.6464,10.58,0.173,5.1,0.0,0
SHP-12127,Bavaria Logistics Parts,Tier-1,Industrial Machinery,"Shenzhen, CN","Dallas, US",Air Freight,4.5,23529.14,506,500,0.01,11916.3,0.305,0.216,0.3747,1.012,0.0665,4.5,0.0,0
SHP-12128,Bavaria Logistics Parts,Tier-1,Industrial Machinery,"Shenzhen, CN","Singapore, SG",Ocean Intermodal,26.9,5985.83,693,500,0.064,11385.8,0.579,0.405,2.3635,1.386,0.2495,31.0,4.1,1
SHP-12129,GlobalTech Micro,Tier-1,Semiconductors & Electronics,"Taipei, TW","Frankfurt, DE",Standard Ground,5.9,1029.08,204,100,0.127,1561.9,0.243,0.375,3.7945,2.04,0.1027,5.9,0.0,0
SHP-12130,Shenzhen Silicon Ltd,Tier-2,Semiconductors & Electronics,"Shenzhen, CN","Rotterdam, NL",Standard Ground,7.3,552.25,909,50,0.274,1052.4,0.559,0.758,6.9427,18.18,0.5398,11.9,4.6,1
SHP-12131,Bavaria Logistics Parts,Tier-1,Automotive Assemblies,"Busan, KR","Dallas, US",Standard Ground,11.6,6706.23,1091,500,0.038,756.4,0.156,0.333,15.2989,2.182,0.0539,11.6,0.0,0
SHP-12132,Delta Industrial Supplies,Tier-2,Pharmaceuticals,"Taipei, TW","Singapore, SG",Ocean Intermodal,30.4,6916.46,455,1000,0.214,12965.6,0.176,0.546,2.3444,0.455,0.1166,35.3,4.9,1
SHP-12133,GlobalTech Micro,Tier-1,Consumer Electronics,"Busan, KR","Singapore, SG",Standard Ground,7.1,4875.66,507,250,0.079,2526.5,0.612,0.321,2.7953,2.028,0.212,7.1,0.0,0
SHP-12134,GlobalTech Micro,Tier-1,Consumer Electronics,"Chicago, US","Frankfurt, DE",Air Freight,5.7,14867.06,269,250,0.092,10062.2,0.303,0.115,0.5668,1.076,0.0381,5.7,0.0,0
SHP-12135,Bavaria Logistics Parts,Tier-1,Consumer Electronics,"Chicago, US","Los Angeles, US",Standard Ground,9.3,1784.89,425,100,0.012,2372.8,0.052,0.32,3.9384,4.25,0.0168,9.3,0.0,0
SHP-12136,Delta Industrial Supplies,Tier-2,Automotive Assemblies,"Chicago, US","Rotterdam, NL",Air Freight,3.3,6763.54,1019,250,0.192,8928.5,0.274,0.406,0.3719,4.076,0.1326,3.3,0.0,0
SHP-12137,Delta Industrial Supplies,Tier-2,Consumer Electronics,"Munich, DE","Dallas, US",Express Carrier,4.9,44957.99,646,1000,0.181,3410.9,0.205,0.521,1.4436,0.646,0.1262,4.9,0.0,0
SHP-12138,FastTrack Assembly Co,Tier-2,Consumer Electronics,"Busan, KR","Frankfurt, DE",Standard Ground,8.0,5086.68,712,250,0.237,2833.4,0.215,0.515,2.8143,2.848,0.1369,8.0,0.0,0
SHP-12139,Nordic Raw Materials,Tier-1,Semiconductors & Electronics,"Busan, KR","Singapore, SG",Air Freight,7.7,13925.81,748,250,0.156,10161.0,0.463,0.503,0.7587,2.992,0.2692,11.7,4.0,1
SHP-12140,GlobalTech Micro,Tier-1,Consumer Electronics,"Munich, DE","Rotterdam, NL",Standard Ground,7.3,9752.36,546,500,0.123,852.0,0.367,0.62,8.5134,1.092,0.2556,7.3,0.0,0
SHP-12141,Bavaria Logistics Parts,Tier-1,Automotive Assemblies,"Chicago, US","Dallas, US",Ocean Intermodal,23.5,2279.13,1004,250,0.01,10932.7,0.389,0.341,2.1527,4.016,0.134,23.5,0.0,0
SHP-12142,GlobalTech Micro,Tier-1,Consumer Electronics,"Busan, KR","Dallas, US",Ocean Intermodal,23.7,793.09,430,100,0.106,9687.9,0.218,0.339,2.4445,4.3,0.0817,23.7,0.0,0
SHP-12143,TransPacific Freight,Tier-3,Consumer Electronics,"Busan, KR","Dallas, US",Standard Ground,7.1,1794.95,804,100,0.433,894.4,0.337,0.377,7.8861,8.04,0.182,7.1,0.0,0
SHP-12144,Shenzhen Silicon Ltd,Tier-2,Automotive Assemblies,"Busan, KR","Los Angeles, US",Ocean Intermodal,23.9,2597.46,975,250,0.297,12885.3,0.344,0.728,1.8536,3.9,0.3247,31.0,7.1,1
SHP-12145,Bavaria Logistics Parts,Tier-1,Consumer Electronics,"Taipei, TW","Rotterdam, NL",Standard Ground,9.6,1051.45,973,50,0.049,1185.4,0.306,0.317,8.0826,19.46,0.1017,9.6,0.0,0
SHP-12146,Bavaria Logistics Parts,Tier-1,Consumer Electronics,"Shenzhen, CN","Dallas, US",Air Freight,6.1,14642.78,1494,250,0.055,8809.3,0.235,0.483,0.6979,5.976,0.1198,6.1,0.0,0
SHP-12147,TransPacific Freight,Tier-3,Industrial Machinery,"Munich, DE","Frankfurt, DE",Standard Ground,12.5,4702.76,255,250,0.429,3188.8,0.197,0.605,3.9307,1.02,0.1704,18.3,5.8,1
SHP-12148,FastTrack Assembly Co,Tier-2,Industrial Machinery,"Taipei, TW","Singapore, SG",Ocean Intermodal,27.0,1279.53,134,100,0.279,12746.0,0.391,0.658,2.1147,1.34,0.3291,34.7,7.7,1
SHP-12149,GlobalTech Micro,Tier-1,Semiconductors & Electronics,"Shenzhen, CN","Dallas, US",Ocean Intermodal,29.8,2120.95,1137,250,0.165,13631.3,0.314,0.606,2.1863,4.548,0.2218,35.1,5.3,1
SHP-12150,Apex Auto Components,Tier-1,Industrial Machinery,"Busan, KR","Rotterdam, NL",Ocean Intermodal,27.4,3016.34,123,250,0.057,10305.6,0.261,0.465,2.655,0.492,0.1283,31.3,3.9,1
SHP-12151,TransPacific Freight,Tier-3,Semiconductors & Electronics,"Busan, KR","Frankfurt, DE",Standard Ground,12.9,13147.93,977,1000,0.48,2773.0,0.299,0.315,4.6419,0.977,0.1394,16.4,3.5,1
SHP-12152,GlobalTech Micro,Tier-1,Consumer Electronics,"Munich, DE","Los Angeles, US",Air Freight,6.9,11492.32,86,250,0.042,4815.6,0.366,0.504,1.4332,0.344,0.1923,6.9,0.0,0
SHP-12153,Delta Industrial Supplies,Tier-2,Industrial Machinery,"Chicago, US","Singapore, SG",Standard Ground,7.2,4452.39,349,250,0.232,1667.5,0.293,0.408,4.3271,1.396,0.1473,7.2,0.0,0
SHP-12154,Nordic Raw Materials,Tier-1,Automotive Assemblies,"Shenzhen, CN","Rotterdam, NL",Air Freight,4.4,12129.98,436,250,0.172,11407.3,0.478,0.278,0.3814,1.744,0.1558,7.9,3.5,1
SHP-12155,Apex Auto Components,Tier-1,Consumer Electronics,"Chicago, US","Singapore, SG",Standard Ground,11.3,3912.59,324,250,0.027,1705.1,0.344,0.398,6.6443,1.296,0.1406,11.3,0.0,0
SHP-12156,TransPacific Freight,Tier-3,Consumer Electronics,"Chicago, US","Frankfurt, DE",Express Carrier,4.3,28771.39,786,500,0.372,4793.6,0.286,0.318,0.9042,1.572,0.1248,4.3,0.0,0
SHP-12157,FastTrack Assembly Co,Tier-2,Automotive Assemblies,"Busan, KR","Frankfurt, DE",Air Freight,6.4,14602.98,1075,250,0.256,5055.3,0.197,0.166,1.2686,4.3,0.0411,6.4,0.0,0
SHP-12158,Delta Industrial Supplies,Tier-2,Pharmaceuticals,"Taipei, TW","Frankfurt, DE",Ocean Intermodal,18.2,5687.08,490,1000,0.257,9789.4,0.456,0.167,1.8542,0.49,0.0957,23.7,5.5,1
SHP-12159,Nordic Raw Materials,Tier-1,Industrial Machinery,"Busan, KR","Frankfurt, DE",Standard Ground,9.5,1313.98,363,100,0.114,2330.2,0.288,0.489,4.0827,3.63,0.1569,9.5,0.0,0
SHP-12160,Bavaria Logistics Parts,Tier-1,Industrial Machinery,"Chicago, US","Los Angeles, US",Ocean Intermodal,19.2,763.98,140,100,0.112,9758.3,0.399,0.353,1.9718,1.4,0.1566,24.7,5.5,1
SHP-12161,Shenzhen Silicon Ltd,Tier-2,Consumer Electronics,"Tokyo, JP","Los Angeles, US",Ocean Intermodal,33.0,1334.92,1226,100,0.293,9387.9,0.763,0.421,3.5116,12.26,0.4154,39.7,6.7,1
SHP-12162,Apex Auto Components,Tier-1,Pharmaceuticals,"Munich, DE","Los Angeles, US",Standard Ground,10.5,858.44,1357,50,0.089,2431.8,0.399,0.408,4.316,27.14,0.1773,10.5,0.0,0
SHP-12163,FastTrack Assembly Co,Tier-2,Semiconductors & Electronics,"Shenzhen, CN","Los Angeles, US",Ocean Intermodal,20.9,870.88,579,100,0.301,10371.2,0.169,0.221,2.0139,5.79,0.0486,20.9,0.0,0
SHP-12164,Apex Auto Components,Tier-1,Pharmaceuticals,"Taipei, TW","Los Angeles, US",Standard Ground,11.1,1155.52,272,100,0.08,1036.5,0.026,0.25,10.7127,2.72,0.007,11.1,0.0,0
SHP-12165,Apex Auto Components,Tier-1,Consumer Electronics,"Chicago, US","Frankfurt, DE",Ocean Intermodal,24.2,1431.68,281,100,0.121,13783.9,0.575,0.466,1.7565,2.81,0.3004,28.7,4.5,1
SHP-12166,Shenzhen Silicon Ltd,Tier-2,Consumer Electronics,"Tokyo, JP","Rotterdam, NL",Standard Ground,9.5,10048.8,244,500,0.329,3265.9,0.094,0.499,2.9059,0.488,0.0623,12.7,3.2,1
SHP-12167,FastTrack Assembly Co,Tier-2,Industrial Machinery,"Chicago, US","Rotterdam, NL",Standard Ground,7.9,1230.42,714,100,0.35,739.7,0.377,0.696,10.6435,7.14,0.3542,11.7,3.8,1
SHP-12168,FastTrack Assembly Co,Tier-2,Consumer Electronics,"Munich, DE","Singapore, SG",Ocean Intermodal,21.6,1712.43,65,250,0.361,13194.9,0.406,0.273,1.6366,0.26,0.1508,27.7,6.1,1
SHP-12169,Delta Industrial Supplies,Tier-2,Semiconductors & Electronics,"Taipei, TW","Singapore, SG",Ocean Intermodal,31.8,637.59,980,100,0.21,11822.8,0.043,0.197,2.6936,9.8,0.0102,31.8,0.0,0
SHP-12170,Shenzhen Silicon Ltd,Tier-2,Automotive Assemblies,"Taipei, TW","Frankfurt, DE",Standard Ground,10.0,10015.63,1241,500,0.273,1667.3,0.14,0.781,5.9974,2.482,0.1392,10.0,0.0,0
SHP-12171,Apex Auto Components,Tier-1,Semiconductors & Electronics,"Taipei, TW","Rotterdam, NL",Express Carrier,4.9,9431.83,1281,250,0.089,6515.6,0.109,0.313,0.7593,5.124,0.0372,4.9,0.0,0
SHP-12172,Delta Industrial Supplies,Tier-2,Industrial Machinery,"Shenzhen, CN","Frankfurt, DE",Standard Ground,10.6,7747.8,1173,500,0.202,2693.5,0.328,0.119,3.9481,2.346,0.0469,10.6,0.0,0
SHP-12173,TransPacific Freight,Tier-3,Consumer Electronics,"Taipei, TW","Rotterdam, NL",Ocean Intermodal,31.6,2372.75,232,250,0.413,10848.8,0.222,0.446,2.9147,0.928,0.1399,37.2,5.6,1
SHP-12174,TransPacific Freight,Tier-3,Semiconductors & Electronics,"Shenzhen, CN","Singapore, SG",Standard Ground,12.9,4842.63,1284,250,0.437,2776.4,0.686,0.636,4.6558,5.136,0.6272,18.7,5.8,1
SHP-12175,GlobalTech Micro,Tier-1,Consumer Electronics,"Taipei, TW","Singapore, SG",Air Freight,3.4,15702.07,761,500,0.098,11697.6,0.396,0.752,0.29,1.522,0.3268,8.7,5.3,1
SHP-12176,Apex Auto Components,Tier-1,Semiconductors & Electronics,"Munich, DE","Rotterdam, NL",Standard Ground,11.4,5960.78,246,500,0.11,1626.6,0.061,0.537,7.0283,0.492,0.0364,11.4,0.0,0
SHP-12177,TransPacific Freight,Tier-3,Consumer Electronics,"Busan, KR","Rotterdam, NL",Standard Ground,9.8,2444.95,461,250,0.392,945.3,0.226,0.214,10.3843,1.844,0.0673,9.8,0.0,0
SHP-12178,GlobalTech Micro,Tier-1,Consumer Electronics,"Shenzhen, CN","Rotterdam, NL",Express Carrier,4.8,13800.12,498,250,0.127,2738.1,0.169,0.139,1.7486,1.992,0.0265,4.8,0.0,0
SHP-12179,FastTrack Assembly Co,Tier-2,Pharmaceuticals,"Taipei, TW","Dallas, US",Standard Ground,8.0,8989.28,326,500,0.259,3198.4,0.235,0.22,2.4992,0.652,0.0651,8.0,0.0,0
SHP-12180,TransPacific Freight,Tier-3,Consumer Electronics,"Chicago, US","Singapore, SG",Express Carrier,3.0,67034.66,171,1000,0.47,5996.6,0.353,0.5,0.5068,0.171,0.2595,10.5,7.5,1
SHP-12181,FastTrack Assembly Co,Tier-2,Consumer Electronics,"Munich, DE","Los Angeles, US",Air Freight,4.0,13122.44,843,250,0.314,7601.8,0.419,0.103,0.532,3.372,0.0567,4.0,0.0,0
SHP-12182,TransPacific Freight,Tier-3,Pharmaceuticals,"Munich, DE","Singapore, SG",Air Freight,5.1,4982.2,181,100,0.458,10500.9,0.427,0.54,0.4843,1.81,0.3361,12.9,7.8,1
SHP-12183,TransPacific Freight,Tier-3,Automotive Assemblies,"Taipei, TW","Rotterdam, NL",Ocean Intermodal,34.0,10616.95,1051,1000,0.406,9624.9,0.042,0.424,3.5324,1.051,0.025,38.8,4.8,1
SHP-12184,Apex Auto Components,Tier-1,Pharmaceuticals,"Taipei, TW","Rotterdam, NL",Standard Ground,10.9,5587.43,1448,500,0.044,2951.3,0.189,0.307,3.6889,2.896,0.0606,10.9,0.0,0
SHP-12185,Shenzhen Silicon Ltd,Tier-2,Consumer Electronics,"Shenzhen, CN","Dallas, US",Standard Ground,9.5,6229.46,736,500,0.3,2756.0,0.248,0.199,3.4515,1.472,0.0641,9.5,0.0,0
SHP-12186,FastTrack Assembly Co,Tier-2,Automotive Assemblies,"Taipei, TW","Singapore, SG",Ocean Intermodal,25.1,4239.6,939,500,0.247,11835.5,0.337,0.392,2.1193,1.878,0.1647,30.6,5.5,1
SHP-12187,TransPacific Freight,Tier-3,Semiconductors & Electronics,"Busan, KR","Frankfurt, DE",Air Freight,4.0,21888.61,607,500,0.453,9150.3,0.342,0.428,0.4388,1.214,0.2126,9.6,5.6,1
SHP-12188,FastTrack Assembly Co,Tier-2,Industrial Machinery,"Munich, DE","Los Angeles, US",Ocean Intermodal,19.5,1035.99,74,100,0.291,9792.1,0.67,0.695,1.9876,0.74,0.6011,30.1,10.6,1
SHP-12189,FastTrack Assembly Co,Tier-2,Semiconductors & Electronics,"Tokyo, JP","Singapore, SG",Ocean Intermodal,24.5,762.08,1257,100,0.372,13372.8,0.587,0.482,1.8298,12.57,0.3881,33.2,8.7,1
SHP-12190,Delta Industrial Supplies,Tier-2,Consumer Electronics,"Shenzhen, CN","Frankfurt, DE",Express Carrier,3.7,4788.7,1187,100,0.226,5804.4,0.259,0.194,0.634,11.87,0.0616,3.7,0.0,0
SHP-12191,Delta Industrial Supplies,Tier-2,Semiconductors & Electronics,"Taipei, TW","Frankfurt, DE",Standard Ground,12.5,3757.96,1415,250,0.279,3237.9,0.585,0.668,3.8465,5.66,0.5,18.7,6.2,1
SHP-12192,Bavaria Logistics Parts,Tier-1,Automotive Assemblies,"Chicago, US","Singapore, SG",Standard Ground,8.8,2012.32,586,100,0.029,945.2,0.112,0.412,9.305,5.86,0.0475,8.8,0.0,0
SHP-12193,Delta Industrial Supplies,Tier-2,Pharmaceuticals,"Tokyo, JP","Singapore, SG",Standard Ground,10.6,9810.29,458,500,0.106,2495.5,0.129,0.341,4.2293,0.916,0.0487,10.6,0.0,0
SHP-12194,Shenzhen Silicon Ltd,Tier-2,Pharmaceuticals,"Chicago, US","Dallas, US",Standard Ground,14.0,1347.78,1474,100,0.303,1448.0,0.231,0.116,9.6576,14.74,0.0349,14.0,0.0,0
SHP-12195,Shenzhen Silicon Ltd,Tier-2,Industrial Machinery,"Munich, DE","Singapore, SG",Standard Ground,10.3,14989.55,1315,1000,0.254,3185.8,0.123,0.624,3.236,1.315,0.0962,10.3,0.0,0
SHP-12196,Bavaria Logistics Parts,Tier-1,Automotive Assemblies,"Shenzhen, CN","Singapore, SG",Standard Ground,10.3,15766.34,906,1000,0.025,2026.8,0.248,0.258,5.061,0.906,0.0656,10.3,0.0,0
SHP-12197,Shenzhen Silicon Ltd,Tier-2,Industrial Machinery,"Munich, DE","Dallas, US",Air Freight,4.1,11915.8,173,250,0.263,5247.8,0.6,0.571,0.7768,0.692,0.4328,11.1,7.0,1
SHP-12198,Nordic Raw Materials,Tier-1,Consumer Electronics,"Tokyo, JP","Rotterdam, NL",Standard Ground,13.9,979.15,1372,50,0.081,2417.9,0.626,0.47,5.7414,27.44,0.318,13.9,0.0,0
SHP-12199,Apex Auto Components,Tier-1,Consumer Electronics,"Taipei, TW","Frankfurt, DE",Ocean Intermodal,29.7,5067.59,1199,500,0.027,13729.8,0.338,0.364,2.1603,2.398,0.1264,29.7,0.0,0
SHP-12200,TransPacific Freight,Tier-3,Pharmaceuticals,"Shenzhen, CN","Los Angeles, US",Air Freight,7.8,12401.99,1421,250,0.371,4286.3,0.379,0.215,1.8214,5.684,0.1117,7.8,0.0,0
SHP-12201,Apex Auto Components,Tier-1,Pharmaceuticals,"Munich, DE","Los Angeles, US",Express Carrier,3.4,10884.89,519,250,0.098,6305.3,0.632,0.621,0.5461,2.076,0.4309,7.7,4.3,1
SHP-12202,Apex Auto Components,Tier-1,Industrial Machinery,"Shenzhen, CN","Dallas, US",Standard Ground,6.8,2227.39,201,100,0.158,2078.1,0.321,0.29,3.2842,2.01,0.1078,6.8,0.0,0
SHP-12203,Apex Auto Components,Tier-1,Industrial Machinery,"Munich, DE","Rotterdam, NL",Standard Ground,12.9,29924.79,1237,2000,0.153,3094.6,0.298,0.495,4.1755,0.6185,0.17,12.9,0.0,0
SHP-12204,Delta Industrial Supplies,Tier-2,Consumer Electronics,"Tokyo, JP","Dallas, US",Ocean Intermodal,22.7,2717.35,1300,250,0.205,11466.4,0.182,0.085,1.9822,5.2,0.0186,22.7,0.0,0
SHP-12205,Bavaria Logistics Parts,Tier-1,Automotive Assemblies,"Taipei, TW","Dallas, US",Air Freight,7.7,6068.38,984,100,0.023,6696.6,0.069,0.389,1.1435,9.84,0.0275,7.7,0.0,0
SHP-12206,Nordic Raw Materials,Tier-1,Automotive Assemblies,"Munich, DE","Frankfurt, DE",Standard Ground,6.0,2870.57,858,250,0.147,732.1,0.669,0.356,8.1921,3.432,0.2731,6.0,0.0,0
SHP-12207,Nordic Raw Materials,Tier-1,Automotive Assemblies,"Munich, DE","Frankfurt, DE",Air Freight,4.5,8732.21,948,250,0.111,11643.4,0.224,0.297,0.3895,3.792,0.0739,4.5,0.0,0
SHP-12208,Nordic Raw Materials,Tier-1,Semiconductors & Electronics,"Busan, KR","Rotterdam, NL",Express Carrier,2.4,33949.46,1197,500,0.09,7740.3,0.356,0.798,0.3099,2.394,0.3096,7.8,5.4,1
SHP-12209,Nordic Raw Materials,Tier-1,Automotive Assemblies,"Taipei, TW","Dallas, US",Air Freight,5.5,29381.25,1085,500,0.098,4699.8,0.565,0.494,1.16,2.17,0.3064,5.5,0.0,0
SHP-12210,Delta Industrial Supplies,Tier-2,Pharmaceuticals,"Munich, DE","Los Angeles, US",Standard Ground,13.5,5254.04,1454,250,0.265,1722.6,0.131,0.598,7.8182,5.816,0.0991,13.5,0.0,0
SHP-12211,Bavaria Logistics Parts,Tier-1,Industrial Machinery,"Tokyo, JP","Frankfurt, DE",Express Carrier,3.9,22335.3,1105,500,0.05,6822.6,0.146,0.142,0.5768,2.21,0.0218,3.9,0.0,0
SHP-12212,TransPacific Freight,Tier-3,Consumer Electronics,"Tokyo, JP","Dallas, US",Standard Ground,5.1,1063.06,1043,100,0.403,1401.5,0.155,0.287,3.6289,10.43,0.0624,5.1,0.0,0
SHP-12213,Bavaria Logistics Parts,Tier-1,Consumer Electronics,"Munich, DE","Singapore, SG",Air Freight,7.0,14859.15,1274,250,0.033,8983.9,0.073,0.095,0.7769,5.096,0.0072,7.0,0.0,0
SHP-12214,Delta Industrial Supplies,Tier-2,Industrial Machinery,"Chicago, US","Singapore, SG",Standard Ground,12.7,2788.73,452,250,0.268,2030.1,0.289,0.827,6.2581,1.808,0.3031,15.1,2.4,1
SHP-12215,Shenzhen Silicon Ltd,Tier-2,Pharmaceuticals,"Busan, KR","Rotterdam, NL",Standard Ground,13.4,1300.68,614,100,0.197,2312.9,0.397,0.836,5.7876,6.14,0.3972,17.2,3.8,1
SHP-12216,Apex Auto Components,Tier-1,Automotive Assemblies,"Shenzhen, CN","Los Angeles, US",Standard Ground,6.1,938.89,1443,50,0.066,1362.7,0.324,0.531,4.4709,28.86,0.1835,6.1,0.0,0
SHP-12217,Delta Industrial Supplies,Tier-2,Industrial Machinery,"Munich, DE","Dallas, US",Ocean Intermodal,27.1,7858.68,67,1000,0.266,12235.8,0.321,0.153,2.2174,0.067,0.0622,30.2,3.1,1
SHP-12218,Shenzhen Silicon Ltd,Tier-2,Semiconductors & Electronics,"Busan, KR","Frankfurt, DE",Standard Ground,12.6,37236.11,178,2000,0.308,2239.7,0.152,0.231,5.6475,0.089,0.0459,12.6,0.0,0
SHP-12219,TransPacific Freight,Tier-3,Industrial Machinery,"Tokyo, JP","Dallas, US",Ocean Intermodal,27.7,449.64,172,50,0.385,8102.4,0.255,0.358,3.423,3.44,0.1264,30.5,2.8,1
SHP-12220,TransPacific Freight,Tier-3,Automotive Assemblies,"Taipei, TW","Los Angeles, US",Ocean Intermodal,34.7,3115.33,305,250,0.428,10110.1,0.691,0.098,3.4304,1.22,0.0967,39.6,4.9,1
SHP-12221,Nordic Raw Materials,Tier-1,Consumer Electronics,"Taipei, TW","Rotterdam, NL",Air Freight,6.0,21128.17,1060,500,0.06,6049.5,0.599,0.706,0.9926,2.12,0.4481,10.1,4.1,1
SHP-12222,FastTrack Assembly Co,Tier-2,Automotive Assemblies,"Chicago, US","Singapore, SG",Air Freight,3.0,2229.13,1344,50,0.242,10078.3,0.068,0.779,0.2986,26.88,0.0658,8.5,5.5,1
SHP-12223,GlobalTech Micro,Tier-1,Consumer Electronics,"Tokyo, JP","Dallas, US",Standard Ground,12.5,8184.43,599,500,0.172,2636.5,0.226,0.397,4.735,1.198,0.1051,12.5,0.0,0
SHP-12224,Apex Auto Components,Tier-1,Semiconductors & Electronics,"Tokyo, JP","Los Angeles, US",Ocean Intermodal,18.4,955.27,430,100,0.065,13473.4,0.377,0.244,1.3637,4.3,0.098,18.4,0.0,0
SHP-12225,GlobalTech Micro,Tier-1,Semiconductors & Electronics,"Tokyo, JP","Dallas, US",Standard Ground,13.2,35223.96,587,2000,0.148,1101.0,0.335,0.496,12.0258,0.2935,0.1908,13.2,0.0,0
SHP-12226,Delta Industrial Supplies,Tier-2,Industrial Machinery,"Tokyo, JP","Rotterdam, NL",Ocean Intermodal,34.3,1054.96,542,100,0.212,10739.3,0.144,0.622,3.1911,5.42,0.1086,40.1,5.8,1
SHP-12227,Bavaria Logistics Parts,Tier-1,Automotive Assemblies,"Busan, KR","Singapore, SG",Standard Ground,12.9,18240.6,505,2000,0.056,2516.2,0.257,0.388,5.1437,0.2525,0.1053,12.9,0.0,0
SHP-12228,GlobalTech Micro,Tier-1,Pharmaceuticals,"Chicago, US","Dallas, US",Air Freight,3.8,3398.64,269,100,0.136,5304.2,0.302,0.677,0.7154,2.69,0.2322,3.8,0.0,0
SHP-12229,FastTrack Assembly Co,Tier-2,Semiconductors & Electronics,"Chicago, US","Dallas, US",Express Carrier,4.8,23516.36,1274,500,0.264,4836.7,0.137,0.287,0.9984,2.548,0.0497,4.8,0.0,0
SHP-12230,Delta Industrial Supplies,Tier-2,Consumer Electronics,"Shenzhen, CN","Dallas, US",Ocean Intermodal,29.1,2753.68,434,250,0.201,7622.8,0.071,0.273,3.8163,1.736,0.0233,29.1,0.0,0
SHP-12231,Apex Auto Components,Tier-1,Industrial Machinery,"Taipei, TW","Los Angeles, US",Ocean Intermodal,31.1,674.85,373,50,0.118,13195.8,0.388,0.201,2.3581,7.46,0.0872,31.1,0.0,0
SHP-12232,Bavaria Logistics Parts,Tier-1,Semiconductors & Electronics,"Taipei, TW","Rotterdam, NL",Air Freight,6.4,5762.46,1151,100,0.01,10271.3,0.446,0.617,0.6258,11.51,0.2779,10.1,3.7,1
SHP-12233,Nordic Raw Materials,Tier-1,Semiconductors & Electronics,"Taipei, TW","Dallas, US",Air Freight,6.7,12639.64,80,250,0.09,11779.0,0.228,0.45,0.5676,0.32,0.1119,11.3,4.6,1
SHP-12234,Nordic Raw Materials,Tier-1,Industrial Machinery,"Busan, KR","Frankfurt, DE",Standard Ground,10.9,2417.91,1472,250,0.089,3467.3,0.307,0.07,3.1347,5.888,0.0234,10.9,0.0,0
SHP-12235,GlobalTech Micro,Tier-1,Industrial Machinery,"Taipei, TW","Dallas, US",Standard Ground,6.1,21238.29,950,2000,0.137,3070.2,0.559,0.407,1.9849,0.475,0.2586,6.1,0.0,0
SHP-12236,FastTrack Assembly Co,Tier-2,Automotive Assemblies,"Chicago, US","Frankfurt, DE",Express Carrier,3.0,21075.9,599,500,0.286,6053.3,0.379,0.373,0.4942,1.198,0.1818,6.8,3.8,1
SHP-12237,GlobalTech Micro,Tier-1,Industrial Machinery,"Munich, DE","Los Angeles, US",Standard Ground,11.2,1601.66,773,100,0.088,1627.7,0.528,0.363,6.8733,7.73,0.2085,11.2,0.0,0
SHP-12238,Delta Industrial Supplies,Tier-2,Consumer Electronics,"Shenzhen, CN","Dallas, US",Air Freight,6.9,6244.96,728,100,0.296,10805.1,0.668,0.751,0.6396,7.28,0.6502,13.8,6.9,1
SHP-12239,Shenzhen Silicon Ltd,Tier-2,Consumer Electronics,"Chicago, US","Singapore, SG",Express Carrier,2.0,12853.61,1356,250,0.281,6157.4,0.312,0.279,0.3298,5.424,0.1115,2.0,0.0,0
SHP-12240,Apex Auto Components,Tier-1,Industrial Machinery,"Munich, DE","Los Angeles, US",Air Freight,5.6,2027.21,108,50,0.073,6279.8,0.194,0.176,0.8877,2.16,0.0366,5.6,0.0,0
SHP-12241,Shenzhen Silicon Ltd,Tier-2,Consumer Electronics,"Busan, KR","Los Angeles, US",Ocean Intermodal,20.1,1915.24,719,250,0.308,7948.7,0.158,0.29,2.5256,2.876,0.0599,20.1,0.0,0
SHP-12242,TransPacific Freight,Tier-3,Pharmaceuticals,"Shenzhen, CN","Rotterdam, NL",Standard Ground,12.0,1874.71,1278,100,0.404,2870.4,0.323,0.889,4.1946,12.78,0.4033,16.6,4.6,1
SHP-12243,FastTrack Assembly Co,Tier-2,Consumer Electronics,"Chicago, US","Singapore, SG",Air Freight,5.1,12818.36,836,500,0.311,4472.0,0.201,0.412,1.1439,1.672,0.1086,5.1,0.0,0
SHP-12244,Shenzhen Silicon Ltd,Tier-2,Pharmaceuticals,"Chicago, US","Dallas, US",Standard Ground,11.4,1457.12,873,100,0.335,958.1,0.297,0.392,11.8917,8.73,0.1554,11.4,0.0,0
SHP-12245,FastTrack Assembly Co,Tier-2,Automotive Assemblies,"Busan, KR","Singapore, SG",Standard Ground,11.4,545.8,90,50,0.326,1233.3,0.058,0.081,9.2219,1.8,0.0062,11.4,0.0,0
SHP-12246,Shenzhen Silicon Ltd,Tier-2,Pharmaceuticals,"Busan, KR","Los Angeles, US",Standard Ground,10.6,4845.36,1277,500,0.221,1718.1,0.207,0.264,6.1824,2.554,0.0667,10.6,0.0,0
SHP-12247,FastTrack Assembly Co,Tier-2,Consumer Electronics,"Chicago, US","Dallas, US",Standard Ground,7.6,7839.7,657,500,0.327,1044.0,0.222,0.438,7.237,1.314,0.129,7.6,0.0,0
SHP-12248,TransPacific Freight,Tier-3,Industrial Machinery,"Busan, KR","Los Angeles, US",Air Freight,3.3,3537.11,126,100,0.384,11954.9,0.061,0.178,0.2799,1.26,0.015,6.5,3.2,1
SHP-12249,Bavaria Logistics Parts,Tier-1,Semiconductors & Electronics,"Taipei, TW","Singapore, SG",Standard Ground,11.3,24304.25,1483,2000,0.062,1392.5,0.618,0.156,8.1498,0.7415,0.1024,11.3,0.0,0
SHP-12250,Apex Auto Components,Tier-1,Industrial Machinery,"Busan, KR","Los Angeles, US",Standard Ground,10.7,4835.45,200,500,0.081,1721.3,0.337,0.575,6.2319,0.4,0.2094,10.7,0.0,0
SHP-12251,GlobalTech Micro,Tier-1,Pharmaceuticals,"Busan, KR","Los Angeles, US",Standard Ground,9.8,3231.51,962,250,0.184,2748.8,0.342,0.103,3.5524,3.848,0.0417,9.8,0.0,0
SHP-12252,Bavaria Logistics Parts,Tier-1,Semiconductors & Electronics,"Busan, KR","Rotterdam, NL",Standard Ground,11.6,818.91,1017,50,0.026,3469.8,0.308,0.41,3.3475,20.34,0.1295,11.6,0.0,0
SHP-12253,Nordic Raw Materials,Tier-1,Automotive Assemblies,"Busan, KR","Frankfurt, DE",Standard Ground,10.2,10071.56,1376,500,0.122,2511.7,0.159,0.633,4.0435,2.752,0.113,10.2,0.0,0
SHP-12254,Bavaria Logistics Parts,Tier-1,Pharmaceuticals,"Munich, DE","Los Angeles, US",Standard Ground,5.9,20072.05,1235,1000,0.046,1826.4,0.396,0.193,3.2087,1.235,0.0799,5.9,0.0,0
SHP-12255,FastTrack Assembly Co,Tier-2,Automotive Assemblies,"Chicago, US","Rotterdam, NL",Standard Ground,10.6,4281.18,866,250,0.373,3372.0,0.366,0.42,3.1498,3.464,0.2111,10.6,0.0,0
SHP-12256,Shenzhen Silicon Ltd,Tier-2,Semiconductors & Electronics,"Tokyo, JP","Frankfurt, DE",Standard Ground,5.2,4676.06,158,250,0.264,2014.3,0.338,0.368,2.5641,0.632,0.1573,5.2,0.0,0
SHP-12257,Apex Auto Components,Tier-1,Industrial Machinery,"Munich, DE","Dallas, US",Standard Ground,13.7,9224.99,1094,500,0.168,3347.5,0.043,0.644,4.0812,2.188,0.0324,13.7,0.0,0
SHP-12258,Bavaria Logistics Parts,Tier-1,Semiconductors & Electronics,"Shenzhen, CN","Rotterdam, NL",Standard Ground,8.0,14147.24,319,1000,0.093,2421.5,0.491,0.17,3.2919,0.319,0.0912,8.0,0.0,0
SHP-12259,Apex Auto Components,Tier-1,Semiconductors & Electronics,"Munich, DE","Singapore, SG",Express Carrier,3.1,5898.79,1403,100,0.112,4279.5,0.365,0.687,0.7132,14.03,0.2788,3.1,0.0,0
SHP-12260,GlobalTech Micro,Tier-1,Consumer Electronics,"Busan, KR","Los Angeles, US",Standard Ground,12.6,4522.58,1013,250,0.172,1456.6,0.358,0.245,8.6206,4.052,0.1028,12.6,0.0,0
SHP-12261,Bavaria Logistics Parts,Tier-1,Pharmaceuticals,"Taipei, TW","Singapore, SG",Air Freight,7.9,3243.79,1459,100,0.035,7514.1,0.486,0.852,1.0452,14.59,0.4285,12.5,4.6,1
SHP-12262,Delta Industrial Supplies,Tier-2,Pharmaceuticals,"Tokyo, JP","Frankfurt, DE",Standard Ground,5.5,1013.8,1033,50,0.199,1592.8,0.503,0.196,3.4514,20.66,0.1183,5.5,0.0,0
SHP-12263,Bavaria Logistics Parts,Tier-1,Industrial Machinery,"Taipei, TW","Dallas, US",Standard Ground,9.8,1316.1,789,100,0.101,662.1,0.392,0.476,14.8577,7.89,0.2054,9.8,0.0,0
SHP-12264,Bavaria Logistics Parts,Tier-1,Semiconductors & Electronics,"Munich, DE","Los Angeles, US",Standard Ground,5.4,7780.26,303,500,0.138,575.6,0.165,0.52,9.4685,0.606,0.0977,5.4,0.0,0
SHP-12265,Delta Industrial Supplies,Tier-2,Consumer Electronics,"Munich, DE","Dallas, US",Ocean Intermodal,22.1,18586.58,548,2000,0.225,10057.4,0.653,0.314,2.1966,0.274,0.2512,27.5,5.4,1
SHP-12266,Shenzhen Silicon Ltd,Tier-2,Industrial Machinery,"Taipei, TW","Dallas, US",Standard Ground,6.4,10791.58,527,1000,0.198,2579.9,0.22,0.124,2.4949,0.527,0.0327,6.4,0.0,0
SHP-12267,Delta Industrial Supplies,Tier-2,Industrial Machinery,"Chicago, US","Rotterdam, NL",Ocean Intermodal,32.0,934.61,763,100,0.29,12301.5,0.145,0.413,2.6005,7.63,0.0773,35.3,3.3,1
SHP-12268,Shenzhen Silicon Ltd,Tier-2,Industrial Machinery,"Munich, DE","Los Angeles, US",Standard Ground,6.4,2246.65,1412,250,0.342,764.1,0.342,0.241,8.3139,5.648,0.1106,6.4,0.0,0
SHP-12269,Apex Auto Components,Tier-1,Consumer Electronics,"Tokyo, JP","Rotterdam, NL",Ocean Intermodal,27.7,1033.0,1267,100,0.12,11363.2,0.161,0.739,2.4347,12.67,0.1333,32.6,4.9,1
SHP-12270,Delta Industrial Supplies,Tier-2,Consumer Electronics,"Busan, KR","Dallas, US",Standard Ground,6.6,1950.1,380,100,0.191,2401.4,0.192,0.768,2.7375,3.8,0.1756,6.6,0.0,0
SHP-12271,Apex Auto Components,Tier-1,Industrial Machinery,"Busan, KR","Singapore, SG",Ocean Intermodal,21.7,888.87,1465,100,0.112,9444.3,0.692,0.424,2.2959,14.65,0.3262,26.5,4.8,1
SHP-12272,FastTrack Assembly Co,Tier-2,Industrial Machinery,"Busan, KR","Los Angeles, US",Standard Ground,5.4,1555.4,510,100,0.302,3042.3,0.313,0.152,1.7726,5.1,0.062,5.4,0.0,0
SHP-12273,TransPacific Freight,Tier-3,Pharmaceuticals,"Shenzhen, CN","Rotterdam, NL",Standard Ground,12.4,5054.95,732,500,0.414,2047.0,0.405,0.51,6.0818,1.464,0.292,14.5,2.1,1
SHP-12274,GlobalTech Micro,Tier-1,Automotive Assemblies,"Busan, KR","Frankfurt, DE",Ocean Intermodal,19.4,1117.36,1422,100,0.056,9124.1,0.251,0.386,2.1299,14.22,0.1023,19.4,0.0,0
SHP-12275,Nordic Raw Materials,Tier-1,Consumer Electronics,"Taipei, TW","Los Angeles, US",Ocean Intermodal,20.4,2428.84,476,250,0.04,9501.0,0.534,0.152,2.1429,1.904,0.0844,20.4,0.0,0
SHP-12276,GlobalTech Micro,Tier-1,Consumer Electronics,"Shenzhen, CN","Dallas, US",Express Carrier,4.5,6055.9,676,100,0.219,2728.7,0.259,0.306,1.6457,6.76,0.0966,4.5,0.0,0
SHP-12277,Delta Industrial Supplies,Tier-2,Automotive Assemblies,"Chicago, US","Dallas, US",Ocean Intermodal,31.9,22665.16,768,2000,0.213,12897.2,0.135,0.686,2.4744,0.384,0.1123,38.3,6.4,1
SHP-12278,FastTrack Assembly Co,Tier-2,Pharmaceuticals,"Tokyo, JP","Dallas, US",Ocean Intermodal,24.6,1078.99,75,100,0.326,12174.9,0.129,0.308,2.0208,0.75,0.0527,28.8,4.2,1
SHP-12279,TransPacific Freight,Tier-3,Industrial Machinery,"Chicago, US","Rotterdam, NL",Standard Ground,13.6,9405.12,1060,500,0.436,2664.0,0.416,0.718,5.1063,2.12,0.4289,19.2,5.6,1
SHP-12280,TransPacific Freight,Tier-3,Industrial Machinery,"Chicago, US","Los Angeles, US",Express Carrier,3.9,7172.21,1005,100,0.385,7598.6,0.295,0.442,0.5094,10.05,0.1806,7.3,3.4,1
SHP-12281,FastTrack Assembly Co,Tier-2,Pharmaceuticals,"Taipei, TW","Los Angeles, US",Standard Ground,10.8,8123.19,1231,500,0.242,1781.0,0.613,0.088,6.0583,2.462,0.067,10.8,0.0,0
SHP-12282,TransPacific Freight,Tier-3,Automotive Assemblies,"Shenzhen, CN","Frankfurt, DE",Standard Ground,12.5,3140.67,1205,250,0.39,2574.2,0.437,0.375,4.8535,4.82,0.2278,12.5,0.0,0
SHP-12283,Delta Industrial Supplies,Tier-2,Semiconductors & Electronics,"Shenzhen, CN","Frankfurt, DE",Ocean Intermodal,28.4,892.24,744,100,0.181,7494.0,0.556,0.584,3.7909,7.44,0.3833,33.5,5.1,1
SHP-12284,FastTrack Assembly Co,Tier-2,Pharmaceuticals,"Shenzhen, CN","Rotterdam, NL",Standard Ground,13.0,953.46,675,50,0.282,3187.2,0.187,0.227,4.0682,13.5,0.0544,13.0,0.0,0
SHP-12285,Nordic Raw Materials,Tier-1,Industrial Machinery,"Shenzhen, CN","Singapore, SG",Standard Ground,7.1,27332.0,432,2000,0.117,2927.7,0.327,0.204,2.4146,0.216,0.0745,7.1,0.0,0
SHP-12286,Shenzhen Silicon Ltd,Tier-2,Industrial Machinery,"Taipei, TW","Dallas, US",Ocean Intermodal,18.5,344.29,434,50,0.26,8875.2,0.486,0.271,2.082,8.68,0.1659,18.5,0.0,0
SHP-12287,Apex Auto Components,Tier-1,Automotive Assemblies,"Shenzhen, CN","Dallas, US",Standard Ground,11.6,3134.87,304,250,0.125,1210.6,0.235,0.221,9.6042,1.216,0.0584,11.6,0.0,0
SHP-12288,Delta Industrial Supplies,Tier-2,Consumer Electronics,"Tokyo, JP","Dallas, US",Standard Ground,10.8,2193.2,719,100,0.231,1398.2,0.67,0.329,7.6974,7.19,0.2713,10.8,0.0,0
SHP-12289,Nordic Raw Materials,Tier-1,Industrial Machinery,"Busan, KR","Frankfurt, DE",Standard Ground,11.5,15964.57,545,1000,0.081,2114.6,0.446,0.656,5.4444,0.545,0.3163,14.1,2.6,1
SHP-12290,FastTrack Assembly Co,Tier-2,Automotive Assemblies,"Tokyo, JP","Dallas, US",Air Freight,6.4,12132.82,1159,250,0.269,11078.3,0.35,0.594,0.5766,4.636,0.2637,10.7,4.3,1
SHP-12291,GlobalTech Micro,Tier-1,Industrial Machinery,"Chicago, US","Rotterdam, NL",Standard Ground,8.1,4854.57,768,500,0.149,727.7,0.204,0.419,11.1685,1.536,0.0982,8.1,0.0,0
SHP-12292,Delta Industrial Supplies,Tier-2,Semiconductors & Electronics,"Chicago, US","Singapore, SG",Air Freight,5.9,14831.8,569,250,0.196,6890.9,0.411,0.573,0.8507,2.276,0.2816,10.9,5.0,1
SHP-12293,Bavaria Logistics Parts,Tier-1,Consumer Electronics,"Munich, DE","Frankfurt, DE",Ocean Intermodal,21.1,3712.38,1085,500,0.095,12366.1,0.378,0.222,1.7057,2.17,0.0919,21.1,0.0,0
SHP-12294,GlobalTech Micro,Tier-1,Semiconductors & Electronics,"Busan, KR","Singapore, SG",Standard Ground,9.0,1563.46,397,100,0.119,1578.1,0.198,0.188,5.6782,3.97,0.0417,9.0,0.0,0
SHP-12295,GlobalTech Micro,Tier-1,Consumer Electronics,"Shenzhen, CN","Dallas, US",Ocean Intermodal,18.0,1385.65,57,100,0.111,11738.2,0.312,0.263,1.5345,0.57,0.0912,21.4,3.4,1
SHP-12296,Delta Industrial Supplies,Tier-2,Pharmaceuticals,"Munich, DE","Los Angeles, US",Ocean Intermodal,19.9,1098.37,1273,100,0.261,9058.2,0.464,0.449,2.1927,12.73,0.2628,26.6,6.7,1
SHP-12297,GlobalTech Micro,Tier-1,Industrial Machinery,"Munich, DE","Dallas, US",Air Freight,3.1,13471.3,988,250,0.173,11224.1,0.626,0.634,0.2753,3.952,0.4656,9.4,6.3,1
SHP-12298,Delta Industrial Supplies,Tier-2,Industrial Machinery,"Shenzhen, CN","Rotterdam, NL",Express Carrier,2.9,4945.87,1060,100,0.183,3615.9,0.197,0.117,0.797,10.6,0.0273,2.9,0.0,0
SHP-12299,Nordic Raw Materials,Tier-1,Consumer Electronics,"Taipei, TW","Los Angeles, US",Standard Ground,13.6,6985.71,1316,500,0.132,1036.0,0.251,0.562,13.123,2.632,0.1597,13.6,0.0,0
SHP-12300,TransPacific Freight,Tier-3,Automotive Assemblies,"Shenzhen, CN","Frankfurt, DE",Standard Ground,5.0,6797.72,320,500,0.437,2335.9,0.507,0.66,2.1426,0.64,0.4808,10.0,5.0,1
SHP-12301,FastTrack Assembly Co,Tier-2,Semiconductors & Electronics,"Busan, KR","Singapore, SG",Standard Ground,10.8,13373.33,116,1000,0.288,1322.5,0.525,0.238,8.1393,0.116,0.1609,10.8,0.0,0
SHP-12302,Apex Auto Components,Tier-1,Consumer Electronics,"Shenzhen, CN","Rotterdam, NL",Standard Ground,8.4,2995.5,961,250,0.029,745.5,0.146,0.548,11.2486,3.844,0.0823,8.4,0.0,0
SHP-12303,Shenzhen Silicon Ltd,Tier-2,Industrial Machinery,"Busan, KR","Dallas, US",Standard Ground,6.1,706.41,1108,50,0.324,875.2,0.138,0.568,6.9769,22.16,0.1038,6.1,0.0,0
SHP-12304,Delta Industrial Supplies,Tier-2,Semiconductors & Electronics,"Taipei, TW","Singapore, SG",Standard Ground,9.6,5826.19,514,500,0.251,2062.1,0.136,0.455,4.6763,1.028,0.0774,9.6,0.0,0
SHP-12305,Nordic Raw Materials,Tier-1,Pharmaceuticals,"Busan, KR","Frankfurt, DE",Standard Ground,5.1,3730.04,355,250,0.071,628.9,0.614,0.386,8.1506,1.42,0.2539,5.1,0.0,0
SHP-12306,GlobalTech Micro,Tier-1,Semiconductors & Electronics,"Busan, KR","Los Angeles, US",Standard Ground,5.6,9819.41,1090,500,0.153,663.6,0.451,0.504,8.3746,2.18,0.2622,5.6,0.0,0
SHP-12307,Bavaria Logistics Parts,Tier-1,Automotive Assemblies,"Chicago, US","Frankfurt, DE",Ocean Intermodal,18.0,880.05,1135,100,0.079,10860.3,0.422,0.414,1.6579,11.35,0.1885,18.0,0.0,0
SHP-12308,GlobalTech Micro,Tier-1,Consumer Electronics,"Chicago, US","Singapore, SG",Air Freight,3.8,5006.15,804,100,0.071,11188.6,0.304,0.751,0.344,8.04,0.2445,7.2,3.4,1
SHP-12309,GlobalTech Micro,Tier-1,Pharmaceuticals,"Shenzhen, CN","Dallas, US",Air Freight,4.8,5599.64,1366,100,0.087,9497.0,0.185,0.313,0.506,13.66,0.063,4.8,0.0,0
SHP-12310,TransPacific Freight,Tier-3,Consumer Electronics,"Busan, KR","Frankfurt, DE",Standard Ground,6.5,3146.52,298,250,0.391,3427.7,0.752,0.701,1.9044,1.192,0.7332,15.0,8.5,1
SHP-12311,FastTrack Assembly Co,Tier-2,Pharmaceuticals,"Munich, DE","Singapore, SG",Standard Ground,7.6,1216.48,1455,100,0.278,536.7,0.377,0.25,14.2391,14.55,0.1205,7.6,0.0,0
SHP-12312,TransPacific Freight,Tier-3,Industrial Machinery,"Munich, DE","Frankfurt, DE",Air Freight,4.1,9441.12,917,250,0.481,7143.2,0.177,0.277,0.5675,3.668,0.0726,4.1,0.0,0
SHP-12313,Bavaria Logistics Parts,Tier-1,Automotive Assemblies,"Tokyo, JP","Dallas, US",Standard Ground,11.7,2685.72,258,250,0.041,984.4,0.145,0.208,11.861,1.032,0.0314,11.7,0.0,0
SHP-12314,FastTrack Assembly Co,Tier-2,Semiconductors & Electronics,"Busan, KR","Los Angeles, US",Air Freight,7.1,13147.06,640,500,0.321,4378.9,0.439,0.509,1.6325,1.28,0.2952,12.2,5.1,1
SHP-12315,Nordic Raw Materials,Tier-1,Automotive Assemblies,"Busan, KR","Frankfurt, DE",Standard Ground,10.4,4376.3,1402,250,0.058,1052.4,0.21,0.567,9.8897,5.608,0.126,10.4,0.0,0
SHP-12316,FastTrack Assembly Co,Tier-2,Consumer Electronics,"Shenzhen, CN","Rotterdam, NL",Air Freight,3.8,2926.01,301,100,0.277,9135.7,0.132,0.575,0.4173,3.01,0.0969,7.3,3.5,1
SHP-12317,Nordic Raw Materials,Tier-1,Semiconductors & Electronics,"Munich, DE","Dallas, US",Express Carrier,3.0,13515.09,761,250,0.122,5318.0,0.233,0.16,0.5718,3.044,0.0418,3.0,0.0,0
SHP-12318,Bavaria Logistics Parts,Tier-1,Semiconductors & Electronics,"Shenzhen, CN","Frankfurt, DE",Air Freight,7.0,36500.14,1021,1000,0.099,11693.9,0.234,0.355,0.5948,1.021,0.0913,10.1,3.1,1
SHP-12319,Delta Industrial Supplies,Tier-2,Pharmaceuticals,"Tokyo, JP","Dallas, US",Air Freight,6.6,2343.49,1021,50,0.214,8585.0,0.624,0.21,0.7643,20.42,0.1591,6.6,0.0,0
SHP-12320,TransPacific Freight,Tier-3,Industrial Machinery,"Munich, DE","Frankfurt, DE",Express Carrier,3.9,10524.15,1481,250,0.407,5795.5,0.368,0.143,0.6684,5.924,0.0741,3.9,0.0,0
SHP-12321,Bavaria Logistics Parts,Tier-1,Automotive Assemblies,"Busan, KR","Dallas, US",Air Freight,3.6,43427.32,844,1000,0.06,8159.2,0.057,0.641,0.4428,0.844,0.0387,3.6,0.0,0
SHP-12322,Bavaria Logistics Parts,Tier-1,Industrial Machinery,"Chicago, US","Frankfurt, DE",Air Freight,7.6,5920.31,1021,100,0.098,6236.9,0.252,0.664,1.2179,10.21,0.1837,7.6,0.0,0
SHP-12323,Shenzhen Silicon Ltd,Tier-2,Industrial Machinery,"Munich, DE","Singapore, SG",Ocean Intermodal,21.7,887.19,1203,100,0.279,11053.1,0.122,0.344,1.9674,12.03,0.0537,21.7,0.0,0
SHP-12324,FastTrack Assembly Co,Tier-2,Consumer Electronics,"Tokyo, JP","Rotterdam, NL",Ocean Intermodal,29.2,20538.78,301,2000,0.269,9892.3,0.151,0.462,2.9518,0.1505,0.0886,33.1,3.9,1
SHP-12325,Delta Industrial Supplies,Tier-2,Consumer Electronics,"Tokyo, JP","Frankfurt, DE",Standard Ground,5.1,2977.77,1024,250,0.192,818.4,0.493,0.181,6.1925,4.096,0.1064,5.1,0.0,0
SHP-12326,Nordic Raw Materials,Tier-1,Automotive Assemblies,"Chicago, US","Singapore, SG",Standard Ground,13.0,8374.52,996,1000,0.125,1644.4,0.293,0.401,7.8999,0.996,0.1322,13.0,0.0,0
SHP-12327,TransPacific Freight,Tier-3,Semiconductors & Electronics,"Busan, KR","Dallas, US",Standard Ground,9.6,2292.95,1405,250,0.429,1774.6,0.21,0.248,5.3894,5.62,0.0744,9.6,0.0,0
SHP-12328,FastTrack Assembly Co,Tier-2,Automotive Assemblies,"Chicago, US","Dallas, US",Standard Ground,6.5,1186.16,666,100,0.334,1913.6,0.727,0.191,3.3961,6.66,0.1853,6.5,0.0,0
SHP-12329,FastTrack Assembly Co,Tier-2,Consumer Electronics,"Munich, DE","Singapore, SG",Standard Ground,13.3,1159.96,1139,100,0.281,1295.7,0.281,0.514,10.2655,11.39,0.185,13.3,0.0,0
SHP-12330,Shenzhen Silicon Ltd,Tier-2,Automotive Assemblies,"Munich, DE","Los Angeles, US",Ocean Intermodal,23.4,6815.0,476,1000,0.263,9537.9,0.214,0.194,2.4574,0.476,0.0524,26.9,3.5,1
SHP-12331,FastTrack Assembly Co,Tier-2,Consumer Electronics,"Tokyo, JP","Frankfurt, DE",Ocean Intermodal,33.3,1358.72,642,250,0.319,12363.8,0.146,0.592,2.6921,2.568,0.114,39.1,5.8,1
SHP-12332,Bavaria Logistics Parts,Tier-1,Consumer Electronics,"Chicago, US","Singapore, SG",Ocean Intermodal,20.2,734.99,842,100,0.055,10528.2,0.742,0.648,1.9175,8.42,0.5074,25.7,5.5,1
SHP-12333,TransPacific Freight,Tier-3,Pharmaceuticals,"Tokyo, JP","Frankfurt, DE",Ocean Intermodal,24.1,6974.26,356,1000,0.376,9235.3,0.025,0.24,2.6061,0.356,0.0083,29.1,5.0,1
SHP-12334,Apex Auto Components,Tier-1,Consumer Electronics,"Chicago, US","Los Angeles, US",Ocean Intermodal,18.4,690.69,1345,100,0.123,10390.0,0.204,0.604,1.7707,13.45,0.1384,18.4,0.0,0
SHP-12335,Nordic Raw Materials,Tier-1,Semiconductors & Electronics,"Tokyo, JP","Rotterdam, NL",Standard Ground,8.5,7550.95,885,500,0.101,1009.0,0.441,0.81,8.4219,1.77,0.3934,8.5,0.0,0
SHP-12336,GlobalTech Micro,Tier-1,Industrial Machinery,"Tokyo, JP","Los Angeles, US",Ocean Intermodal,27.7,1218.48,1175,100,0.096,12526.3,0.244,0.539,2.211,11.75,0.1442,30.1,2.4,1
SHP-12337,Shenzhen Silicon Ltd,Tier-2,Automotive Assemblies,"Busan, KR","Dallas, US",Express Carrier,4.0,3784.13,876,100,0.284,4445.6,0.281,0.675,0.8991,8.76,0.2435,5.0,1.0,1
SHP-12338,Nordic Raw Materials,Tier-1,Automotive Assemblies,"Chicago, US","Los Angeles, US",Air Freight,5.8,3644.47,912,100,0.047,10107.8,0.236,0.252,0.5698,9.12,0.0623,5.8,0.0,0
SHP-12339,GlobalTech Micro,Tier-1,Automotive Assemblies,"Chicago, US","Rotterdam, NL",Ocean Intermodal,19.0,1017.5,1023,100,0.122,8228.5,0.411,0.615,2.3087,10.23,0.2836,20.4,1.4,1
SHP-12340,GlobalTech Micro,Tier-1,Consumer Electronics,"Chicago, US","Dallas, US",Air Freight,3.6,18168.72,987,500,0.056,8527.4,0.726,0.114,0.4278,1.974,0.0874,3.6,0.0,0
SHP-12341,Bavaria Logistics Parts,Tier-1,Automotive Assemblies,"Busan, KR","Singapore, SG",Ocean Intermodal,30.0,10193.35,99,2000,0.01,11972.1,0.056,0.339,2.5036,0.0495,0.0192,30.0,0.0,0
SHP-12342,Shenzhen Silicon Ltd,Tier-2,Pharmaceuticals,"Taipei, TW","Singapore, SG",Ocean Intermodal,32.9,2157.03,820,250,0.254,10064.1,0.38,0.255,3.2662,3.28,0.1215,32.9,0.0,0
SHP-12343,Bavaria Logistics Parts,Tier-1,Consumer Electronics,"Tokyo, JP","Rotterdam, NL",Standard Ground,10.9,19426.38,236,1000,0.035,3195.1,0.233,0.315,3.4031,0.236,0.076,10.9,0.0,0
SHP-12344,Shenzhen Silicon Ltd,Tier-2,Industrial Machinery,"Chicago, US","Dallas, US",Standard Ground,10.5,5573.92,68,500,0.254,3345.5,0.061,0.894,3.1273,0.136,0.0684,14.8,4.3,1
SHP-12345,GlobalTech Micro,Tier-1,Industrial Machinery,"Busan, KR","Singapore, SG",Air Freight,7.7,17296.21,716,500,0.096,6378.8,0.105,0.174,1.2129,1.432,0.02,7.7,0.0,0
SHP-12346,FastTrack Assembly Co,Tier-2,Pharmaceuticals,"Busan, KR","Frankfurt, DE",Standard Ground,9.6,8955.44,1400,500,0.416,2777.0,0.075,0.207,3.4541,2.8,0.022,9.6,0.0,0
SHP-12347,Nordic Raw Materials,Tier-1,Industrial Machinery,"Taipei, TW","Singapore, SG",Express Carrier,3.3,17906.5,671,250,0.074,7435.7,0.692,0.552,0.4453,2.684,0.4102,5.8,2.5,1
SHP-12348,Apex Auto Components,Tier-1,Industrial Machinery,"Munich, DE","Singapore, SG",Standard Ground,9.5,2042.01,614,100,0.065,3061.4,0.395,0.586,3.1025,6.14,0.2465,9.5,0.0,0
SHP-12349,Bavaria Logistics Parts,Tier-1,Consumer Electronics,"Tokyo, JP","Rotterdam, NL",Ocean Intermodal,24.9,605.74,670,50,0.048,8338.6,0.415,0.618,2.9909,13.4,0.2688,24.9,0.0,0
SHP-12350,GlobalTech Micro,Tier-1,Pharmaceuticals,"Taipei, TW","Dallas, US",Air Freight,6.6,2819.7,362,100,0.155,9949.8,0.532,0.131,0.6619,3.62,0.0805,6.6,0.0,0
SHP-12351,Apex Auto Components,Tier-1,Semiconductors & Electronics,"Taipei, TW","Frankfurt, DE",Standard Ground,12.3,1572.62,224,100,0.064,734.0,0.435,0.131,16.7288,2.24,0.0606,12.3,0.0,0
SHP-12352,Apex Auto Components,Tier-1,Pharmaceuticals,"Chicago, US","Dallas, US",Standard Ground,8.9,2317.27,332,250,0.01,3265.5,0.474,0.368,2.7172,1.328,0.1762,8.9,0.0,0
SHP-12353,TransPacific Freight,Tier-3,Automotive Assemblies,"Shenzhen, CN","Singapore, SG",Express Carrier,2.4,3203.42,358,50,0.402,7936.3,0.271,0.221,0.3086,7.16,0.084,2.4,0.0,0
SHP-12354,Nordic Raw Materials,Tier-1,Industrial Machinery,"Taipei, TW","Frankfurt, DE",Air Freight,6.4,7947.3,147,250,0.096,5662.4,0.494,0.259,1.129,0.588,0.1403,6.4,0.0,0
SHP-12355,Bavaria Logistics Parts,Tier-1,Semiconductors & Electronics,"Busan, KR","Singapore, SG",Air Freight,3.3,10288.44,1442,250,0.01,10213.0,0.376,0.267,0.325,5.768,0.1014,3.3,0.0,0
SHP-12356,FastTrack Assembly Co,Tier-2,Industrial Machinery,"Taipei, TW","Los Angeles, US",Air Freight,3.2,10435.37,878,250,0.353,6017.1,0.206,0.66,0.5368,3.512,0.184,7.5,4.3,1
SHP-12357,GlobalTech Micro,Tier-1,Consumer Electronics,"Busan, KR","Frankfurt, DE",Standard Ground,12.5,9365.34,101,500,0.116,1730.6,0.733,0.316,7.2156,0.202,0.2585,12.5,0.0,0
SHP-12358,Apex Auto Components,Tier-1,Semiconductors & Electronics,"Munich, DE","Frankfurt, DE",Standard Ground,6.9,4119.62,693,250,0.091,2192.6,0.084,0.383,3.1291,2.772,0.0351,6.9,0.0,0
SHP-12359,GlobalTech Micro,Tier-1,Consumer Electronics,"Taipei, TW","Los Angeles, US",Express Carrier,4.1,5342.09,766,100,0.068,5700.1,0.136,0.813,0.725,7.66,0.1181,4.1,0.0,0
SHP-12360,Delta Industrial Supplies,Tier-2,Automotive Assemblies,"Busan, KR","Rotterdam, NL",Ocean Intermodal,29.8,10174.9,1196,1000,0.273,12080.4,0.248,0.69,2.4699,1.196,0.2179,37.8,8.0,1
SHP-12361,Apex Auto Components,Tier-1,Pharmaceuticals,"Tokyo, JP","Singapore, SG",Ocean Intermodal,32.9,701.0,868,100,0.01,11531.0,0.158,0.682,2.8566,8.68,0.1088,32.9,0.0,0
SHP-12362,TransPacific Freight,Tier-3,Consumer Electronics,"Shenzhen, CN","Frankfurt, DE",Standard Ground,8.5,2565.52,1423,250,0.404,963.8,0.328,0.69,8.8013,5.692,0.3178,12.5,4.0,1
SHP-12363,Apex Auto Components,Tier-1,Pharmaceuticals,"Taipei, TW","Rotterdam, NL",Standard Ground,12.8,9664.51,1293,500,0.154,3030.1,0.231,0.685,4.2254,2.586,0.1826,12.8,0.0,0
SHP-12364,GlobalTech Micro,Tier-1,Consumer Electronics,"Busan, KR","Frankfurt, DE",Standard Ground,13.9,3553.83,449,250,0.106,2830.7,0.886,0.49,4.8976,1.796,0.4802,19.1,5.2,1
SHP-12365,Shenzhen Silicon Ltd,Tier-2,Pharmaceuticals,"Shenzhen, CN","Rotterdam, NL",Standard Ground,13.4,5165.7,1261,500,0.274,2272.5,0.153,0.204,5.8757,2.522,0.0398,13.4,0.0,0
SHP-12366,Delta Industrial Supplies,Tier-2,Consumer Electronics,"Taipei, TW","Dallas, US",Standard Ground,13.3,9483.14,818,1000,0.253,3387.8,0.279,0.164,3.9213,0.818,0.0573,13.3,0.0,0
SHP-12367,Shenzhen Silicon Ltd,Tier-2,Automotive Assemblies,"Munich, DE","Los Angeles, US",Air Freight,4.3,14761.54,588,250,0.29,5969.7,0.465,0.432,0.7194,2.352,0.2591,8.3,4.0,1
SHP-12368,GlobalTech Micro,Tier-1,Automotive Assemblies,"Tokyo, JP","Singapore, SG",Ocean Intermodal,32.8,1259.87,1216,100,0.057,12260.8,0.232,0.592,2.6717,12.16,0.1452,32.8,0.0,0
SHP-12369,GlobalTech Micro,Tier-1,Industrial Machinery,"Chicago, US","Los Angeles, US",Standard Ground,9.2,4045.95,209,250,0.08,2958.1,0.226,0.43,3.1238,0.836,0.105,9.2,0.0,0
SHP-12370,Nordic Raw Materials,Tier-1,Consumer Electronics,"Busan, KR","Dallas, US",Standard Ground,9.4,1269.57,1042,100,0.13,597.1,0.247,0.669,15.714,10.42,0.1867,9.4,0.0,0
SHP-12371,Delta Industrial Supplies,Tier-2,Industrial Machinery,"Tokyo, JP","Singapore, SG",Standard Ground,8.7,2784.18,436,250,0.227,814.9,0.252,0.249,10.6945,1.744,0.077,8.7,0.0,0
SHP-12372,Delta Industrial Supplies,Tier-2,Semiconductors & Electronics,"Taipei, TW","Singapore, SG",Air Freight,5.2,39210.29,765,1000,0.153,6393.5,0.342,0.36,0.8179,0.765,0.142,5.2,0.0,0
SHP-12373,Nordic Raw Materials,Tier-1,Semiconductors & Electronics,"Shenzhen, CN","Frankfurt, DE",Express Carrier,4.5,7438.65,963,100,0.126,4271.7,0.347,0.18,1.0452,9.63,0.0703,4.5,0.0,0
SHP-12374,Nordic Raw Materials,Tier-1,Pharmaceuticals,"Tokyo, JP","Singapore, SG",Air Freight,3.6,9238.08,1199,250,0.015,6640.9,0.153,0.294,0.5402,4.796,0.0457,3.6,0.0,0
SHP-12375,Nordic Raw Materials,Tier-1,Consumer Electronics,"Tokyo, JP","Dallas, US",Standard Ground,8.5,1606.45,334,100,0.156,3409.8,0.509,0.057,2.486,3.34,0.0335,8.5,0.0,0
SHP-12376,FastTrack Assembly Co,Tier-2,Consumer Electronics,"Busan, KR","Singapore, SG",Standard Ground,7.7,1089.42,823,100,0.339,879.8,0.723,0.568,8.6986,8.23,0.5497,12.7,5.0,1
SHP-12377,FastTrack Assembly Co,Tier-2,Semiconductors & Electronics,"Munich, DE","Los Angeles, US",Ocean Intermodal,27.8,2585.7,1015,250,0.351,9857.3,0.479,0.443,2.8181,4.06,0.2867,33.6,5.8,1
SHP-12378,TransPacific Freight,Tier-3,Industrial Machinery,"Chicago, US","Dallas, US",Air Freight,7.8,26457.31,579,500,0.446,5047.5,0.271,0.362,1.5414,1.158,0.1419,12.2,4.4,1
SHP-12379,Bavaria Logistics Parts,Tier-1,Pharmaceuticals,"Busan, KR","Rotterdam, NL",Standard Ground,8.3,1311.38,847,100,0.073,2937.3,0.388,0.235,2.8301,8.47,0.0978,8.3,0.0,0
SHP-12380,FastTrack Assembly Co,Tier-2,Pharmaceuticals,"Chicago, US","Los Angeles, US",Standard Ground,8.9,8577.2,965,1000,0.278,501.6,0.337,0.38,17.8256,0.965,0.1637,8.9,0.0,0
SHP-12381,Nordic Raw Materials,Tier-1,Industrial Machinery,"Shenzhen, CN","Singapore, SG",Standard Ground,8.7,1185.48,1244,100,0.016,2101.4,0.481,0.516,4.1624,12.44,0.2522,8.7,0.0,0
SHP-12382,Delta Industrial Supplies,Tier-2,Consumer Electronics,"Chicago, US","Rotterdam, NL",Air Freight,4.1,23022.55,1285,500,0.198,11220.8,0.102,0.743,0.3644,2.57,0.0908,9.0,4.9,1
SHP-12383,Delta Industrial Supplies,Tier-2,Consumer Electronics,"Tokyo, JP","Los Angeles, US",Ocean Intermodal,29.1,2131.8,208,250,0.172,12506.2,0.569,0.326,2.3265,0.832,0.2173,34.7,5.6,1
SHP-12384,Nordic Raw Materials,Tier-1,Industrial Machinery,"Tokyo, JP","Rotterdam, NL",Standard Ground,10.0,3311.07,705,250,0.183,2201.3,0.432,0.288,4.5506,2.82,0.1472,10.0,0.0,0
SHP-12385,Shenzhen Silicon Ltd,Tier-2,Semiconductors & Electronics,"Shenzhen, CN","Frankfurt, DE",Ocean Intermodal,27.3,8579.98,144,1000,0.322,11782.6,0.349,0.061,2.3152,0.144,0.0282,33.5,6.2,1
SHP-12386,TransPacific Freight,Tier-3,Consumer Electronics,"Munich, DE","Dallas, US",Standard Ground,11.6,7537.47,279,500,0.393,1568.9,0.53,0.214,7.3833,0.558,0.1581,16.0,4.4,1
SHP-12387,Nordic Raw Materials,Tier-1,Industrial Machinery,"Munich, DE","Frankfurt, DE",Standard Ground,9.8,6825.76,761,500,0.081,1364.5,0.069,0.437,7.1754,1.522,0.0326,9.8,0.0,0
SHP-12388,Nordic Raw Materials,Tier-1,Pharmaceuticals,"Busan, KR","Dallas, US",Standard Ground,8.0,5472.1,1482,500,0.094,1644.5,0.548,0.234,4.8614,2.964,0.1402,8.0,0.0,0
SHP-12389,Delta Industrial Supplies,Tier-2,Consumer Electronics,"Taipei, TW","Dallas, US",Ocean Intermodal,28.7,5554.74,264,500,0.18,13215.3,0.291,0.474,2.1747,0.528,0.1627,36.6,7.9,1
SHP-12390,Apex Auto Components,Tier-1,Industrial Machinery,"Taipei, TW","Rotterdam, NL",Standard Ground,9.6,1443.24,1181,100,0.029,1694.8,0.556,0.53,5.6608,11.81,0.3032,9.6,0.0,0
SHP-12391,GlobalTech Micro,Tier-1,Consumer Electronics,"Taipei, TW","Los Angeles, US",Standard Ground,7.3,4276.98,356,250,0.179,2359.8,0.592,0.635,3.082,1.424,0.4433,12.2,4.9,1
SHP-12392,GlobalTech Micro,Tier-1,Consumer Electronics,"Taipei, TW","Los Angeles, US",Standard Ground,5.2,727.43,71,50,0.132,1562.7,0.098,0.463,3.3381,1.42,0.0514,5.2,0.0,0
SHP-12393,GlobalTech Micro,Tier-1,Pharmaceuticals,"Shenzhen, CN","Rotterdam, NL",Standard Ground,9.8,18098.25,703,1000,0.072,1784.7,0.47,0.291,5.4916,0.703,0.1466,9.8,0.0,0
SHP-12394,Nordic Raw Materials,Tier-1,Industrial Machinery,"Taipei, TW","Dallas, US",Standard Ground,9.8,1263.31,1288,100,0.014,1566.6,0.479,0.579,6.2865,12.88,0.2813,9.8,0.0,0
SHP-12395,Shenzhen Silicon Ltd,Tier-2,Pharmaceuticals,"Munich, DE","Frankfurt, DE",Express Carrier,4.6,6998.57,1443,100,0.273,3287.6,0.464,0.274,1.3978,14.43,0.1618,4.6,0.0,0
SHP-12396,Apex Auto Components,Tier-1,Semiconductors & Electronics,"Tokyo, JP","Dallas, US",Air Freight,4.6,5749.45,120,100,0.076,10900.1,0.44,0.254,0.4225,1.2,0.1203,4.6,0.0,0
SHP-12397,FastTrack Assembly Co,Tier-2,Consumer Electronics,"Chicago, US","Rotterdam, NL",Standard Ground,7.3,3936.42,749,250,0.279,2888.3,0.638,0.521,2.5232,2.996,0.4251,8.8,1.5,1
SHP-12398,FastTrack Assembly Co,Tier-2,Pharmaceuticals,"Munich, DE","Singapore, SG",Standard Ground,5.7,1251.04,1113,100,0.311,903.9,0.255,0.299,6.2985,11.13,0.0999,5.7,0.0,0
SHP-12399,Bavaria Logistics Parts,Tier-1,Consumer Electronics,"Tokyo, JP","Singapore, SG",Air Freight,5.5,31127.29,370,1000,0.046,7517.8,0.214,0.299,0.732,0.37,0.0669,5.5,0.0,0
SHP-12400,Nordic Raw Materials,Tier-1,Consumer Electronics,"Tokyo, JP","Los Angeles, US",Standard Ground,6.4,781.04,275,50,0.078,1032.2,0.383,0.57,6.1537,5.5,0.2354,6.4,0.0,0
SHP-12401,GlobalTech Micro,Tier-1,Pharmaceuticals,"Shenzhen, CN","Frankfurt, DE",Standard Ground,7.0,3650.49,1470,250,0.126,1800.7,0.29,0.478,3.8918,5.88,0.1561,7.0,0.0,0
SHP-12402,Shenzhen Silicon Ltd,Tier-2,Industrial Machinery,"Shenzhen, CN","Los Angeles, US",Standard Ground,8.7,3852.02,638,250,0.28,520.6,0.507,0.244,16.6728,2.552,0.1584,8.7,0.0,0
SHP-12403,Delta Industrial Supplies,Tier-2,Pharmaceuticals,"Chicago, US","Los Angeles, US",Ocean Intermodal,29.1,19784.63,909,2000,0.18,13964.2,0.627,0.125,2.0863,0.4545,0.0925,35.0,5.9,1
SHP-12404,Apex Auto Components,Tier-1,Automotive Assemblies,"Busan, KR","Frankfurt, DE",Ocean Intermodal,32.7,1556.61,357,250,0.089,10201.4,0.045,0.211,3.202,1.428,0.0103,32.7,0.0,0
SHP-12405,GlobalTech Micro,Tier-1,Industrial Machinery,"Shenzhen, CN","Frankfurt, DE",Ocean Intermodal,29.7,2216.98,724,250,0.189,7789.5,0.223,0.47,3.819,2.896,0.1247,29.7,0.0,0
SHP-12406,GlobalTech Micro,Tier-1,Automotive Assemblies,"Munich, DE","Dallas, US",Standard Ground,9.2,8003.41,314,500,0.082,1401.3,0.461,0.455,6.5434,0.628,0.2269,9.2,0.0,0
SHP-12407,TransPacific Freight,Tier-3,Semiconductors & Electronics,"Taipei, TW","Rotterdam, NL",Ocean Intermodal,28.9,12163.5,57,1000,0.416,13163.9,0.395,0.207,2.1919,0.057,0.1158,35.5,6.6,1
SHP-12408,TransPacific Freight,Tier-3,Industrial Machinery,"Busan, KR","Dallas, US",Standard Ground,7.8,4419.22,285,500,0.395,2666.0,0.271,0.535,2.9361,0.57,0.2022,13.7,5.9,1
SHP-12409,Bavaria Logistics Parts,Tier-1,Automotive Assemblies,"Taipei, TW","Frankfurt, DE",Air Freight,3.4,35107.06,1283,1000,0.086,9591.8,0.416,0.165,0.3582,1.283,0.0746,3.4,0.0,0
SHP-12410,GlobalTech Micro,Tier-1,Semiconductors & Electronics,"Shenzhen, CN","Rotterdam, NL",Ocean Intermodal,29.0,2757.94,1427,500,0.137,10949.3,0.37,0.095,2.6486,2.854,0.04,29.0,0.0,0
SHP-12411,Delta Industrial Supplies,Tier-2,Pharmaceuticals,"Taipei, TW","Dallas, US",Standard Ground,9.1,4534.01,1116,500,0.234,2425.6,0.306,0.141,3.7326,2.232,0.0532,9.1,0.0,0
SHP-12412,TransPacific Freight,Tier-3,Semiconductors & Electronics,"Shenzhen, CN","Dallas, US",Standard Ground,10.7,602.6,858,50,0.383,778.9,0.374,0.086,13.7469,17.16,0.0445,10.7,0.0,0
SHP-12413,Apex Auto Components,Tier-1,Consumer Electronics,"Tokyo, JP","Frankfurt, DE",Air Freight,6.6,5161.25,583,100,0.095,4421.5,0.375,0.183,1.501,5.83,0.0751,6.6,0.0,0
SHP-12414,Shenzhen Silicon Ltd,Tier-2,Consumer Electronics,"Tokyo, JP","Frankfurt, DE",Standard Ground,5.6,1968.06,1080,100,0.288,2730.5,0.617,0.506,2.0532,10.8,0.402,8.5,2.9,1
SHP-12415,Apex Auto Components,Tier-1,Automotive Assemblies,"Tokyo, JP","Dallas, US",Standard Ground,11.9,5116.67,97,250,0.105,2723.6,0.316,0.655,4.3744,0.388,0.2286,15.0,3.1,1
SHP-12416,TransPacific Freight,Tier-3,Consumer Electronics,"Tokyo, JP","Los Angeles, US",Standard Ground,5.2,3415.69,1365,250,0.432,2077.0,0.852,0.43,2.5021,5.46,0.5245,8.8,3.6,1
SHP-12417,FastTrack Assembly Co,Tier-2,Industrial Machinery,"Chicago, US","Frankfurt, DE",Express Carrier,3.7,18582.31,1320,500,0.325,2955.3,0.341,0.054,1.2375,2.64,0.0244,3.7,0.0,0
SHP-12418,TransPacific Freight,Tier-3,Consumer Electronics,"Chicago, US","Dallas, US",Air Freight,7.5,2695.27,1142,50,0.461,6664.9,0.322,0.34,1.1258,22.84,0.16,9.6,2.1,1
SHP-12419,Apex Auto Components,Tier-1,Pharmaceuticals,"Taipei, TW","Frankfurt, DE",Express Carrier,4.3,10460.91,217,250,0.024,7706.8,0.641,0.414,0.5519,0.868,0.2716,9.5,5.2,1
SHP-12420,TransPacific Freight,Tier-3,Industrial Machinery,"Taipei, TW","Rotterdam, NL",Express Carrier,4.4,10030.46,875,250,0.434,3740.8,0.485,0.277,1.1731,3.5,0.1926,4.4,0.0,0
SHP-12421,Bavaria Logistics Parts,Tier-1,Semiconductors & Electronics,"Chicago, US","Los Angeles, US",Air Freight,5.7,3812.25,361,100,0.051,6367.8,0.263,0.621,0.8889,3.61,0.1716,5.7,0.0,0
SHP-12422,Delta Industrial Supplies,Tier-2,Automotive Assemblies,"Busan, KR","Rotterdam, NL",Standard Ground,5.0,1193.23,332,100,0.2,2072.3,0.295,0.449,2.4161,3.32,0.1589,5.0,0.0,0
SHP-12423,Nordic Raw Materials,Tier-1,Consumer Electronics,"Taipei, TW","Los Angeles, US",Standard Ground,5.2,2172.41,1408,100,0.116,2117.1,0.328,0.32,2.4378,14.08,0.1171,5.2,0.0,0
SHP-12424,Delta Industrial Supplies,Tier-2,Consumer Electronics,"Shenzhen, CN","Frankfurt, DE",Ocean Intermodal,24.2,3248.29,413,250,0.211,11095.0,0.07,0.146,2.1825,1.652,0.0124,24.2,0.0,0
SHP-12425,Nordic Raw Materials,Tier-1,Automotive Assemblies,"Busan, KR","Dallas, US",Air Freight,6.3,107813.6,939,2000,0.135,5754.1,0.392,0.49,1.0882,0.4695,0.2179,9.8,3.5,1
SHP-12426,Apex Auto Components,Tier-1,Automotive Assemblies,"Taipei, TW","Singapore, SG",Standard Ground,10.0,9634.5,650,500,0.138,3169.1,0.674,0.492,3.161,1.3,0.3772,12.5,2.5,1
SHP-12427,TransPacific Freight,Tier-3,Industrial Machinery,"Munich, DE","Los Angeles, US",Standard Ground,7.0,1374.12,1412,100,0.46,2749.6,0.092,0.438,2.544,14.12,0.0588,7.0,0.0,0
SHP-12428,Shenzhen Silicon Ltd,Tier-2,Automotive Assemblies,"Shenzhen, CN","Dallas, US",Ocean Intermodal,26.6,24051.13,571,2000,0.3,10061.3,0.196,0.738,2.6466,0.2855,0.1881,32.5,5.9,1
SHP-12429,FastTrack Assembly Co,Tier-2,Consumer Electronics,"Munich, DE","Rotterdam, NL",Ocean Intermodal,24.5,465.28,1220,50,0.253,8868.0,0.289,0.52,2.7671,24.4,0.1883,29.1,4.6,1
SHP-12430,Apex Auto Components,Tier-1,Industrial Machinery,"Shenzhen, CN","Frankfurt, DE",Air Freight,7.5,29440.66,1458,500,0.156,4874.2,0.214,0.313,1.539,2.916,0.0774,7.5,0.0,0
SHP-12431,Delta Industrial Supplies,Tier-2,Consumer Electronics,"Munich, DE","Singapore, SG",Ocean Intermodal,25.4,1128.52,1226,100,0.225,10242.1,0.151,0.532,2.4783,12.26,0.0984,25.4,0.0,0
SHP-12432,Delta Industrial Supplies,Tier-2,Automotive Assemblies,"Chicago, US","Dallas, US",Ocean Intermodal,33.5,11760.79,440,1000,0.32,10683.9,0.519,0.24,3.1334,0.44,0.1644,39.7,6.2,1
SHP-12433,TransPacific Freight,Tier-3,Industrial Machinery,"Busan, KR","Singapore, SG",Air Freight,4.3,49814.2,912,1000,0.406,9256.2,0.293,0.382,0.4623,0.912,0.1574,11.5,7.2,1
SHP-12434,Apex Auto Components,Tier-1,Industrial Machinery,"Chicago, US","Dallas, US",Air Freight,4.5,25439.34,1317,500,0.103,5679.6,0.411,0.346,0.7894,2.634,0.1568,4.5,0.0,0
SHP-12435,Delta Industrial Supplies,Tier-2,Automotive Assemblies,"Taipei, TW","Los Angeles, US",Air Freight,3.8,5385.63,750,100,0.238,4751.5,0.187,0.538,0.8046,7.5,0.1246,3.8,0.0,0
SHP-12436,FastTrack Assembly Co,Tier-2,Automotive Assemblies,"Munich, DE","Los Angeles, US",Standard Ground,11.4,4832.37,1351,250,0.289,1470.8,0.586,0.654,7.7638,5.404,0.494,17.4,6.0,1
SHP-12437,Bavaria Logistics Parts,Tier-1,Consumer Electronics,"Munich, DE","Dallas, US",Ocean Intermodal,26.5,727.5,1233,50,0.01,7239.1,0.413,0.577,3.666,24.66,0.2407,26.5,0.0,0
SHP-12438,TransPacific Freight,Tier-3,Automotive Assemblies,"Munich, DE","Singapore, SG",Express Carrier,3.7,13166.92,761,250,0.435,6658.9,0.262,0.883,0.5631,3.044,0.3319,10.6,6.9,1
SHP-12439,FastTrack Assembly Co,Tier-2,Consumer Electronics,"Shenzhen, CN","Dallas, US",Ocean Intermodal,32.8,536.56,571,50,0.356,11563.1,0.219,0.712,2.8378,11.42,0.2115,39.8,7.0,1
SHP-12440,Apex Auto Components,Tier-1,Industrial Machinery,"Busan, KR","Los Angeles, US",Standard Ground,12.3,1033.99,1235,50,0.01,1996.4,0.308,0.582,6.1821,24.7,0.181,12.3,0.0,0
SHP-12441,Shenzhen Silicon Ltd,Tier-2,Pharmaceuticals,"Tokyo, JP","Los Angeles, US",Air Freight,5.6,3012.7,874,100,0.278,11580.7,0.201,0.268,0.4841,8.74,0.0688,5.6,0.0,0
SHP-12442,Shenzhen Silicon Ltd,Tier-2,Industrial Machinery,"Munich, DE","Singapore, SG",Standard Ground,10.9,1018.48,966,50,0.243,1281.5,0.364,0.664,8.5328,19.32,0.3005,10.9,0.0,0
SHP-12443,TransPacific Freight,Tier-3,Automotive Assemblies,"Munich, DE","Dallas, US",Standard Ground,7.0,15989.96,68,1000,0.409,1005.4,0.132,0.395,6.9193,0.068,0.0734,7.0,0.0,0
SHP-12444,Apex Auto Components,Tier-1,Industrial Machinery,"Busan, KR","Frankfurt, DE",Ocean Intermodal,20.6,9207.19,353,1000,0.099,12391.1,0.284,0.556,1.6659,0.353,0.1736,28.3,7.7,1
SHP-12445,Delta Industrial Supplies,Tier-2,Semiconductors & Electronics,"Tokyo, JP","Los Angeles, US",Ocean Intermodal,22.2,842.32,729,100,0.225,7806.1,0.37,0.3,2.8444,7.29,0.136,22.2,0.0,0
SHP-12446,Bavaria Logistics Parts,Tier-1,Automotive Assemblies,"Busan, KR","Singapore, SG",Air Freight,7.2,12233.24,856,250,0.016,5429.6,0.072,0.17,1.3307,3.424,0.0124,7.2,0.0,0
SHP-12447,Shenzhen Silicon Ltd,Tier-2,Consumer Electronics,"Tokyo, JP","Los Angeles, US",Standard Ground,6.9,3649.2,1194,250,0.256,2570.7,0.161,0.574,2.6794,4.776,0.116,6.9,0.0,0
SHP-12448,Shenzhen Silicon Ltd,Tier-2,Consumer Electronics,"Munich, DE","Singapore, SG",Air Freight,3.2,11020.15,1162,250,0.285,9670.0,0.503,0.173,0.3305,4.648,0.1119,3.2,0.0,0
SHP-12449,GlobalTech Micro,Tier-1,Industrial Machinery,"Tokyo, JP","Los Angeles, US",Air Freight,6.9,3160.87,394,100,0.113,10704.2,0.336,0.143,0.6443,3.94,0.0535,6.9,0.0,0
SHP-12450,GlobalTech Micro,Tier-1,Industrial Machinery,"Chicago, US","Los Angeles, US",Standard Ground,12.9,1051.45,1131,100,0.214,2172.0,0.098,0.247,5.9187,11.31,0.0294,12.9,0.0,0
SHP-12451,TransPacific Freight,Tier-3,Semiconductors & Electronics,"Busan, KR","Singapore, SG",Air Freight,3.8,56961.47,1161,1000,0.396,5501.5,0.162,0.598,0.6929,1.161,0.1353,9.7,5.9,1
SHP-12452,Shenzhen Silicon Ltd,Tier-2,Industrial Machinery,"Chicago, US","Frankfurt, DE",Ocean Intermodal,24.8,420.6,761,50,0.293,13008.4,0.304,0.377,1.9095,15.22,0.1481,30.7,5.9,1
SHP-12453,TransPacific Freight,Tier-3,Automotive Assemblies,"Taipei, TW","Dallas, US",Ocean Intermodal,27.6,2484.85,291,250,0.406,11136.3,0.337,0.269,2.4815,1.164,0.1275,33.4,5.8,1
SHP-12454,Delta Industrial Supplies,Tier-2,Consumer Electronics,"Shenzhen, CN","Los Angeles, US",Standard Ground,7.5,9190.93,1298,500,0.23,1942.7,0.423,0.779,3.8622,2.596,0.4053,11.4,3.9,1
SHP-12455,GlobalTech Micro,Tier-1,Industrial Machinery,"Munich, DE","Singapore, SG",Ocean Intermodal,28.6,683.5,705,100,0.178,13028.1,0.258,0.381,2.1941,7.05,0.1158,33.4,4.8,1
SHP-12456,GlobalTech Micro,Tier-1,Industrial Machinery,"Chicago, US","Frankfurt, DE",Standard Ground,10.0,2109.36,358,100,0.183,1797.3,0.292,0.652,5.5853,3.58,0.2253,10.0,0.0,0
SHP-12457,TransPacific Freight,Tier-3,Consumer Electronics,"Shenzhen, CN","Dallas, US",Ocean Intermodal,30.2,1304.31,1066,100,0.34,11165.0,0.118,0.418,2.709,10.66,0.0661,31.4,1.2,1
SHP-12458,Bavaria Logistics Parts,Tier-1,Pharmaceuticals,"Shenzhen, CN","Los Angeles, US",Standard Ground,13.6,2731.76,320,250,0.063,1473.0,0.497,0.398,9.2077,1.28,0.2102,13.6,0.0,0
SHP-12459,TransPacific Freight,Tier-3,Industrial Machinery,"Busan, KR","Rotterdam, NL",Ocean Intermodal,21.0,12105.11,750,1000,0.338,11054.3,0.621,0.34,1.899,0.75,0.2825,29.9,8.9,1
SHP-12460,Apex Auto Components,Tier-1,Industrial Machinery,"Chicago, US","Singapore, SG",Ocean Intermodal,19.1,2408.16,67,250,0.091,12930.3,0.185,0.314,1.4753,0.268,0.0634,20.3,1.2,1
SHP-12461,GlobalTech Micro,Tier-1,Industrial Machinery,"Chicago, US","Rotterdam, NL",Standard Ground,7.8,19303.06,1225,2000,0.132,1723.7,0.252,0.184,4.5119,0.6125,0.0525,7.8,0.0,0
SHP-12462,Bavaria Logistics Parts,Tier-1,Automotive Assemblies,"Busan, KR","Los Angeles, US",Standard Ground,13.9,4505.88,551,500,0.01,2057.2,0.32,0.288,6.7398,1.102,0.0931,13.9,0.0,0
SHP-12463,FastTrack Assembly Co,Tier-2,Consumer Electronics,"Chicago, US","Singapore, SG",Ocean Intermodal,32.9,5539.59,960,1000,0.35,13385.4,0.282,0.619,2.4555,0.96,0.2357,40.1,7.2,1
SHP-12464,TransPacific Freight,Tier-3,Consumer Electronics,"Munich, DE","Frankfurt, DE",Standard Ground,7.6,13868.16,667,1000,0.429,1043.6,0.284,0.375,7.2635,0.667,0.1522,10.9,3.3,1
SHP-12465,Shenzhen Silicon Ltd,Tier-2,Automotive Assemblies,"Munich, DE","Rotterdam, NL",Air Freight,5.4,2374.83,311,50,0.29,10754.7,0.401,0.526,0.4994,6.22,0.2721,10.2,4.8,1
SHP-12466,Nordic Raw Materials,Tier-1,Consumer Electronics,"Munich, DE","Singapore, SG",Standard Ground,9.0,888.61,501,50,0.061,725.5,0.16,0.428,12.3696,10.02,0.0726,9.0,0.0,0
SHP-12467,FastTrack Assembly Co,Tier-2,Semiconductors & Electronics,"Munich, DE","Los Angeles, US",Standard Ground,5.1,17600.55,804,2000,0.31,1957.7,0.086,0.81,2.6156,0.402,0.0913,9.2,4.1,1
SHP-12468,Bavaria Logistics Parts,Tier-1,Automotive Assemblies,"Tokyo, JP","Dallas, US",Air Freight,5.1,18843.05,1121,500,0.012,8153.6,0.535,0.297,0.6214,2.242,0.1609,5.1,0.0,0
SHP-12469,Delta Industrial Supplies,Tier-2,Pharmaceuticals,"Busan, KR","Singapore, SG",Ocean Intermodal,19.0,4003.83,660,500,0.245,10395.8,0.365,0.488,1.8238,1.32,0.2217,24.5,5.5,1
SHP-12470,Nordic Raw Materials,Tier-1,Semiconductors & Electronics,"Shenzhen, CN","Frankfurt, DE",Express Carrier,2.9,8951.28,386,250,0.142,3990.3,0.21,0.279,0.7363,1.544,0.0669,2.9,0.0,0
SHP-12471,GlobalTech Micro,Tier-1,Industrial Machinery,"Tokyo, JP","Los Angeles, US",Ocean Intermodal,20.3,1460.61,438,250,0.112,8925.0,0.444,0.459,2.2715,1.752,0.2266,24.4,4.1,1
SHP-12472,Nordic Raw Materials,Tier-1,Consumer Electronics,"Shenzhen, CN","Rotterdam, NL",Ocean Intermodal,34.2,1148.3,80,100,0.071,9902.3,0.34,0.262,3.4554,0.8,0.0954,34.2,0.0,0
SHP-12473,GlobalTech Micro,Tier-1,Pharmaceuticals,"Shenzhen, CN","Rotterdam, NL",Standard Ground,10.2,1288.59,600,100,0.084,1161.6,0.171,0.23,8.7903,6.0,0.0426,10.2,0.0,0
SHP-12474,Shenzhen Silicon Ltd,Tier-2,Automotive Assemblies,"Chicago, US","Rotterdam, NL",Air Freight,5.2,9907.7,1227,250,0.245,6950.0,0.254,0.217,0.7493,4.908,0.0686,5.2,0.0,0
SHP-12475,Apex Auto Components,Tier-1,Industrial Machinery,"Chicago, US","Dallas, US",Air Freight,7.0,14979.69,1173,250,0.076,8208.9,0.107,0.154,0.8544,4.692,0.0177,7.0,0.0,0
SHP-12476,Bavaria Logistics Parts,Tier-1,Consumer Electronics,"Munich, DE","Frankfurt, DE",Standard Ground,13.0,4837.55,1255,250,0.081,3180.8,0.54,0.301,4.0921,5.02,0.1756,13.0,0.0,0
SHP-12477,Delta Industrial Supplies,Tier-2,Pharmaceuticals,"Munich, DE","Singapore, SG",Ocean Intermodal,31.8,10216.5,1088,2000,0.231,11583.1,0.611,0.835,2.7463,0.544,0.6278,41.1,9.3,1
SHP-12478,Delta Industrial Supplies,Tier-2,Consumer Electronics,"Chicago, US","Singapore, SG",Express Carrier,2.4,2250.59,723,50,0.206,6693.5,0.118,0.448,0.3552,14.46,0.0638,2.4,0.0,0
SHP-12479,Apex Auto Components,Tier-1,Industrial Machinery,"Taipei, TW","Dallas, US",Standard Ground,9.8,8747.07,1055,500,0.012,1723.0,0.2,0.106,5.7095,2.11,0.0215,9.8,0.0,0
SHP-12480,Apex Auto Components,Tier-1,Pharmaceuticals,"Taipei, TW","Rotterdam, NL",Standard Ground,7.2,3788.24,378,250,0.07,2477.2,0.291,0.133,2.9255,1.512,0.0414,7.2,0.0,0
SHP-12481,Apex Auto Components,Tier-1,Consumer Electronics,"Munich, DE","Dallas, US",Standard Ground,8.0,19336.06,1434,1000,0.159,2691.2,0.605,0.294,2.9863,1.434,0.2062,8.0,0.0,0
SHP-12482,Apex Auto Components,Tier-1,Semiconductors & Electronics,"Taipei, TW","Frankfurt, DE",Standard Ground,7.1,3247.3,923,250,0.095,2543.0,0.185,0.335,2.8066,3.692,0.0679,7.1,0.0,0
SHP-12483,Bavaria Logistics Parts,Tier-1,Automotive Assemblies,"Shenzhen, CN","Frankfurt, DE",Ocean Intermodal,31.3,689.37,1254,50,0.021,7776.5,0.566,0.746,4.0307,25.08,0.431,35.6,4.3,1
SHP-12484,FastTrack Assembly Co,Tier-2,Pharmaceuticals,"Busan, KR","Los Angeles, US",Ocean Intermodal,28.3,12852.37,569,2000,0.353,10954.3,0.169,0.257,2.5795,0.2845,0.0587,32.3,4.0,1
SHP-12485,FastTrack Assembly Co,Tier-2,Pharmaceuticals,"Munich, DE","Rotterdam, NL",Standard Ground,11.2,2294.44,1062,250,0.325,1640.8,0.844,0.413,6.8104,4.248,0.4619,14.1,2.9,1
SHP-12486,Nordic Raw Materials,Tier-1,Semiconductors & Electronics,"Munich, DE","Singapore, SG",Ocean Intermodal,34.8,6207.84,1337,500,0.059,9612.4,0.311,0.413,3.6206,2.674,0.136,34.8,0.0,0
SHP-12487,Shenzhen Silicon Ltd,Tier-2,Pharmaceuticals,"Chicago, US","Frankfurt, DE",Standard Ground,12.9,5350.19,120,500,0.236,2296.1,0.18,0.214,5.6048,0.24,0.0476,12.9,0.0,0
SHP-12488,Delta Industrial Supplies,Tier-2,Semiconductors & Electronics,"Busan, KR","Rotterdam, NL",Standard Ground,11.9,1010.62,1274,50,0.203,1588.0,0.262,0.435,7.5081,25.48,0.1371,11.9,0.0,0
SHP-12489,Delta Industrial Supplies,Tier-2,Industrial Machinery,"Chicago, US","Los Angeles, US",Ocean Intermodal,28.9,1871.12,1070,250,0.264,12317.0,0.391,0.422,2.3453,4.28,0.2085,30.8,1.9,1
SHP-12490,GlobalTech Micro,Tier-1,Industrial Machinery,"Tokyo, JP","Rotterdam, NL",Air Freight,7.1,14791.85,290,500,0.151,4715.2,0.156,0.51,1.5107,0.58,0.0916,7.1,0.0,0
SHP-12491,Apex Auto Components,Tier-1,Pharmaceuticals,"Tokyo, JP","Frankfurt, DE",Ocean Intermodal,31.6,467.49,517,50,0.088,13350.5,0.653,0.26,2.3659,10.34,0.1847,35.7,4.1,1
SHP-12492,Apex Auto Components,Tier-1,Industrial Machinery,"Shenzhen, CN","Los Angeles, US",Standard Ground,11.8,1743.15,1034,100,0.058,3248.2,0.38,0.363,3.6178,10.34,0.146,11.8,0.0,0
SHP-12493,Apex Auto Components,Tier-1,Automotive Assemblies,"Busan, KR","Los Angeles, US",Ocean Intermodal,23.6,23239.39,707,2000,0.081,8633.9,0.19,0.206,2.7334,0.3535,0.0423,23.6,0.0,0
SHP-12494,TransPacific Freight,Tier-3,Industrial Machinery,"Tokyo, JP","Los Angeles, US",Standard Ground,9.7,4785.07,203,500,0.367,2759.0,0.093,0.256,3.5246,0.406,0.0325,9.7,0.0,0
SHP-12495,FastTrack Assembly Co,Tier-2,Industrial Machinery,"Munich, DE","Dallas, US",Air Freight,5.3,8717.85,748,250,0.342,11308.0,0.384,0.297,0.465,2.992,0.1531,10.0,4.7,1
SHP-12496,Delta Industrial Supplies,Tier-2,Consumer Electronics,"Taipei, TW","Rotterdam, NL",Ocean Intermodal,18.3,5444.21,360,500,0.183,12761.7,0.498,0.605,1.4339,0.72,0.3563,25.3,7.0,1
SHP-12497,GlobalTech Micro,Tier-1,Semiconductors & Electronics,"Busan, KR","Los Angeles, US",Ocean Intermodal,33.4,9425.43,220,1000,0.136,11474.7,0.339,0.555,2.9112,0.22,0.2137,39.0,5.6,1
SHP-12498,Shenzhen Silicon Ltd,Tier-2,Pharmaceuticals,"Shenzhen, CN","Dallas, US",Air Freight,7.9,13055.91,418,250,0.24,6314.4,0.14,0.535,1.253,1.672,0.0929,7.9,0.0,0
SHP-12499,Delta Industrial Supplies,Tier-2,Automotive Assemblies,"Shenzhen, CN","Frankfurt, DE",Standard Ground,13.5,1977.09,1227,100,0.289,1865.0,0.434,0.13,7.2593,12.27,0.0727,13.5,0.0,0
SHP-12500,Delta Industrial Supplies,Tier-2,Consumer Electronics,"Taipei, TW","Rotterdam, NL",Standard Ground,10.9,1036.79,1020,100,0.226,907.4,0.27,0.716,11.9912,10.2,0.2371,10.9,0.0,0
SHP-12501,Delta Industrial Supplies,Tier-2,Industrial Machinery,"Tokyo, JP","Los Angeles, US",Ocean Intermodal,34.6,1484.23,332,100,0.271,13172.2,0.542,0.392,2.6244,3.32,0.2701,40.6,6.0,1
SHP-12502,Shenzhen Silicon Ltd,Tier-2,Pharmaceuticals,"Shenzhen, CN","Dallas, US",Ocean Intermodal,33.5,2965.7,163,250,0.419,7192.2,0.302,0.447,4.6633,0.652,0.1915,38.2,4.7,1
SHP-12503,Shenzhen Silicon Ltd,Tier-2,Automotive Assemblies,"Munich, DE","Los Angeles, US",Express Carrier,4.7,17455.24,688,250,0.237,7868.7,0.288,0.513,0.6033,2.752,0.1827,8.3,3.6,1
SHP-12504,Bavaria Logistics Parts,Tier-1,Automotive Assemblies,"Tokyo, JP","Singapore, SG",Express Carrier,3.9,3008.11,889,50,0.022,4608.0,0.227,0.067,0.8514,17.78,0.0155,3.9,0.0,0
SHP-12505,GlobalTech Micro,Tier-1,Pharmaceuticals,"Tokyo, JP","Frankfurt, DE",Air Freight,6.0,59058.6,864,2000,0.025,9344.8,0.191,0.357,0.6442,0.432,0.0699,6.0,0.0,0
SHP-12506,Apex Auto Components,Tier-1,Consumer Electronics,"Tokyo, JP","Dallas, US",Air Freight,7.0,15182.07,162,250,0.044,11866.6,0.347,0.457,0.5934,0.648,0.1655,10.7,3.7,1
SHP-12507,TransPacific Freight,Tier-3,Semiconductors & Electronics,"Taipei, TW","Singapore, SG",Standard Ground,7.7,6218.38,834,500,0.38,1229.4,0.418,0.137,6.2576,1.668,0.0791,7.7,0.0,0
SHP-12508,Shenzhen Silicon Ltd,Tier-2,Semiconductors & Electronics,"Shenzhen, CN","Dallas, US",Ocean Intermodal,34.0,2874.94,1362,250,0.269,8378.2,0.389,0.072,4.0567,5.448,0.0355,34.0,0.0,0
SHP-12509,GlobalTech Micro,Tier-1,Consumer Electronics,"Tokyo, JP","Frankfurt, DE",Standard Ground,10.3,1048.39,409,100,0.125,954.1,0.296,0.734,10.8044,4.09,0.2445,10.3,0.0,0
SHP-12510,FastTrack Assembly Co,Tier-2,Pharmaceuticals,"Shenzhen, CN","Frankfurt, DE",Standard Ground,9.8,4368.15,334,250,0.364,2736.0,0.273,0.374,3.5918,1.336,0.1392,9.8,0.0,0
SHP-12511,Shenzhen Silicon Ltd,Tier-2,Consumer Electronics,"Taipei, TW","Rotterdam, NL",Standard Ground,12.6,1312.74,580,100,0.248,1860.2,0.518,0.132,6.773,5.8,0.0853,12.6,0.0,0
SHP-12512,Bavaria Logistics Parts,Tier-1,Consumer Electronics,"Busan, KR","Rotterdam, NL",Air Freight,5.2,25711.79,278,500,0.071,7373.0,0.384,0.37,0.6992,0.556,0.1522,5.2,0.0,0
SHP-12513,Shenzhen Silicon Ltd,Tier-2,Semiconductors & Electronics,"Munich, DE","Los Angeles, US",Ocean Intermodal,25.9,773.5,488,50,0.282,11536.9,0.325,0.544,2.2446,9.76,0.2266,32.4,6.5,1
SHP-12514,TransPacific Freight,Tier-3,Consumer Electronics,"Busan, KR","Los Angeles, US",Air Freight,7.3,15066.04,702,250,0.471,5048.8,0.202,0.142,1.4515,2.808,0.0422,7.3,0.0,0
SHP-12515,TransPacific Freight,Tier-3,Semiconductors & Electronics,"Busan, KR","Rotterdam, NL",Standard Ground,7.2,2921.38,124,250,0.464,3159.7,0.222,0.081,2.2943,0.496,0.0263,7.2,0.0,0
SHP-12516,FastTrack Assembly Co,Tier-2,Semiconductors & Electronics,"Taipei, TW","Singapore, SG",Standard Ground,11.4,1338.39,1247,100,0.362,2330.1,0.082,0.292,4.9069,12.47,0.0326,11.4,0.0,0
SHP-12517,Bavaria Logistics Parts,Tier-1,Semiconductors & Electronics,"Shenzhen, CN","Rotterdam, NL",Standard Ground,8.2,4290.14,539,250,0.06,1758.5,0.156,0.131,4.6613,2.156,0.0217,8.2,0.0,0
SHP-12518,Apex Auto Components,Tier-1,Industrial Machinery,"Munich, DE","Frankfurt, DE",Standard Ground,6.4,750.35,646,50,0.082,1811.6,0.36,0.162,3.5454,12.92,0.0631,6.4,0.0,0
SHP-12519,FastTrack Assembly Co,Tier-2,Semiconductors & Electronics,"Shenzhen, CN","Los Angeles, US",Air Freight,5.2,29762.7,1231,500,0.308,9438.4,0.37,0.446,0.5461,2.462,0.2158,11.4,6.2,1
SHP-12520,Shenzhen Silicon Ltd,Tier-2,Consumer Electronics,"Munich, DE","Rotterdam, NL",Express Carrier,3.1,24307.72,284,500,0.262,7752.4,0.543,0.936,0.4026,0.568,0.6412,12.2,9.1,1
SHP-12521,Bavaria Logistics Parts,Tier-1,Pharmaceuticals,"Chicago, US","Singapore, SG",Ocean Intermodal,18.4,746.65,275,50,0.134,9675.9,0.521,0.348,1.8981,5.5,0.2057,18.4,0.0,0
SHP-12522,FastTrack Assembly Co,Tier-2,Semiconductors & Electronics,"Busan, KR","Rotterdam, NL",Standard Ground,10.6,10530.22,846,1000,0.226,1818.9,0.215,0.253,5.8315,0.846,0.0667,10.6,0.0,0
SHP-12523,Apex Auto Components,Tier-1,Pharmaceuticals,"Chicago, US","Rotterdam, NL",Express Carrier,4.7,2251.31,823,50,0.123,5559.7,0.276,0.301,0.842,16.46,0.0933,4.7,0.0,0
SHP-12524,Nordic Raw Materials,Tier-1,Pharmaceuticals,"Chicago, US","Frankfurt, DE",Ocean Intermodal,21.7,1701.77,986,250,0.073,7010.6,0.296,0.685,3.0978,3.944,0.2176,21.7,0.0,0
SHP-12525,Shenzhen Silicon Ltd,Tier-2,Industrial Machinery,"Munich, DE","Los Angeles, US",Air Freight,5.8,12795.17,522,250,0.288,11903.0,0.543,0.205,0.4858,2.088,0.1433,12.4,6.6,1
SHP-12526,Shenzhen Silicon Ltd,Tier-2,Pharmaceuticals,"Busan, KR","Rotterdam, NL",Ocean Intermodal,20.9,5254.34,974,500,0.257,11738.7,0.395,0.65,1.7781,1.948,0.3226,25.1,4.2,1
SHP-12527,FastTrack Assembly Co,Tier-2,Semiconductors & Electronics,"Munich, DE","Dallas, US",Standard Ground,6.3,969.95,881,50,0.358,723.7,0.336,0.353,8.7169,17.62,0.1611,6.3,0.0,0
SHP-12528,Apex Auto Components,Tier-1,Industrial Machinery,"Chicago, US","Singapore, SG",Ocean Intermodal,19.8,361.04,124,50,0.07,11364.4,0.689,0.099,1.7423,2.48,0.073,19.8,0.0,0
SHP-12529,GlobalTech Micro,Tier-1,Automotive Assemblies,"Taipei, TW","Los Angeles, US",Air Freight,4.6,4490.18,1275,100,0.096,7335.9,0.341,0.193,0.6316,12.75,0.0721,4.6,0.0,0
SHP-12530,GlobalTech Micro,Tier-1,Industrial Machinery,"Taipei, TW","Los Angeles, US",Standard Ground,11.4,8641.76,1177,500,0.093,727.7,0.189,0.375,15.6915,2.354,0.0775,11.4,0.0,0
SHP-12531,Delta Industrial Supplies,Tier-2,Automotive Assemblies,"Shenzhen, CN","Frankfurt, DE",Express Carrier,3.5,14816.31,942,250,0.145,2047.6,0.25,0.489,1.7187,3.768,0.1399,3.5,0.0,0
SHP-12532,FastTrack Assembly Co,Tier-2,Automotive Assemblies,"Busan, KR","Rotterdam, NL",Standard Ground,6.7,10102.53,919,1000,0.32,2121.8,0.489,0.593,3.1646,0.919,0.3827,10.4,3.7,1
SHP-12533,TransPacific Freight,Tier-3,Automotive Assemblies,"Busan, KR","Frankfurt, DE",Standard Ground,8.9,2123.26,922,100,0.419,1105.7,0.355,0.627,8.0062,9.22,0.316,12.5,3.6,1
SHP-12534,FastTrack Assembly Co,Tier-2,Semiconductors & Electronics,"Tokyo, JP","Singapore, SG",Standard Ground,7.6,25496.74,519,2000,0.293,3160.1,0.151,0.553,2.4006,0.2595,0.108,13.5,5.9,1
SHP-12535,Delta Industrial Supplies,Tier-2,Semiconductors & Electronics,"Taipei, TW","Singapore, SG",Standard Ground,13.1,4553.12,69,250,0.247,2420.7,0.483,0.905,5.3988,0.276,0.545,21.4,8.3,1
SHP-12536,TransPacific Freight,Tier-3,Consumer Electronics,"Munich, DE","Frankfurt, DE",Air Freight,7.2,24944.34,1221,500,0.455,6763.1,0.18,0.572,1.0691,2.442,0.1498,13.3,6.1,1
SHP-12537,Nordic Raw Materials,Tier-1,Consumer Electronics,"Chicago, US","Singapore, SG",Air Freight,4.0,11676.69,1490,250,0.119,10908.3,0.205,0.309,0.3641,5.96,0.0709,4.0,0.0,0
SHP-12538,Delta Industrial Supplies,Tier-2,Industrial Machinery,"Shenzhen, CN","Dallas, US",Standard Ground,13.0,4310.76,918,250,0.189,1553.3,0.428,0.233,8.3555,3.672,0.1185,13.0,0.0,0
SHP-12539,GlobalTech Micro,Tier-1,Pharmaceuticals,"Shenzhen, CN","Rotterdam, NL",Air Freight,7.7,3152.92,553,100,0.157,8042.3,0.237,0.527,0.9581,5.53,0.1445,7.7,0.0,0
SHP-12540,TransPacific Freight,Tier-3,Automotive Assemblies,"Taipei, TW","Singapore, SG",Express Carrier,4.2,17980.22,414,250,0.423,4066.2,0.599,0.5,1.042,1.656,0.4263,9.4,5.2,1
SHP-12541,Nordic Raw Materials,Tier-1,Consumer Electronics,"Chicago, US","Frankfurt, DE",Standard Ground,9.7,7115.48,55,500,0.107,514.7,0.189,0.085,18.8299,0.11,0.0178,9.7,0.0,0
SHP-12542,Nordic Raw Materials,Tier-1,Pharmaceuticals,"Munich, DE","Frankfurt, DE",Air Freight,5.8,7790.79,795,250,0.095,10735.8,0.139,0.659,0.5376,3.18,0.1003,5.8,0.0,0
SHP-12543,Bavaria Logistics Parts,Tier-1,Consumer Electronics,"Chicago, US","Rotterdam, NL",Standard Ground,7.7,4287.8,840,250,0.01,2767.3,0.629,0.467,2.7669,3.36,0.2967,7.7,0.0,0
SHP-12544,Delta Industrial Supplies,Tier-2,Semiconductors & Electronics,"Taipei, TW","Los Angeles, US",Air Freight,3.2,14308.09,808,250,0.212,5512.3,0.305,0.706,0.5745,3.232,0.2611,6.4,3.2,1
SHP-12545,Bavaria Logistics Parts,Tier-1,Industrial Machinery,"Munich, DE","Dallas, US",Air Freight,4.1,13446.18,666,250,0.01,6118.8,0.222,0.156,0.6624,2.664,0.035,4.1,0.0,0
SHP-12546,Nordic Raw Materials,Tier-1,Consumer Electronics,"Taipei, TW","Singapore, SG",Standard Ground,6.5,3019.82,644,250,0.107,1295.8,0.27,0.289,5.0386,2.576,0.0864,6.5,0.0,0
SHP-12547,Shenzhen Silicon Ltd,Tier-2,Consumer Electronics,"Munich, DE","Frankfurt, DE",Air Freight,7.8,3309.26,631,100,0.301,4265.1,0.273,0.188,1.839,6.31,0.0667,7.8,0.0,0
SHP-12548,Delta Industrial Supplies,Tier-2,Semiconductors & Electronics,"Tokyo, JP","Los Angeles, US",Air Freight,4.3,12265.46,1414,250,0.276,9605.5,0.14,0.525,0.4521,5.656,0.0938,6.5,2.2,1
SHP-12549,Shenzhen Silicon Ltd,Tier-2,Automotive Assemblies,"Tokyo, JP","Los Angeles, US",Express Carrier,3.8,2661.78,76,50,0.327,6371.5,0.071,0.615,0.5911,1.52,0.058,8.4,4.6,1
SHP-12550,GlobalTech Micro,Tier-1,Automotive Assemblies,"Chicago, US","Frankfurt, DE",Standard Ground,9.9,16406.21,1475,2000,0.171,1446.3,0.415,0.418,6.8675,0.7375,0.2031,9.9,0.0,0
SHP-12551,Nordic Raw Materials,Tier-1,Automotive Assemblies,"Busan, KR","Los Angeles, US",Air Freight,5.8,10403.94,935,250,0.061,4910.2,0.404,0.444,1.175,3.74,0.1903,5.8,0.0,0
SHP-12552,Nordic Raw Materials,Tier-1,Automotive Assemblies,"Shenzhen, CN","Dallas, US",Express Carrier,4.2,43013.38,1480,1000,0.081,2908.0,0.274,0.164,1.437,1.48,0.0486,4.2,0.0,0
SHP-12553,GlobalTech Micro,Tier-1,Pharmaceuticals,"Munich, DE","Rotterdam, NL",Standard Ground,7.9,9934.13,1290,500,0.12,2514.7,0.147,0.28,3.1502,2.58,0.0461,7.9,0.0,0
SHP-12554,Bavaria Logistics Parts,Tier-1,Semiconductors & Electronics,"Chicago, US","Rotterdam, NL",Ocean Intermodal,29.7,4809.11,963,500,0.01,13468.2,0.562,0.534,2.2089,1.926,0.3031,33.0,3.3,1
SHP-12555,Delta Industrial Supplies,Tier-2,Industrial Machinery,"Shenzhen, CN","Singapore, SG",Ocean Intermodal,24.4,2677.9,83,250,0.197,12907.5,0.315,0.336,1.894,0.332,0.1267,27.9,3.5,1
SHP-12556,Shenzhen Silicon Ltd,Tier-2,Semiconductors & Electronics,"Shenzhen, CN","Los Angeles, US",Air Freight,5.0,3687.48,646,100,0.314,4965.8,0.549,0.32,1.0072,6.46,0.2309,5.0,0.0,0
SHP-12557,Delta Industrial Supplies,Tier-2,Semiconductors & Electronics,"Shenzhen, CN","Dallas, US",Standard Ground,10.0,4811.09,260,250,0.264,2890.4,0.093,0.666,3.4647,1.04,0.0783,10.0,0.0,0
SHP-12558,Delta Industrial Supplies,Tier-2,Pharmaceuticals,"Busan, KR","Singapore, SG",Standard Ground,7.5,18427.94,175,1000,0.165,2388.9,0.297,0.471,3.1505,0.175,0.163,7.5,0.0,0
SHP-12559,GlobalTech Micro,Tier-1,Pharmaceuticals,"Busan, KR","Singapore, SG",Ocean Intermodal,18.9,2068.15,1116,250,0.205,8958.0,0.092,0.305,2.1127,4.464,0.0338,18.9,0.0,0
SHP-12560,FastTrack Assembly Co,Tier-2,Industrial Machinery,"Taipei, TW","Singapore, SG",Ocean Intermodal,23.5,883.12,74,100,0.332,13055.4,0.29,0.557,1.8024,0.74,0.2151,32.4,8.9,1
SHP-12561,FastTrack Assembly Co,Tier-2,Consumer Electronics,"Shenzhen, CN","Singapore, SG",Standard Ground,5.3,3372.61,1212,250,0.299,2007.7,0.097,0.397,2.6575,4.848,0.05,5.3,0.0,0
SHP-12562,Apex Auto Components,Tier-1,Semiconductors & Electronics,"Taipei, TW","Singapore, SG",Ocean Intermodal,28.1,1249.38,51,100,0.07,10148.5,0.151,0.863,2.7738,0.51,0.1394,34.6,6.5,1
SHP-12563,Apex Auto Components,Tier-1,Industrial Machinery,"Taipei, TW","Frankfurt, DE",Standard Ground,9.8,3447.69,1175,250,0.137,2213.4,0.143,0.383,4.4419,4.7,0.0622,9.8,0.0,0
SHP-12564,Nordic Raw Materials,Tier-1,Consumer Electronics,"Tokyo, JP","Singapore, SG",Ocean Intermodal,21.4,1708.01,1218,250,0.126,10747.4,0.154,0.563,1.9878,4.872,0.0977,21.4,0.0,0
SHP-12565,FastTrack Assembly Co,Tier-2,Automotive Assemblies,"Shenzhen, CN","Dallas, US",Air Freight,4.4,28089.71,554,1000,0.295,11286.4,0.266,0.563,0.3921,0.554,0.194,11.1,6.7,1
SHP-12566,Shenzhen Silicon Ltd,Tier-2,Automotive Assemblies,"Munich, DE","Los Angeles, US",Standard Ground,10.9,3242.11,1141,250,0.25,656.7,0.377,0.637,16.565,4.564,0.3001,10.9,0.0,0
SHP-12567,Bavaria Logistics Parts,Tier-1,Automotive Assemblies,"Shenzhen, CN","Singapore, SG",Air Freight,4.0,16682.99,428,500,0.012,7519.2,0.323,0.655,0.5266,0.856,0.2141,8.9,4.9,1
SHP-12568,Delta Industrial Supplies,Tier-2,Pharmaceuticals,"Chicago, US","Los Angeles, US",Standard Ground,10.6,5102.81,1445,500,0.239,2003.4,0.369,0.141,5.2809,2.89,0.0644,10.6,0.0,0
SHP-12569,FastTrack Assembly Co,Tier-2,Automotive Assemblies,"Shenzhen, CN","Singapore, SG",Air Freight,7.2,23362.22,887,500,0.343,8444.2,0.149,0.18,0.8495,1.774,0.036,7.2,0.0,0
SHP-12570,FastTrack Assembly Co,Tier-2,Semiconductors & Electronics,"Chicago, US","Los Angeles, US",Standard Ground,9.4,4539.31,1058,250,0.35,3309.3,0.401,0.791,2.8445,4.232,0.4282,15.2,5.8,1
SHP-12571,Apex Auto Components,Tier-1,Pharmaceuticals,"Taipei, TW","Frankfurt, DE",Standard Ground,6.7,1187.01,108,100,0.124,2270.7,0.049,0.655,2.9481,1.08,0.0361,6.7,0.0,0
SHP-12572,GlobalTech Micro,Tier-1,Pharmaceuticals,"Chicago, US","Dallas, US",Standard Ground,12.1,2066.32,110,100,0.127,2936.4,0.152,0.287,4.13,1.1,0.0491,12.1,0.0,0
SHP-12573,FastTrack Assembly Co,Tier-2,Industrial Machinery,"Munich, DE","Los Angeles, US",Air Freight,7.8,2972.1,878,100,0.329,7850.7,0.325,0.505,0.9986,8.78,0.2181,12.5,4.7,1
SHP-12574,Bavaria Logistics Parts,Tier-1,Industrial Machinery,"Chicago, US","Singapore, SG",Ocean Intermodal,21.2,582.32,973,100,0.046,7626.6,0.132,0.328,2.7825,9.73,0.0453,21.2,0.0,0
SHP-12575,Apex Auto Components,Tier-1,Semiconductors & Electronics,"Tokyo, JP","Frankfurt, DE",Standard Ground,5.3,3385.99,193,250,0.093,1139.1,0.467,0.503,4.6688,0.772,0.2568,5.3,0.0,0
SHP-12576,Bavaria Logistics Parts,Tier-1,Semiconductors & Electronics,"Chicago, US","Frankfurt, DE",Ocean Intermodal,22.7,9297.73,945,1000,0.07,8883.9,0.295,0.116,2.5565,0.945,0.0366,22.7,0.0,0
SHP-12577,Nordic Raw Materials,Tier-1,Industrial Machinery,"Shenzhen, CN","Frankfurt, DE",Standard Ground,11.0,4946.99,1033,500,0.064,832.4,0.342,0.373,13.1828,2.066,0.1357,11.0,0.0,0
SHP-12578,Delta Industrial Supplies,Tier-2,Industrial Machinery,"Shenzhen, CN","Rotterdam, NL",Standard Ground,6.2,18213.14,671,1000,0.243,1681.6,0.535,0.607,3.7012,0.671,0.4038,11.1,4.9,1
SHP-12579,Shenzhen Silicon Ltd,Tier-2,Pharmaceuticals,"Tokyo, JP","Los Angeles, US",Express Carrier,2.7,14169.32,590,250,0.321,7518.1,0.405,0.69,0.3648,2.36,0.3692,9.9,7.2,1
SHP-12580,Apex Auto Components,Tier-1,Automotive Assemblies,"Shenzhen, CN","Frankfurt, DE",Air Freight,3.5,14471.48,1112,250,0.097,6455.0,0.49,0.316,0.5393,4.448,0.1699,3.5,0.0,0
SHP-12581,Delta Industrial Supplies,Tier-2,Semiconductors & Electronics,"Chicago, US","Frankfurt, DE",Standard Ground,7.5,2039.86,1493,100,0.228,1527.3,0.231,0.21,4.9265,14.93,0.0596,7.5,0.0,0
SHP-12582,GlobalTech Micro,Tier-1,Semiconductors & Electronics,"Chicago, US","Frankfurt, DE",Express Carrier,3.5,6674.0,762,100,0.105,3580.8,0.378,0.15,0.9648,7.62,0.0626,3.5,0.0,0
SHP-12583,Shenzhen Silicon Ltd,Tier-2,Pharmaceuticals,"Munich, DE","Dallas, US",Ocean Intermodal,30.4,12044.7,218,1000,0.322,7594.7,0.211,0.293,3.9973,0.218,0.0817,34.3,3.9,1
SHP-12584,FastTrack Assembly Co,Tier-2,Industrial Machinery,"Shenzhen, CN","Dallas, US",Standard Ground,13.1,1133.14,1374,50,0.266,1006.0,0.081,0.522,13.0382,27.48,0.0535,13.1,0.0,0
SHP-12585,Shenzhen Silicon Ltd,Tier-2,Pharmaceuticals,"Chicago, US","Frankfurt, DE",Air Freight,6.0,1495.15,592,50,0.255,5267.0,0.198,0.664,1.1458,11.84,0.1651,6.0,0.0,0
SHP-12586,Bavaria Logistics Parts,Tier-1,Pharmaceuticals,"Shenzhen, CN","Rotterdam, NL",Standard Ground,11.1,4366.89,1143,250,0.04,1132.0,0.143,0.08,9.8191,4.572,0.0119,11.1,0.0,0
SHP-12587,TransPacific Freight,Tier-3,Semiconductors & Electronics,"Munich, DE","Frankfurt, DE",Ocean Intermodal,22.5,3017.73,635,250,0.429,7951.9,0.159,0.593,2.8357,2.54,0.1347,27.5,5.0,1
SHP-12588,FastTrack Assembly Co,Tier-2,Pharmaceuticals,"Munich, DE","Frankfurt, DE",Express Carrier,4.5,36783.13,529,1000,0.322,5764.2,0.521,0.655,0.7859,0.529,0.4513,13.1,8.6,1
SHP-12589,Bavaria Logistics Parts,Tier-1,Industrial Machinery,"Taipei, TW","Frankfurt, DE",Air Freight,4.5,20067.02,1011,500,0.035,4073.1,0.586,0.317,1.0998,2.022,0.1923,4.5,0.0,0
SHP-12590,Apex Auto Components,Tier-1,Consumer Electronics,"Tokyo, JP","Singapore, SG",Air Freight,6.9,8212.91,84,250,0.094,10438.5,0.438,0.326,0.6642,0.336,0.1562,11.4,4.5,1
SHP-12591,Apex Auto Components,Tier-1,Pharmaceuticals,"Chicago, US","Singapore, SG",Ocean Intermodal,33.2,2790.86,185,250,0.066,8565.0,0.168,0.22,3.8711,0.74,0.0394,33.2,0.0,0
SHP-12592,FastTrack Assembly Co,Tier-2,Automotive Assemblies,"Munich, DE","Dallas, US",Air Freight,3.8,10567.73,1188,250,0.332,5461.6,0.471,0.141,0.695,4.752,0.0885,3.8,0.0,0
SHP-12593,TransPacific Freight,Tier-3,Pharmaceuticals,"Tokyo, JP","Rotterdam, NL",Air Freight,5.6,27574.01,1414,500,0.414,11646.3,0.205,0.845,0.4826,2.828,0.2449,14.5,8.9,1
SHP-12594,Delta Industrial Supplies,Tier-2,Consumer Electronics,"Chicago, US","Frankfurt, DE",Air Freight,5.9,11933.41,861,250,0.248,10693.4,0.307,0.627,0.5475,3.444,0.2403,10.0,4.1,1
SHP-12595,Delta Industrial Supplies,Tier-2,Industrial Machinery,"Busan, KR","Frankfurt, DE",Air Freight,7.4,10730.68,1217,250,0.262,9855.5,0.272,0.871,0.7498,4.868,0.299,15.0,7.6,1
SHP-12596,Apex Auto Components,Tier-1,Automotive Assemblies,"Busan, KR","Rotterdam, NL",Standard Ground,11.7,15067.18,1225,1000,0.048,3082.7,0.449,0.755,3.7923,1.225,0.3551,14.8,3.1,1
SHP-12597,GlobalTech Micro,Tier-1,Semiconductors & Electronics,"Taipei, TW","Frankfurt, DE",Air Freight,5.5,8137.29,1075,250,0.063,11542.6,0.307,0.786,0.4734,4.3,0.2566,9.5,4.0,1
SHP-12598,Bavaria Logistics Parts,Tier-1,Pharmaceuticals,"Chicago, US","Los Angeles, US",Express Carrier,2.5,18159.24,851,250,0.067,3747.3,0.345,0.618,0.666,3.404,0.2274,2.5,0.0,0
SHP-12599,Nordic Raw Materials,Tier-1,Consumer Electronics,"Tokyo, JP","Los Angeles, US",Ocean Intermodal,23.4,2931.54,442,250,0.061,9418.0,0.583,0.471,2.4801,1.768,0.2914,28.9,5.5,1
SHP-12600,FastTrack Assembly Co,Tier-2,Automotive Assemblies,"Busan, KR","Singapore, SG",Air Freight,3.3,9673.78,1051,250,0.293,7238.4,0.356,0.933,0.4617,4.204,0.4296,10.1,6.8,1
SHP-12601,Apex Auto Components,Tier-1,Semiconductors & Electronics,"Tokyo, JP","Rotterdam, NL",Air Freight,3.0,29275.46,1236,500,0.063,4379.6,0.741,0.484,0.6925,2.472,0.3814,3.0,0.0,0
SHP-12602,GlobalTech Micro,Tier-1,Automotive Assemblies,"Shenzhen, CN","Frankfurt, DE",Air Freight,4.5,27225.87,1471,500,0.135,11713.1,0.46,0.213,0.3838,2.942,0.1113,4.5,0.0,0
SHP-12603,Shenzhen Silicon Ltd,Tier-2,Semiconductors & Electronics,"Munich, DE","Dallas, US",Standard Ground,7.6,4598.01,693,250,0.26,2570.2,0.169,0.274,2.9658,2.772,0.0583,7.6,0.0,0
SHP-12604,Shenzhen Silicon Ltd,Tier-2,Automotive Assemblies,"Munich, DE","Los Angeles, US",Ocean Intermodal,24.5,7233.57,1092,1000,0.303,8095.3,0.23,0.273,3.0298,1.092,0.0818,28.9,4.4,1
SHP-12605,FastTrack Assembly Co,Tier-2,Automotive Assemblies,"Shenzhen, CN","Singapore, SG",Air Freight,4.8,11885.66,970,250,0.277,5664.6,0.289,0.673,0.8506,3.88,0.2484,8.6,3.8,1
SHP-12606,Nordic Raw Materials,Tier-1,Industrial Machinery,"Shenzhen, CN","Frankfurt, DE",Ocean Intermodal,18.1,4948.85,180,500,0.117,10480.7,0.284,0.36,1.7236,0.36,0.1142,21.7,3.6,1
SHP-12607,GlobalTech Micro,Tier-1,Semiconductors & Electronics,"Busan, KR","Rotterdam, NL",Ocean Intermodal,22.7,3136.73,1077,250,0.1,9824.6,0.293,0.199,2.3132,4.308,0.0641,22.7,0.0,0
SHP-12608,Bavaria Logistics Parts,Tier-1,Industrial Machinery,"Munich, DE","Singapore, SG",Express Carrier,3.6,60352.31,840,1000,0.041,5665.0,0.165,0.552,0.6348,0.84,0.0948,3.6,0.0,0
SHP-12609,TransPacific Freight,Tier-3,Semiconductors & Electronics,"Busan, KR","Dallas, US",Ocean Intermodal,20.9,692.23,295,100,0.418,10716.6,0.203,0.712,1.954,2.95,0.2049,27.3,6.4,1
SHP-12610,Shenzhen Silicon Ltd,Tier-2,Consumer Electronics,"Busan, KR","Los Angeles, US",Ocean Intermodal,20.8,5950.18,396,500,0.239,10859.4,0.153,0.401,1.9163,0.792,0.076,27.0,6.2,1
SHP-12611,FastTrack Assembly Co,Tier-2,Consumer Electronics,"Taipei, TW","Rotterdam, NL",Standard Ground,6.1,1362.02,1197,100,0.337,711.0,0.089,0.35,8.6117,11.97,0.0416,6.1,0.0,0
SHP-12612,Shenzhen Silicon Ltd,Tier-2,Semiconductors & Electronics,"Busan, KR","Rotterdam, NL",Express Carrier,3.0,11115.23,592,250,0.28,7195.8,0.132,0.504,0.413,2.368,0.0851,3.0,0.0,0
SHP-12613,Apex Auto Components,Tier-1,Pharmaceuticals,"Shenzhen, CN","Rotterdam, NL",Ocean Intermodal,20.2,1270.14,62,100,0.116,12400.9,0.769,0.538,1.6328,0.62,0.4618,28.4,8.2,1
SHP-12614,Delta Industrial Supplies,Tier-2,Automotive Assemblies,"Busan, KR","Los Angeles, US",Express Carrier,3.7,2614.89,702,50,0.241,3274.1,0.102,0.753,1.1177,14.04,0.0953,3.7,0.0,0
SHP-12615,GlobalTech Micro,Tier-1,Semiconductors & Electronics,"Chicago, US","Frankfurt, DE",Standard Ground,13.8,1260.91,942,100,0.08,1009.9,0.295,0.233,13.6295,9.42,0.0742,13.8,0.0,0
SHP-12616,GlobalTech Micro,Tier-1,Consumer Electronics,"Tokyo, JP","Rotterdam, NL",Ocean Intermodal,19.8,1163.22,267,100,0.101,10342.4,0.27,0.466,1.9185,2.67,0.1386,19.8,0.0,0
SHP-12617,Nordic Raw Materials,Tier-1,Pharmaceuticals,"Tokyo, JP","Los Angeles, US",Standard Ground,7.1,5197.69,740,500,0.083,2563.0,0.226,0.589,2.7631,1.48,0.1442,7.1,0.0,0
SHP-12618,Shenzhen Silicon Ltd,Tier-2,Industrial Machinery,"Shenzhen, CN","Rotterdam, NL",Standard Ground,12.8,8668.46,306,500,0.276,2450.4,0.423,0.445,5.2268,0.612,0.2403,14.1,1.3,1
SHP-12619,Apex Auto Components,Tier-1,Automotive Assemblies,"Chicago, US","Frankfurt, DE",Air Freight,6.5,29516.49,647,500,0.077,11058.8,0.317,0.514,0.5856,1.294,0.1755,10.2,3.7,1
SHP-12620,Nordic Raw Materials,Tier-1,Semiconductors & Electronics,"Shenzhen, CN","Los Angeles, US",Ocean Intermodal,26.0,784.6,934,100,0.128,10492.8,0.325,0.082,2.4803,9.34,0.0301,26.0,0.0,0
SHP-12621,FastTrack Assembly Co,Tier-2,Pharmaceuticals,"Shenzhen, CN","Frankfurt, DE",Ocean Intermodal,26.2,3174.03,317,250,0.307,12059.8,0.457,0.166,2.1741,1.268,0.0992,32.0,5.8,1
SHP-12622,GlobalTech Micro,Tier-1,Pharmaceuticals,"Munich, DE","Frankfurt, DE",Standard Ground,7.9,3015.3,209,250,0.076,3429.2,0.41,0.465,2.2919,0.836,0.2051,7.9,0.0,0
SHP-12623,FastTrack Assembly Co,Tier-2,Semiconductors & Electronics,"Munich, DE","Singapore, SG",Standard Ground,13.5,1722.53,72,100,0.275,2351.0,0.381,0.547,5.7357,0.72,0.2657,16.1,2.6,1
SHP-12624,Bavaria Logistics Parts,Tier-1,Consumer Electronics,"Tokyo, JP","Dallas, US",Standard Ground,11.4,4308.98,1248,250,0.038,3460.1,0.169,0.267,3.3031,4.992,0.0468,11.4,0.0,0
SHP-12625,Bavaria Logistics Parts,Tier-1,Consumer Electronics,"Taipei, TW","Frankfurt, DE",Express Carrier,2.4,5366.3,887,100,0.093,5440.0,0.516,0.597,0.4352,8.87,0.3366,2.4,0.0,0
SHP-12626,GlobalTech Micro,Tier-1,Automotive Assemblies,"Busan, KR","Rotterdam, NL",Standard Ground,8.6,1983.74,889,100,0.122,2255.4,0.471,0.234,3.8287,8.89,0.1236,8.6,0.0,0
SHP-12627,Shenzhen Silicon Ltd,Tier-2,Industrial Machinery,"Munich, DE","Rotterdam, NL",Express Carrier,2.2,4724.07,310,100,0.245,2388.9,0.087,0.324,0.9072,3.1,0.0351,2.2,0.0,0
SHP-12628,Nordic Raw Materials,Tier-1,Pharmaceuticals,"Chicago, US","Dallas, US",Standard Ground,10.3,2077.3,1015,100,0.123,2104.5,0.16,0.544,4.9007,10.15,0.0977,10.3,0.0,0
SHP-12629,FastTrack Assembly Co,Tier-2,Semiconductors & Electronics,"Munich, DE","Dallas, US",Standard Ground,7.7,1561.64,462,100,0.269,2854.1,0.331,0.297,2.7111,4.62,0.1248,7.7,0.0,0
SHP-12630,Shenzhen Silicon Ltd,Tier-2,Industrial Machinery,"Shenzhen, CN","Dallas, US",Standard Ground,6.5,6515.24,458,500,0.262,1124.0,0.471,0.11,5.7847,0.916,0.0654,6.5,0.0,0
SHP-12631,TransPacific Freight,Tier-3,Consumer Electronics,"Taipei, TW","Singapore, SG",Standard Ground,13.8,1879.44,669,100,0.448,1344.2,0.495,0.379,10.29,6.69,0.2716,13.8,0.0,0
SHP-12632,Bavaria Logistics Parts,Tier-1,Semiconductors & Electronics,"Munich, DE","Dallas, US",Standard Ground,8.6,13919.25,847,1000,0.012,3163.6,0.348,0.468,2.73,0.847,0.1649,8.6,0.0,0
SHP-12633,Apex Auto Components,Tier-1,Consumer Electronics,"Munich, DE","Dallas, US",Air Freight,4.9,23191.77,916,500,0.101,11318.8,0.133,0.613,0.4331,1.832,0.0897,9.5,4.6,1
SHP-12634,TransPacific Freight,Tier-3,Semiconductors & Electronics,"Taipei, TW","Dallas, US",Standard Ground,13.8,1012.11,972,50,0.508,2182.8,0.134,0.115,6.3128,19.44,0.0232,13.8,0.0,0
SHP-12635,TransPacific Freight,Tier-3,Semiconductors & Electronics,"Chicago, US","Singapore, SG",Air Freight,5.0,28553.06,402,500,0.431,7431.5,0.717,0.749,0.6722,0.804,0.7687,13.3,8.3,1
SHP-12636,Nordic Raw Materials,Tier-1,Semiconductors & Electronics,"Taipei, TW","Singapore, SG",Express Carrier,4.1,82557.61,1494,2000,0.144,5471.1,0.6,0.915,0.7505,0.747,0.6279,9.0,4.9,1
SHP-12637,Delta Industrial Supplies,Tier-2,Semiconductors & Electronics,"Shenzhen, CN","Frankfurt, DE",Ocean Intermodal,30.9,2046.59,562,250,0.282,10324.8,0.447,0.322,2.9971,2.248,0.1845,33.7,2.8,1
SHP-12638,FastTrack Assembly Co,Tier-2,Consumer Electronics,"Busan, KR","Singapore, SG",Air Freight,3.3,33481.64,550,1000,0.38,7910.3,0.434,0.477,0.4217,0.55,0.2857,9.5,6.2,1
SHP-12639,TransPacific Freight,Tier-3,Consumer Electronics,"Busan, KR","Frankfurt, DE",Standard Ground,8.6,3460.0,596,250,0.413,2080.9,0.304,0.628,4.1386,2.384,0.2699,12.6,4.0,1
SHP-12640,Nordic Raw Materials,Tier-1,Industrial Machinery,"Munich, DE","Singapore, SG",Air Freight,7.7,4200.81,292,100,0.104,4672.3,0.082,0.52,1.6539,2.92,0.0471,7.7,0.0,0
SHP-12641,Nordic Raw Materials,Tier-1,Automotive Assemblies,"Tokyo, JP","Dallas, US",Air Freight,5.4,8330.71,263,250,0.096,5588.2,0.153,0.696,0.9613,1.052,0.1167,5.4,0.0,0
SHP-12642,Apex Auto Components,Tier-1,Pharmaceuticals,"Munich, DE","Dallas, US",Standard Ground,10.4,11470.75,1468,1000,0.115,1482.8,0.313,0.153,6.9906,1.468,0.0534,10.4,0.0,0
SHP-12643,FastTrack Assembly Co,Tier-2,Automotive Assemblies,"Chicago, US","Rotterdam, NL",Ocean Intermodal,26.6,1092.44,584,100,0.296,9981.0,0.297,0.493,2.6613,5.84,0.1898,32.8,6.2,1
SHP-12644,TransPacific Freight,Tier-3,Semiconductors & Electronics,"Taipei, TW","Los Angeles, US",Air Freight,5.0,9915.96,1344,250,0.422,5954.8,0.236,0.564,0.8332,5.376,0.1892,9.0,4.0,1
SHP-12645,GlobalTech Micro,Tier-1,Pharmaceuticals,"Munich, DE","Rotterdam, NL",Standard Ground,6.1,10128.38,926,500,0.172,2845.4,0.281,0.226,2.1465,1.852,0.0745,6.1,0.0,0
SHP-12646,FastTrack Assembly Co,Tier-2,Semiconductors & Electronics,"Munich, DE","Rotterdam, NL",Ocean Intermodal,27.0,2646.59,959,250,0.298,13640.7,0.37,0.544,1.9795,3.836,0.2613,32.3,5.3,1
SHP-12647,TransPacific Freight,Tier-3,Industrial Machinery,"Busan, KR","Rotterdam, NL",Standard Ground,10.7,1120.39,406,50,0.445,2261.0,0.243,0.052,4.7403,8.12,0.0183,10.7,0.0,0
SHP-12648,Bavaria Logistics Parts,Tier-1,Consumer Electronics,"Munich, DE","Dallas, US",Ocean Intermodal,27.5,721.94,357,50,0.049,7061.9,0.543,0.386,3.8871,7.14,0.2198,27.5,0.0,0
SHP-12649,Shenzhen Silicon Ltd,Tier-2,Pharmaceuticals,"Munich, DE","Dallas, US",Ocean Intermodal,30.3,481.19,139,50,0.328,12917.8,0.159,0.16,2.3462,2.78,0.0338,30.3,0.0,0
SHP-12650,Delta Industrial Supplies,Tier-2,Pharmaceuticals,"Taipei, TW","Rotterdam, NL",Air Freight,4.3,4628.7,973,100,0.16,11057.5,0.478,0.179,0.392,9.73,0.0993,4.3,0.0,0
SHP-12651,Nordic Raw Materials,Tier-1,Consumer Electronics,"Busan, KR","Frankfurt, DE",Standard Ground,9.5,7194.22,143,500,0.155,3338.9,0.287,0.225,2.8431,0.286,0.0746,9.5,0.0,0
SHP-12652,Apex Auto Components,Tier-1,Industrial Machinery,"Shenzhen, CN","Frankfurt, DE",Ocean Intermodal,30.1,10326.65,1205,1000,0.08,12337.5,0.307,0.675,2.4415,1.205,0.2238,34.3,4.2,1
SHP-12653,Nordic Raw Materials,Tier-1,Pharmaceuticals,"Munich, DE","Rotterdam, NL",Express Carrier,4.5,47731.8,1467,1000,0.127,2638.7,0.186,0.263,1.6991,1.467,0.0552,4.5,0.0,0
SHP-12654,Shenzhen Silicon Ltd,Tier-2,Automotive Assemblies,"Munich, DE","Singapore, SG",Express Carrier,3.0,18872.96,1011,250,0.268,2410.7,0.125,0.295,1.2578,4.044,0.0468,3.0,0.0,0
SHP-12655,GlobalTech Micro,Tier-1,Industrial Machinery,"Chicago, US","Rotterdam, NL",Air Freight,4.6,27794.91,672,500,0.101,7127.8,0.304,0.396,0.6385,1.344,0.1326,4.6,0.0,0
SHP-12656,Delta Industrial Supplies,Tier-2,Pharmaceuticals,"Busan, KR","Los Angeles, US",Air Freight,5.4,3932.59,963,100,0.229,9033.8,0.29,0.56,0.6002,9.63,0.1996,8.4,3.0,1
SHP-12657,Delta Industrial Supplies,Tier-2,Pharmaceuticals,"Munich, DE","Dallas, US",Express Carrier,3.3,30114.12,311,500,0.191,6715.2,0.332,0.183,0.4921,0.622,0.0724,3.3,0.0,0
SHP-12658,Bavaria Logistics Parts,Tier-1,Consumer Electronics,"Shenzhen, CN","Singapore, SG",Standard Ground,7.9,9493.14,540,1000,0.076,3413.6,0.308,0.385,2.3136,0.54,0.1276,7.9,0.0,0
SHP-12659,Bavaria Logistics Parts,Tier-1,Industrial Machinery,"Tokyo, JP","Rotterdam, NL",Air Freight,6.9,43714.05,1316,1000,0.127,11858.7,0.345,0.286,0.5842,1.316,0.1112,8.8,1.9,1
SHP-12660,FastTrack Assembly Co,Tier-2,Semiconductors & Electronics,"Munich, DE","Los Angeles, US",Ocean Intermodal,28.7,5034.54,191,500,0.331,11642.8,0.354,0.024,2.4652,0.382,0.0113,31.1,2.4,1
SHP-12661,TransPacific Freight,Tier-3,Industrial Machinery,"Shenzhen, CN","Los Angeles, US",Ocean Intermodal,18.2,406.73,1489,50,0.486,9585.3,0.496,0.129,1.9034,29.78,0.0951,20.6,2.4,1
SHP-12662,Apex Auto Components,Tier-1,Automotive Assemblies,"Chicago, US","Los Angeles, US",Standard Ground,12.3,1933.15,660,100,0.08,1761.4,0.375,0.689,6.9978,6.6,0.279,12.3,0.0,0
SHP-12663,Shenzhen Silicon Ltd,Tier-2,Industrial Machinery,"Tokyo, JP","Frankfurt, DE",Air Freight,3.7,31846.65,64,1000,0.256,10147.2,0.294,0.228,0.3661,0.064,0.0842,8.3,4.6,1
SHP-12664,Nordic Raw Materials,Tier-1,Pharmaceuticals,"Taipei, TW","Los Angeles, US",Standard Ground,10.7,5373.26,1152,500,0.123,3169.7,0.341,0.024,3.3831,2.304,0.0092,10.7,0.0,0
SHP-12665,Apex Auto Components,Tier-1,Automotive Assemblies,"Munich, DE","Los Angeles, US",Standard Ground,8.5,1724.0,499,100,0.081,2352.0,0.308,0.469,3.6321,4.99,0.1561,8.5,0.0,0
SHP-12666,Delta Industrial Supplies,Tier-2,Semiconductors & Electronics,"Busan, KR","Los Angeles, US",Standard Ground,11.8,2089.99,373,100,0.239,1044.5,0.391,0.347,11.3432,3.73,0.1681,11.8,0.0,0
SHP-12667,Nordic Raw Materials,Tier-1,Consumer Electronics,"Munich, DE","Frankfurt, DE",Standard Ground,5.8,5539.45,1481,500,0.101,2140.0,0.544,0.499,2.7317,2.962,0.2988,5.8,0.0,0
SHP-12668,Shenzhen Silicon Ltd,Tier-2,Consumer Electronics,"Munich, DE","Los Angeles, US",Ocean Intermodal,28.7,1029.1,1229,100,0.249,8682.6,0.442,0.215,3.31,12.29,0.1186,28.7,0.0,0
SHP-12669,Delta Industrial Supplies,Tier-2,Industrial Machinery,"Busan, KR","Los Angeles, US",Standard Ground,11.4,3932.9,366,250,0.268,1449.3,0.132,0.139,7.8838,1.464,0.0233,11.4,0.0,0
SHP-12670,Nordic Raw Materials,Tier-1,Consumer Electronics,"Tokyo, JP","Frankfurt, DE",Ocean Intermodal,24.7,2912.15,54,250,0.108,9932.4,0.529,0.442,2.4888,0.216,0.2592,31.6,6.9,1
SHP-12671,GlobalTech Micro,Tier-1,Consumer Electronics,"Shenzhen, CN","Frankfurt, DE",Standard Ground,5.3,2642.46,1232,250,0.082,1014.4,0.144,0.309,5.1925,4.928,0.0481,5.3,0.0,0
SHP-12672,GlobalTech Micro,Tier-1,Semiconductors & Electronics,"Chicago, US","Dallas, US",Standard Ground,8.1,1264.24,61,100,0.055,2925.8,0.211,0.585,2.7781,0.61,0.1302,8.1,0.0,0
SHP-12673,Bavaria Logistics Parts,Tier-1,Consumer Electronics,"Taipei, TW","Frankfurt, DE",Air Freight,6.4,15686.59,1189,500,0.026,6815.6,0.392,0.21,0.9451,2.378,0.0845,6.4,0.0,0
SHP-12674,Delta Industrial Supplies,Tier-2,Consumer Electronics,"Munich, DE","Singapore, SG",Air Freight,7.4,27814.95,650,500,0.2,8315.8,0.764,0.86,0.8847,1.3,0.7882,14.0,6.6,1
SHP-12675,Shenzhen Silicon Ltd,Tier-2,Semiconductors & Electronics,"Tokyo, JP","Singapore, SG",Air Freight,6.5,24020.26,1165,500,0.276,4857.5,0.464,0.204,1.3337,2.33,0.1208,6.5,0.0,0
SHP-12676,Delta Industrial Supplies,Tier-2,Semiconductors & Electronics,"Shenzhen, CN","Los Angeles, US",Standard Ground,12.6,3960.07,276,250,0.194,1216.9,0.603,0.457,10.3883,1.104,0.329,12.6,0.0,0
SHP-12677,Delta Industrial Supplies,Tier-2,Consumer Electronics,"Munich, DE","Rotterdam, NL",Standard Ground,7.2,2037.31,439,100,0.291,2533.0,0.571,0.475,2.8347,4.39,0.35,7.2,0.0,0
SHP-12678,Nordic Raw Materials,Tier-1,Consumer Electronics,"Tokyo, JP","Singapore, SG",Air Freight,6.4,26851.98,1042,500,0.183,6094.1,0.178,0.279,1.0578,2.084,0.0587,6.4,0.0,0
SHP-12679,Shenzhen Silicon Ltd,Tier-2,Automotive Assemblies,"Munich, DE","Rotterdam, NL",Air Freight,6.4,6088.17,580,100,0.249,5965.2,0.166,0.713,1.0725,5.8,0.1479,9.5,3.1,1
SHP-12680,Shenzhen Silicon Ltd,Tier-2,Automotive Assemblies,"Tokyo, JP","Singapore, SG",Ocean Intermodal,34.8,902.88,283,100,0.249,13492.8,0.076,0.532,2.5761,2.83,0.0505,38.6,3.8,1
SHP-12681,Delta Industrial Supplies,Tier-2,Industrial Machinery,"Tokyo, JP","Rotterdam, NL",Express Carrier,5.0,30173.17,1294,500,0.192,3587.3,0.408,0.476,1.3833,2.588,0.2315,5.0,0.0,0
SHP-12682,Delta Industrial Supplies,Tier-2,Pharmaceuticals,"Taipei, TW","Rotterdam, NL",Standard Ground,5.0,7043.34,123,500,0.178,2491.0,0.129,0.316,2.0251,0.246,0.048,5.0,0.0,0
SHP-12683,Shenzhen Silicon Ltd,Tier-2,Consumer Electronics,"Munich, DE","Los Angeles, US",Standard Ground,12.0,1021.81,638,100,0.255,2176.1,0.409,0.222,5.5099,6.38,0.1139,12.0,0.0,0
SHP-12684,TransPacific Freight,Tier-3,Automotive Assemblies,"Chicago, US","Dallas, US",Standard Ground,13.0,18416.71,795,1000,0.423,732.4,0.13,0.096,17.8082,0.795,0.0178,13.0,0.0,0
SHP-12685,Delta Industrial Supplies,Tier-2,Semiconductors & Electronics,"Shenzhen, CN","Los Angeles, US",Ocean Intermodal,26.8,1246.05,1178,100,0.29,8986.8,0.445,0.353,2.9808,11.78,0.2027,29.2,2.4,1
SHP-12686,TransPacific Freight,Tier-3,Automotive Assemblies,"Taipei, TW","Los Angeles, US",Ocean Intermodal,24.8,1737.82,1203,250,0.422,7179.1,0.412,0.112,3.4524,4.812,0.0656,24.8,0.0,0
SHP-12687,FastTrack Assembly Co,Tier-2,Consumer Electronics,"Tokyo, JP","Dallas, US",Air Freight,5.6,3204.61,847,50,0.301,10040.2,0.375,0.27,0.5577,16.94,0.1317,10.4,4.8,1
SHP-12688,Shenzhen Silicon Ltd,Tier-2,Automotive Assemblies,"Busan, KR","Dallas, US",Air Freight,5.4,2931.52,315,50,0.277,6247.2,0.424,0.63,0.8636,6.3,0.3412,10.4,5.0,1
SHP-12689,GlobalTech Micro,Tier-1,Automotive Assemblies,"Taipei, TW","Frankfurt, DE",Air Freight,4.2,2147.59,1086,50,0.078,7517.5,0.639,0.566,0.5651,21.72,0.3898,8.9,4.7,1
SHP-12690,Delta Industrial Supplies,Tier-2,Industrial Machinery,"Munich, DE","Dallas, US",Air Freight,5.0,14017.28,1020,250,0.208,6736.4,0.523,0.28,0.7427,4.08,0.1769,5.0,0.0,0
SHP-12691,Delta Industrial Supplies,Tier-2,Semiconductors & Electronics,"Taipei, TW","Los Angeles, US",Air Freight,4.7,6901.53,55,250,0.205,11227.0,0.222,0.112,0.4184,0.22,0.03,4.7,0.0,0
SHP-12692,Shenzhen Silicon Ltd,Tier-2,Pharmaceuticals,"Chicago, US","Los Angeles, US",Standard Ground,11.6,1172.39,501,100,0.255,2999.0,0.229,0.462,3.8782,5.01,0.1328,11.6,0.0,0
SHP-12693,Apex Auto Components,Tier-1,Automotive Assemblies,"Busan, KR","Rotterdam, NL",Air Freight,4.4,13460.62,343,250,0.097,11803.8,0.582,0.431,0.3729,1.372,0.2752,8.8,4.4,1
SHP-12694,TransPacific Freight,Tier-3,Automotive Assemblies,"Taipei, TW","Singapore, SG",Ocean Intermodal,34.1,2790.92,113,250,0.41,7898.7,0.607,0.211,4.3172,0.452,0.1806,41.4,7.3,1
SHP-12695,Apex Auto Components,Tier-1,Automotive Assemblies,"Taipei, TW","Singapore, SG",Ocean Intermodal,19.3,791.56,906,50,0.131,10124.1,0.213,0.228,1.9067,18.12,0.0549,19.3,0.0,0
SHP-12696,Delta Industrial Supplies,Tier-2,Industrial Machinery,"Tokyo, JP","Dallas, US",Air Freight,5.9,12192.58,894,250,0.197,10904.7,0.138,0.01,0.5386,3.576,0.0017,5.9,0.0,0
SHP-12697,Delta Industrial Supplies,Tier-2,Semiconductors & Electronics,"Shenzhen, CN","Rotterdam, NL",Ocean Intermodal,19.1,1489.85,343,250,0.189,8527.3,0.256,0.362,2.2435,1.372,0.1102,19.1,0.0,0
SHP-12698,Apex Auto Components,Tier-1,Pharmaceuticals,"Taipei, TW","Frankfurt, DE",Air Freight,6.8,29385.38,720,500,0.151,8750.6,0.337,0.402,0.7724,1.44,0.1559,8.7,1.9,1
SHP-12699,TransPacific Freight,Tier-3,Pharmaceuticals,"Shenzhen, CN","Dallas, US",Standard Ground,11.7,1147.75,1099,100,0.441,1789.5,0.501,0.481,6.5373,10.99,0.3472,15.1,3.4,1
SHP-12700,TransPacific Freight,Tier-3,Consumer Electronics,"Shenzhen, CN","Dallas, US",Express Carrier,3.1,30495.6,1377,500,0.406,5064.0,0.317,0.035,0.6118,2.754,0.0156,3.1,0.0,0
SHP-12701,TransPacific Freight,Tier-3,Pharmaceuticals,"Munich, DE","Dallas, US",Air Freight,3.1,3101.88,298,100,0.38,7727.7,0.343,0.058,0.4015,2.98,0.0275,3.1,0.0,0
SHP-12702,Nordic Raw Materials,Tier-1,Industrial Machinery,"Shenzhen, CN","Rotterdam, NL",Standard Ground,13.1,10115.91,877,500,0.151,1809.0,0.561,0.157,7.2481,1.754,0.1013,13.1,0.0,0
SHP-12703,TransPacific Freight,Tier-3,Consumer Electronics,"Tokyo, JP","Frankfurt, DE",Ocean Intermodal,34.5,3372.19,1252,500,0.418,12893.5,0.425,0.517,2.6783,2.504,0.3115,42.4,7.9,1
SHP-12704,Apex Auto Components,Tier-1,Semiconductors & Electronics,"Tokyo, JP","Dallas, US",Air Freight,7.6,58993.61,389,2000,0.081,9615.5,0.314,0.34,0.7907,0.1945,0.1154,11.8,4.2,1
SHP-12705,TransPacific Freight,Tier-3,Consumer Electronics,"Busan, KR","Singapore, SG",Ocean Intermodal,30.3,1242.5,1160,100,0.415,12225.7,0.474,0.483,2.4753,11.6,0.3239,35.4,5.1,1
SHP-12706,TransPacific Freight,Tier-3,Industrial Machinery,"Chicago, US","Dallas, US",Ocean Intermodal,33.3,1257.34,925,250,0.387,11884.5,0.853,0.646,2.8024,3.7,0.7644,41.9,8.6,1
SHP-12707,GlobalTech Micro,Tier-1,Semiconductors & Electronics,"Chicago, US","Rotterdam, NL",Ocean Intermodal,29.1,1002.24,921,100,0.138,10180.5,0.102,0.178,2.8628,9.21,0.0207,29.1,0.0,0
SHP-12708,Delta Industrial Supplies,Tier-2,Consumer Electronics,"Tokyo, JP","Dallas, US",Air Freight,5.6,2470.6,1420,50,0.182,9568.9,0.54,0.32,0.5884,28.4,0.2043,5.6,0.0,0
SHP-12709,Bavaria Logistics Parts,Tier-1,Industrial Machinery,"Chicago, US","Rotterdam, NL",Ocean Intermodal,33.5,11110.9,1489,1000,0.1,8440.4,0.381,0.461,3.9693,1.489,0.1932,36.7,3.2,1
SHP-12710,Delta Industrial Supplies,Tier-2,Semiconductors & Electronics,"Taipei, TW","Singapore, SG",Air Freight,5.1,5959.01,1483,100,0.193,6389.6,0.126,0.668,0.8042,14.83,0.1004,5.1,0.0,0
SHP-12711,Bavaria Logistics Parts,Tier-1,Pharmaceuticals,"Taipei, TW","Dallas, US",Standard Ground,11.5,8092.8,855,500,0.091,3321.1,0.391,0.352,3.4682,1.71,0.1502,11.5,0.0,0
SHP-12712,Delta Industrial Supplies,Tier-2,Industrial Machinery,"Busan, KR","Rotterdam, NL",Ocean Intermodal,29.6,724.94,562,100,0.166,9224.5,0.158,0.647,3.2113,5.62,0.1192,29.6,0.0,0
SHP-12713,FastTrack Assembly Co,Tier-2,Industrial Machinery,"Taipei, TW","Rotterdam, NL",Standard Ground,13.2,18964.54,187,1000,0.361,3029.7,0.358,0.315,4.3459,0.187,0.1535,18.5,5.3,1
SHP-12714,Bavaria Logistics Parts,Tier-1,Pharmaceuticals,"Taipei, TW","Singapore, SG",Air Freight,4.4,1688.7,726,50,0.013,4876.1,0.296,0.815,0.9004,14.52,0.2444,4.4,0.0,0
SHP-12715,Nordic Raw Materials,Tier-1,Pharmaceuticals,"Busan, KR","Singapore, SG",Standard Ground,8.1,6849.65,637,500,0.076,2721.7,0.611,0.312,2.9889,1.274,0.2051,8.1,0.0,0
SHP-12716,Bavaria Logistics Parts,Tier-1,Semiconductors & Electronics,"Tokyo, JP","Singapore, SG",Standard Ground,13.9,8093.35,139,500,0.025,2929.8,0.169,0.416,4.7312,0.278,0.072,13.9,0.0,0
SHP-12717,TransPacific Freight,Tier-3,Automotive Assemblies,"Munich, DE","Frankfurt, DE",Express Carrier,2.2,26227.57,130,500,0.39,2278.8,0.181,0.602,0.9812,0.26,0.1514,4.1,1.9,1
SHP-12718,TransPacific Freight,Tier-3,Pharmaceuticals,"Taipei, TW","Singapore, SG",Air Freight,6.1,1993.53,1348,50,0.497,10321.4,0.086,0.625,0.5932,26.96,0.0805,11.4,5.3,1
SHP-12719,Delta Industrial Supplies,Tier-2,Consumer Electronics,"Tokyo, JP","Rotterdam, NL",Ocean Intermodal,33.3,1149.05,971,100,0.25,11607.0,0.393,0.183,2.8657,9.71,0.0899,33.3,0.0,0
SHP-12720,Apex Auto Components,Tier-1,Industrial Machinery,"Tokyo, JP","Rotterdam, NL",Standard Ground,6.7,1920.38,1393,100,0.069,598.3,0.514,0.327,11.2567,13.93,0.1796,6.7,0.0,0
SHP-12721,Bavaria Logistics Parts,Tier-1,Automotive Assemblies,"Shenzhen, CN","Dallas, US",Ocean Intermodal,23.2,696.21,1308,50,0.115,7142.6,0.418,0.439,3.2522,26.16,0.2046,23.2,0.0,0
SHP-12722,TransPacific Freight,Tier-3,Automotive Assemblies,"Shenzhen, CN","Dallas, US",Standard Ground,8.7,8610.32,450,500,0.393,3464.1,0.357,0.573,2.4972,0.9,0.285,12.4,3.7,1
SHP-12723,Delta Industrial Supplies,Tier-2,Automotive Assemblies,"Shenzhen, CN","Los Angeles, US",Air Freight,4.2,3300.76,66,100,0.188,7378.5,0.246,0.304,0.5708,0.66,0.0888,4.2,0.0,0
SHP-12724,Apex Auto Components,Tier-1,Industrial Machinery,"Munich, DE","Singapore, SG",Standard Ground,8.7,1933.9,787,100,0.059,3149.3,0.217,0.463,2.7718,7.87,0.1064,8.7,0.0,0
SHP-12725,TransPacific Freight,Tier-3,Semiconductors & Electronics,"Shenzhen, CN","Singapore, SG",Ocean Intermodal,24.0,3150.27,304,500,0.411,13637.2,0.536,0.41,1.7605,0.608,0.31,32.9,8.9,1
SHP-12726,Apex Auto Components,Tier-1,Consumer Electronics,"Chicago, US","Frankfurt, DE",Standard Ground,13.8,5743.76,1374,500,0.068,898.7,0.81,0.139,15.3596,2.748,0.1202,13.8,0.0,0
SHP-12727,TransPacific Freight,Tier-3,Industrial Machinery,"Busan, KR","Frankfurt, DE",Ocean Intermodal,18.5,868.97,688,100,0.515,10466.1,0.348,0.455,1.7646,6.88,0.2399,24.1,5.6,1
SHP-12728,Delta Industrial Supplies,Tier-2,Automotive Assemblies,"Busan, KR","Dallas, US",Ocean Intermodal,34.2,554.42,250,50,0.244,10580.6,0.075,0.135,3.2335,5.0,0.0126,34.2,0.0,0
SHP-12729,TransPacific Freight,Tier-3,Industrial Machinery,"Taipei, TW","Dallas, US",Standard Ground,12.3,4213.5,75,250,0.389,3017.9,0.279,0.627,4.0755,0.3,0.243,17.3,5.0,1
SHP-12730,Nordic Raw Materials,Tier-1,Industrial Machinery,"Munich, DE","Rotterdam, NL",Standard Ground,6.5,1329.62,680,100,0.098,1374.9,0.167,0.427,4.7223,6.8,0.0783,6.5,0.0,0
SHP-12731,Delta Industrial Supplies,Tier-2,Semiconductors & Electronics,"Chicago, US","Singapore, SG",Ocean Intermodal,22.0,2894.47,262,500,0.216,12244.8,0.304,0.297,1.7954,0.524,0.1098,27.5,5.5,1
SHP-12732,Nordic Raw Materials,Tier-1,Consumer Electronics,"Shenzhen, CN","Frankfurt, DE",Air Freight,6.8,21162.99,1414,500,0.076,6444.1,0.292,0.171,1.0565,2.828,0.0537,6.8,0.0,0
SHP-12733,Nordic Raw Materials,Tier-1,Automotive Assemblies,"Busan, KR","Frankfurt, DE",Ocean Intermodal,27.6,1086.34,1002,100,0.186,10449.1,0.143,0.826,2.6416,10.02,0.14,32.7,5.1,1
SHP-12734,FastTrack Assembly Co,Tier-2,Automotive Assemblies,"Tokyo, JP","Rotterdam, NL",Standard Ground,8.1,21196.65,372,2000,0.334,2993.1,0.208,0.746,2.7086,0.186,0.207,12.9,4.8,1
SHP-12735,TransPacific Freight,Tier-3,Pharmaceuticals,"Shenzhen, CN","Singapore, SG",Standard Ground,7.2,7573.92,426,500,0.415,1210.2,0.079,0.73,5.9103,0.852,0.0816,12.0,4.8,1
SHP-12736,Delta Industrial Supplies,Tier-2,Industrial Machinery,"Tokyo, JP","Frankfurt, DE",Ocean Intermodal,31.7,602.51,1041,100,0.232,9870.5,0.321,0.297,3.2076,10.41,0.1175,31.7,0.0,0
SHP-12737,Bavaria Logistics Parts,Tier-1,Pharmaceuticals,"Shenzhen, CN","Rotterdam, NL",Standard Ground,6.8,6317.82,825,500,0.01,3093.3,0.251,0.583,2.1958,1.65,0.1478,6.8,0.0,0
SHP-12738,Delta Industrial Supplies,Tier-2,Semiconductors & Electronics,"Munich, DE","Rotterdam, NL",Air Freight,4.9,27933.05,388,500,0.15,7838.0,0.276,0.401,0.6205,0.776,0.1273,4.9,0.0,0
SHP-12739,GlobalTech Micro,Tier-1,Pharmaceuticals,"Tokyo, JP","Singapore, SG",Ocean Intermodal,23.9,827.56,548,100,0.071,7463.0,0.242,0.771,3.2024,5.48,0.1998,23.9,0.0,0
SHP-12740,Delta Industrial Supplies,Tier-2,Industrial Machinery,"Taipei, TW","Dallas, US",Air Freight,7.7,5361.89,962,100,0.188,5437.5,0.229,0.359,1.4091,9.62,0.0976,7.7,0.0,0
SHP-12741,Bavaria Logistics Parts,Tier-1,Industrial Machinery,"Busan, KR","Frankfurt, DE",Ocean Intermodal,27.5,960.2,501,100,0.075,13232.0,0.044,0.455,2.0749,5.01,0.0215,27.5,0.0,0
SHP-12742,Delta Industrial Supplies,Tier-2,Consumer Electronics,"Munich, DE","Singapore, SG",Standard Ground,13.7,8006.53,608,500,0.216,3488.3,0.148,0.458,3.9355,1.216,0.0824,13.7,0.0,0
SHP-12743,GlobalTech Micro,Tier-1,Semiconductors & Electronics,"Shenzhen, CN","Los Angeles, US",Standard Ground,12.5,3231.75,1024,250,0.173,556.1,0.196,0.183,22.4073,4.096,0.0421,12.5,0.0,0
SHP-12744,Delta Industrial Supplies,Tier-2,Semiconductors & Electronics,"Munich, DE","Frankfurt, DE",Standard Ground,6.6,5349.89,95,500,0.219,1973.8,0.602,0.487,3.3326,0.19,0.3575,12.5,5.9,1
SHP-12745,Apex Auto Components,Tier-1,Semiconductors & Electronics,"Tokyo, JP","Dallas, US",Standard Ground,10.2,28616.05,237,2000,0.11,3265.0,0.406,0.315,3.1238,0.1185,0.142,10.2,0.0,0
SHP-12746,Shenzhen Silicon Ltd,Tier-2,Semiconductors & Electronics,"Shenzhen, CN","Rotterdam, NL",Standard Ground,9.1,1894.25,442,100,0.37,3313.1,0.454,0.408,2.7557,4.42,0.2539,9.1,0.0,0
SHP-12747,Delta Industrial Supplies,Tier-2,Pharmaceuticals,"Tokyo, JP","Rotterdam, NL",Air Freight,7.1,28129.05,675,500,0.227,6207.0,0.481,0.875,1.1366,1.35,0.5166,12.5,5.4,1
SHP-12748,TransPacific Freight,Tier-3,Automotive Assemblies,"Busan, KR","Frankfurt, DE",Ocean Intermodal,21.0,7160.8,526,1000,0.464,9582.2,0.244,0.499,2.1959,0.526,0.1782,28.3,7.3,1
SHP-12749,GlobalTech Micro,Tier-1,Consumer Electronics,"Busan, KR","Singapore, SG",Air Freight,6.3,3887.72,1333,100,0.09,9199.3,0.17,0.653,0.6836,13.33,0.121,6.3,0.0,0
SHP-12750,Delta Industrial Supplies,Tier-2,Automotive Assemblies,"Tokyo, JP","Singapore, SG",Standard Ground,7.3,3363.7,1460,250,0.213,807.4,0.194,0.503,9.0443,5.84,0.1183,7.3,0.0,0
SHP-12751,FastTrack Assembly Co,Tier-2,Industrial Machinery,"Busan, KR","Los Angeles, US",Ocean Intermodal,20.3,1811.27,67,250,0.313,10520.3,0.323,0.441,1.9249,0.268,0.187,27.3,7.0,1
SHP-12752,TransPacific Freight,Tier-3,Pharmaceuticals,"Munich, DE","Los Angeles, US",Express Carrier,3.5,6711.32,980,100,0.436,4373.7,0.371,0.2,0.8106,9.8,0.1065,3.5,0.0,0
SHP-12753,Delta Industrial Supplies,Tier-2,Industrial Machinery,"Taipei, TW","Rotterdam, NL",Ocean Intermodal,23.0,5944.17,538,500,0.21,10660.7,0.424,0.221,2.1583,1.076,0.1133,25.6,2.6,1
SHP-12754,FastTrack Assembly Co,Tier-2,Consumer Electronics,"Shenzhen, CN","Rotterdam, NL",Ocean Intermodal,24.6,3127.13,790,250,0.281,13871.8,0.399,0.205,1.7714,3.16,0.1047,28.4,3.8,1
SHP-12755,Nordic Raw Materials,Tier-1,Semiconductors & Electronics,"Shenzhen, CN","Frankfurt, DE",Ocean Intermodal,28.3,1561.75,1410,250,0.134,13156.8,0.23,0.36,2.1523,5.64,0.0939,28.3,0.0,0
SHP-12756,Delta Industrial Supplies,Tier-2,Industrial Machinery,"Shenzhen, CN","Los Angeles, US",Air Freight,3.1,44640.23,1275,1000,0.207,7051.3,0.27,0.226,0.435,1.275,0.0736,3.1,0.0,0
SHP-12757,Delta Industrial Supplies,Tier-2,Semiconductors & Electronics,"Taipei, TW","Frankfurt, DE",Standard Ground,12.6,16835.92,1340,1000,0.231,2650.8,0.253,0.531,4.7672,1.34,0.1654,12.6,0.0,0
SHP-12758,TransPacific Freight,Tier-3,Semiconductors & Electronics,"Taipei, TW","Los Angeles, US",Air Freight,6.8,5218.4,655,100,0.441,10131.6,0.583,0.171,0.6754,6.55,0.1436,10.0,3.2,1
SHP-12759,FastTrack Assembly Co,Tier-2,Industrial Machinery,"Tokyo, JP","Dallas, US",Air Freight,7.4,28012.65,791,500,0.297,11737.2,0.078,0.503,0.6285,1.582,0.0509,12.0,4.6,1
SHP-12760,Apex Auto Components,Tier-1,Industrial Machinery,"Taipei, TW","Rotterdam, NL",Ocean Intermodal,27.0,1354.17,385,100,0.084,9493.0,0.554,0.384,2.8431,3.85,0.2307,27.0,0.0,0
SHP-12761,Delta Industrial Supplies,Tier-2,Consumer Electronics,"Taipei, TW","Los Angeles, US",Air Freight,5.9,15104.3,572,500,0.129,9039.0,0.26,0.547,0.6505,1.144,0.1606,9.4,3.5,1
SHP-12762,Delta Industrial Supplies,Tier-2,Semiconductors & Electronics,"Tokyo, JP","Rotterdam, NL",Standard Ground,10.9,4476.27,418,500,0.195,3177.4,0.178,0.331,3.4152,0.836,0.0704,10.9,0.0,0
SHP-12763,Nordic Raw Materials,Tier-1,Industrial Machinery,"Shenzhen, CN","Dallas, US",Standard Ground,12.9,3459.22,821,250,0.122,794.4,0.209,0.309,16.2707,3.284,0.0725,12.9,0.0,0
SHP-12764,Apex Auto Components,Tier-1,Semiconductors & Electronics,"Tokyo, JP","Frankfurt, DE",Air Freight,5.7,3346.26,1429,100,0.094,7686.6,0.184,0.241,0.7383,14.29,0.0485,5.7,0.0,0
SHP-12765,Nordic Raw Materials,Tier-1,Semiconductors & Electronics,"Busan, KR","Los Angeles, US",Air Freight,7.6,2935.93,931,100,0.046,10706.5,0.253,0.552,0.7102,9.31,0.1461,7.6,0.0,0
SHP-12766,Shenzhen Silicon Ltd,Tier-2,Consumer Electronics,"Chicago, US","Dallas, US",Standard Ground,9.7,920.58,1147,50,0.297,1028.9,0.529,0.448,9.4224,22.94,0.3073,9.7,0.0,0
SHP-12767,GlobalTech Micro,Tier-1,Pharmaceuticals,"Munich, DE","Frankfurt, DE",Ocean Intermodal,32.6,957.8,1298,100,0.132,7625.8,0.169,0.435,4.275,12.98,0.0832,32.6,0.0,0
SHP-12768,Apex Auto Components,Tier-1,Automotive Assemblies,"Busan, KR","Rotterdam, NL",Express Carrier,4.6,4692.9,671,100,0.04,4554.6,0.117,0.324,1.0067,6.71,0.0394,4.6,0.0,0
SHP-12769,FastTrack Assembly Co,Tier-2,Consumer Electronics,"Chicago, US","Frankfurt, DE",Standard Ground,7.5,2286.64,273,250,0.313,2806.5,0.541,0.286,2.6867,1.092,0.2032,8.5,1.0,1
SHP-12770,TransPacific Freight,Tier-3,Consumer Electronics,"Chicago, US","Singapore, SG",Air Freight,6.0,11110.03,913,250,0.421,6170.8,0.192,0.443,0.9681,3.652,0.1209,9.4,3.4,1
SHP-12771,Delta Industrial Supplies,Tier-2,Industrial Machinery,"Munich, DE","Dallas, US",Air Freight,3.3,5905.75,913,100,0.218,6554.7,0.259,0.298,0.5103,9.13,0.094,3.3,0.0,0
SHP-12772,TransPacific Freight,Tier-3,Automotive Assemblies,"Tokyo, JP","Singapore, SG",Air Freight,6.4,11495.54,765,250,0.366,10507.5,0.492,0.643,0.6089,3.06,0.4322,13.1,6.7,1
SHP-12773,FastTrack Assembly Co,Tier-2,Automotive Assemblies,"Busan, KR","Los Angeles, US",Express Carrier,3.2,17966.83,287,500,0.27,4668.6,0.385,0.269,0.6897,0.574,0.1315,3.2,0.0,0
SHP-12774,GlobalTech Micro,Tier-1,Consumer Electronics,"Taipei, TW","Los Angeles, US",Standard Ground,5.6,1967.19,1171,100,0.158,3416.2,0.199,0.065,1.6347,11.71,0.015,5.6,0.0,0
SHP-12775,Shenzhen Silicon Ltd,Tier-2,Automotive Assemblies,"Munich, DE","Rotterdam, NL",Standard Ground,7.7,6675.78,548,500,0.288,3342.3,0.592,0.566,2.3026,1.096,0.4314,14.0,6.3,1
SHP-12776,FastTrack Assembly Co,Tier-2,Automotive Assemblies,"Chicago, US","Los Angeles, US",Ocean Intermodal,30.5,6903.77,149,1000,0.389,12984.5,0.108,0.598,2.3484,0.149,0.0897,39.8,9.3,1
SHP-12777,Delta Industrial Supplies,Tier-2,Semiconductors & Electronics,"Tokyo, JP","Los Angeles, US",Standard Ground,12.0,20112.3,781,1000,0.235,2249.5,0.656,0.559,5.3265,0.781,0.4528,18.0,6.0,1
SHP-12778,Nordic Raw Materials,Tier-1,Consumer Electronics,"Taipei, TW","Frankfurt, DE",Standard Ground,12.4,3287.78,932,250,0.065,3398.6,0.367,0.249,3.6391,3.728,0.0973,12.4,0.0,0
SHP-12779,FastTrack Assembly Co,Tier-2,Consumer Electronics,"Busan, KR","Singapore, SG",Standard Ground,13.2,4800.22,908,250,0.28,895.3,0.234,0.349,14.7835,3.632,0.1046,13.2,0.0,0
SHP-12780,TransPacific Freight,Tier-3,Consumer Electronics,"Tokyo, JP","Los Angeles, US",Air Freight,5.5,4939.05,149,100,0.514,4050.0,0.625,0.509,1.351,1.49,0.4817,12.1,6.6,1
SHP-12781,TransPacific Freight,Tier-3,Automotive Assemblies,"Shenzhen, CN","Los Angeles, US",Air Freight,4.9,33299.33,1022,1000,0.427,8833.9,0.332,0.379,0.5553,1.022,0.1795,9.9,5.0,1
SHP-12782,Delta Industrial Supplies,Tier-2,Automotive Assemblies,"Taipei, TW","Los Angeles, US",Standard Ground,12.2,4281.18,1398,250,0.233,1505.6,0.291,0.418,8.0786,5.592,0.1499,12.2,0.0,0
SHP-12783,Delta Industrial Supplies,Tier-2,Pharmaceuticals,"Tokyo, JP","Dallas, US",Standard Ground,6.6,1000.58,633,50,0.174,2255.5,0.683,0.753,2.9075,12.66,0.6039,9.7,3.1,1
SHP-12784,FastTrack Assembly Co,Tier-2,Automotive Assemblies,"Munich, DE","Rotterdam, NL",Standard Ground,8.0,13830.27,1036,1000,0.252,1192.1,0.374,0.402,6.7012,1.036,0.1882,8.0,0.0,0
SHP-12785,TransPacific Freight,Tier-3,Consumer Electronics,"Munich, DE","Singapore, SG",Standard Ground,5.2,1160.58,1005,50,0.444,1999.2,0.485,0.737,2.6049,20.1,0.5161,7.0,1.8,1
SHP-12786,Delta Industrial Supplies,Tier-2,Consumer Electronics,"Tokyo, JP","Dallas, US",Standard Ground,12.7,1908.06,1406,100,0.168,2129.2,0.322,0.41,5.9421,14.06,0.1542,12.7,0.0,0
SHP-12787,GlobalTech Micro,Tier-1,Semiconductors & Electronics,"Taipei, TW","Frankfurt, DE",Ocean Intermodal,29.9,2302.94,1005,500,0.129,7329.8,0.046,0.757,4.0755,2.01,0.0393,29.9,0.0,0
SHP-12788,Apex Auto Components,Tier-1,Semiconductors & Electronics,"Munich, DE","Singapore, SG",Standard Ground,7.7,720.65,305,50,0.051,1906.0,0.253,0.227,4.0516,6.1,0.0604,7.7,0.0,0
SHP-12789,Nordic Raw Materials,Tier-1,Consumer Electronics,"Munich, DE","Rotterdam, NL",Air Freight,7.9,7641.96,50,250,0.092,9878.0,0.511,0.188,0.8012,0.2,0.1049,12.1,4.2,1
SHP-12790,Delta Industrial Supplies,Tier-2,Industrial Machinery,"Taipei, TW","Singapore, SG",Standard Ground,9.4,935.4,645,50,0.215,1421.7,0.323,0.487,6.601,12.9,0.1912,9.4,0.0,0
SHP-12791,GlobalTech Micro,Tier-1,Semiconductors & Electronics,"Taipei, TW","Singapore, SG",Air Freight,6.6,1422.39,242,50,0.095,4554.2,0.308,0.571,1.4459,4.84,0.1925,6.6,0.0,0
SHP-12792,Delta Industrial Supplies,Tier-2,Industrial Machinery,"Busan, KR","Los Angeles, US",Standard Ground,5.9,3715.72,58,250,0.188,1567.6,0.152,0.871,3.779,0.232,0.1573,8.5,2.6,1
SHP-12793,Shenzhen Silicon Ltd,Tier-2,Industrial Machinery,"Busan, KR","Dallas, US",Standard Ground,8.1,4506.32,387,250,0.283,2591.2,0.259,0.196,3.1073,1.548,0.0651,8.1,0.0,0
SHP-12794,TransPacific Freight,Tier-3,Pharmaceuticals,"Busan, KR","Rotterdam, NL",Air Freight,7.2,2914.73,1322,50,0.433,9761.5,0.182,0.49,0.7396,26.44,0.1278,9.7,2.5,1
SHP-12795,Bavaria Logistics Parts,Tier-1,Automotive Assemblies,"Shenzhen, CN","Los Angeles, US",Ocean Intermodal,19.7,3816.52,146,500,0.064,9900.3,0.414,0.412,1.9873,0.292,0.1815,22.7,3.0,1
SHP-12796,Delta Industrial Supplies,Tier-2,Consumer Electronics,"Taipei, TW","Frankfurt, DE",Standard Ground,8.3,4970.31,1376,500,0.178,3284.0,0.45,0.352,2.5216,2.752,0.1866,8.3,0.0,0
SHP-12797,Shenzhen Silicon Ltd,Tier-2,Semiconductors & Electronics,"Munich, DE","Frankfurt, DE",Ocean Intermodal,29.8,686.95,1168,100,0.29,8323.5,0.546,0.365,3.5761,11.68,0.2571,35.7,5.9,1
SHP-12798,TransPacific Freight,Tier-3,Consumer Electronics,"Munich, DE","Rotterdam, NL",Express Carrier,3.4,3805.16,373,50,0.38,2079.6,0.33,0.597,1.6399,7.46,0.2719,5.1,1.7,1
SHP-12799,Delta Industrial Supplies,Tier-2,Semiconductors & Electronics,"Shenzhen, CN","Rotterdam, NL",Ocean Intermodal,21.8,686.7,1359,100,0.261,11358.7,0.101,0.644,1.92,13.59,0.082,26.7,4.9,1
SHP-12800,Apex Auto Components,Tier-1,Pharmaceuticals,"Shenzhen, CN","Dallas, US",Ocean Intermodal,21.0,21561.78,1160,2000,0.112,12119.0,0.064,0.317,1.7288,0.58,0.0226,21.0,0.0,0
SHP-12801,Apex Auto Components,Tier-1,Semiconductors & Electronics,"Taipei, TW","Dallas, US",Ocean Intermodal,24.4,1251.63,1406,100,0.064,8122.4,0.426,0.481,3.0029,14.06,0.218,24.4,0.0,0
SHP-12802,Apex Auto Components,Tier-1,Consumer Electronics,"Tokyo, JP","Rotterdam, NL",Ocean Intermodal,28.5,3357.11,267,500,0.129,13949.2,0.42,0.215,2.045,0.534,0.102,34.9,6.4,1
SHP-12803,GlobalTech Micro,Tier-1,Automotive Assemblies,"Busan, KR","Frankfurt, DE",Ocean Intermodal,21.0,1279.57,640,100,0.154,7388.8,0.188,0.109,2.8403,6.4,0.0236,21.0,0.0,0
SHP-12804,Nordic Raw Materials,Tier-1,Consumer Electronics,"Munich, DE","Frankfurt, DE",Air Freight,3.1,11334.71,879,250,0.082,8505.4,0.199,0.427,0.3634,3.516,0.092,3.1,0.0,0
SHP-12805,Bavaria Logistics Parts,Tier-1,Semiconductors & Electronics,"Shenzhen, CN","Rotterdam, NL",Standard Ground,8.0,5085.52,564,500,0.122,1727.3,0.22,0.332,4.607,1.128,0.082,8.0,0.0,0
SHP-12806,TransPacific Freight,Tier-3,Automotive Assemblies,"Busan, KR","Los Angeles, US",Express Carrier,4.8,3192.52,1440,50,0.367,7894.3,0.328,0.374,0.6121,28.8,0.1677,7.0,2.2,1
SHP-12807,Delta Industrial Supplies,Tier-2,Pharmaceuticals,"Chicago, US","Singapore, SG",Air Freight,3.7,14620.36,464,500,0.173,5511.9,0.659,0.443,0.6634,0.928,0.3424,5.5,1.8,1
SHP-12808,GlobalTech Micro,Tier-1,Automotive Assemblies,"Tokyo, JP","Rotterdam, NL",Air Freight,6.5,5819.0,1184,100,0.086,10178.9,0.072,0.223,0.6435,11.84,0.0174,6.5,0.0,0
SHP-12809,FastTrack Assembly Co,Tier-2,Automotive Assemblies,"Tokyo, JP","Frankfurt, DE",Air Freight,4.7,27489.42,120,500,0.299,5768.7,0.444,0.705,0.8088,0.24,0.4066,12.0,7.3,1
SHP-12810,Delta Industrial Supplies,Tier-2,Automotive Assemblies,"Tokyo, JP","Frankfurt, DE",Standard Ground,5.9,30584.66,164,2000,0.254,1662.9,0.119,0.133,3.5713,0.082,0.0199,5.9,0.0,0
SHP-12811,Delta Industrial Supplies,Tier-2,Automotive Assemblies,"Shenzhen, CN","Dallas, US",Air Freight,6.8,7925.09,429,250,0.149,7372.8,0.121,0.591,0.9222,1.716,0.0822,6.8,0.0,0
SHP-12812,FastTrack Assembly Co,Tier-2,Semiconductors & Electronics,"Taipei, TW","Rotterdam, NL",Air Freight,5.3,5615.1,774,100,0.38,7789.2,0.066,0.602,0.6786,7.74,0.0548,7.3,2.0,1
SHP-12813,GlobalTech Micro,Tier-1,Consumer Electronics,"Chicago, US","Los Angeles, US",Standard Ground,10.3,972.81,1317,50,0.13,1155.5,0.646,0.858,8.8865,26.34,0.6264,16.5,6.2,1
SHP-12814,Apex Auto Components,Tier-1,Semiconductors & Electronics,"Busan, KR","Rotterdam, NL",Express Carrier,4.6,13000.82,433,250,0.027,3770.7,0.195,0.477,1.2233,1.732,0.0956,4.6,0.0,0
SHP-12815,Shenzhen Silicon Ltd,Tier-2,Automotive Assemblies,"Tokyo, JP","Dallas, US",Ocean Intermodal,31.4,865.41,1413,100,0.319,7359.0,0.157,0.444,4.2617,14.13,0.0919,31.4,0.0,0
SHP-12816,Nordic Raw Materials,Tier-1,Semiconductors & Electronics,"Munich, DE","Los Angeles, US",Air Freight,3.4,4391.92,1142,100,0.141,10235.9,0.321,0.499,0.336,11.42,0.1827,3.4,0.0,0
SHP-12817,Apex Auto Components,Tier-1,Automotive Assemblies,"Chicago, US","Dallas, US",Standard Ground,10.8,18805.55,865,2000,0.101,2561.1,0.19,0.463,4.2202,0.4325,0.0968,10.8,0.0,0
SHP-12818,Delta Industrial Supplies,Tier-2,Semiconductors & Electronics,"Busan, KR","Frankfurt, DE",Air Freight,7.4,4706.23,1418,100,0.195,5850.3,0.329,0.583,1.2591,14.18,0.2292,7.4,0.0,0
SHP-12819,Apex Auto Components,Tier-1,Pharmaceuticals,"Chicago, US","Dallas, US",Standard Ground,13.7,1155.06,941,50,0.062,1840.2,0.506,0.262,7.4464,18.82,0.1409,13.7,0.0,0
SHP-12820,FastTrack Assembly Co,Tier-2,Industrial Machinery,"Chicago, US","Frankfurt, DE",Ocean Intermodal,19.7,1693.19,1381,250,0.319,7319.4,0.299,0.311,2.688,5.524,0.1226,19.7,0.0,0
SHP-12821,Apex Auto Components,Tier-1,Industrial Machinery,"Busan, KR","Frankfurt, DE",Ocean Intermodal,29.7,2848.26,1015,250,0.092,9329.4,0.293,0.465,3.1818,4.06,0.1488,29.7,0.0,0
SHP-12822,Shenzhen Silicon Ltd,Tier-2,Industrial Machinery,"Tokyo, JP","Frankfurt, DE",Standard Ground,10.5,9031.68,1311,500,0.335,1821.5,0.876,0.234,5.7447,2.622,0.2737,15.3,4.8,1
SHP-12823,Bavaria Logistics Parts,Tier-1,Semiconductors & Electronics,"Shenzhen, CN","Rotterdam, NL",Air Freight,4.1,20867.03,1300,500,0.01,4312.5,0.605,0.26,0.9419,2.6,0.1589,4.1,0.0,0
SHP-12824,Shenzhen Silicon Ltd,Tier-2,Pharmaceuticals,"Busan, KR","Los Angeles, US",Standard Ground,11.7,2238.71,976,100,0.302,596.5,0.227,0.277,19.6908,9.76,0.0819,11.7,0.0,0
SHP-12825,GlobalTech Micro,Tier-1,Automotive Assemblies,"Busan, KR","Frankfurt, DE",Air Freight,5.7,55401.55,746,2000,0.1,7706.9,0.342,0.109,0.7405,0.373,0.041,5.7,0.0,0
SHP-12826,Bavaria Logistics Parts,Tier-1,Consumer Electronics,"Chicago, US","Singapore, SG",Ocean Intermodal,26.4,7911.88,210,1000,0.077,11803.2,0.167,0.69,2.2356,0.21,0.124,32.3,5.9,1
SHP-12827,GlobalTech Micro,Tier-1,Pharmaceuticals,"Munich, DE","Dallas, US",Ocean Intermodal,24.8,1692.12,435,250,0.108,9718.5,0.242,0.601,2.5566,1.74,0.1612,27.9,3.1,1
SHP-12828,FastTrack Assembly Co,Tier-2,Consumer Electronics,"Busan, KR","Los Angeles, US",Express Carrier,3.1,6855.47,1076,100,0.364,5445.2,0.095,0.718,0.5748,10.76,0.093,6.7,3.6,1
SHP-12829,FastTrack Assembly Co,Tier-2,Automotive Assemblies,"Chicago, US","Dallas, US",Standard Ground,11.9,1533.64,1346,100,0.328,1483.3,0.571,0.481,8.0196,13.46,0.3647,11.9,0.0,0
SHP-12830,Nordic Raw Materials,Tier-1,Industrial Machinery,"Tokyo, JP","Los Angeles, US",Air Freight,6.1,4026.1,1298,100,0.155,9614.7,0.165,0.745,0.6347,12.98,0.142,9.9,3.8,1
SHP-12831,TransPacific Freight,Tier-3,Automotive Assemblies,"Tokyo, JP","Rotterdam, NL",Air Freight,4.1,5313.79,1137,100,0.433,10339.6,0.427,0.523,0.3995,11.37,0.32,9.4,5.3,1
SHP-12832,Nordic Raw Materials,Tier-1,Automotive Assemblies,"Busan, KR","Los Angeles, US",Standard Ground,11.5,7210.01,1423,500,0.125,2128.3,0.576,0.379,5.3971,2.846,0.2455,11.5,0.0,0
SHP-12833,TransPacific Freight,Tier-3,Pharmaceuticals,"Shenzhen, CN","Dallas, US",Standard Ground,7.9,13032.76,85,1000,0.455,1403.0,0.255,0.635,5.6196,0.085,0.2355,15.3,7.4,1
SHP-12834,Shenzhen Silicon Ltd,Tier-2,Pharmaceuticals,"Shenzhen, CN","Frankfurt, DE",Ocean Intermodal,27.1,2946.57,713,250,0.316,7849.3,0.435,0.61,3.4493,2.852,0.3493,34.2,7.1,1
SHP-12835,FastTrack Assembly Co,Tier-2,Consumer Electronics,"Shenzhen, CN","Dallas, US",Ocean Intermodal,22.9,3075.55,823,250,0.313,11900.8,0.072,0.133,1.9234,3.292,0.0126,22.9,0.0,0
SHP-12836,FastTrack Assembly Co,Tier-2,Semiconductors & Electronics,"Shenzhen, CN","Los Angeles, US",Air Freight,6.5,26571.51,236,500,0.363,9997.0,0.098,0.199,0.6491,0.472,0.0266,9.8,3.3,1
SHP-12837,Bavaria Logistics Parts,Tier-1,Automotive Assemblies,"Taipei, TW","Rotterdam, NL",Ocean Intermodal,29.9,1578.03,273,250,0.021,8486.2,0.206,0.5,3.5252,1.092,0.1051,29.9,0.0,0
SHP-12838,Apex Auto Components,Tier-1,Consumer Electronics,"Shenzhen, CN","Los Angeles, US",Standard Ground,5.3,14468.9,308,1000,0.046,1370.2,0.167,0.472,3.8858,0.308,0.0825,5.3,0.0,0
SHP-12839,GlobalTech Micro,Tier-1,Consumer Electronics,"Munich, DE","Rotterdam, NL",Air Freight,3.2,10021.56,568,250,0.118,11370.3,0.183,0.072,0.2806,2.272,0.0147,3.2,0.0,0
SHP-12840,Bavaria Logistics Parts,Tier-1,Consumer Electronics,"Shenzhen, CN","Rotterdam, NL",Standard Ground,13.9,1038.88,1292,100,0.117,1422.7,0.096,0.405,9.749,12.92,0.0434,13.9,0.0,0
SHP-12841,Apex Auto Components,Tier-1,Pharmaceuticals,"Munich, DE","Los Angeles, US",Standard Ground,12.9,1784.84,1160,100,0.198,727.0,0.546,0.21,17.7164,11.6,0.1373,12.9,0.0,0
SHP-12842,FastTrack Assembly Co,Tier-2,Pharmaceuticals,"Busan, KR","Dallas, US",Express Carrier,4.2,113229.31,1424,2000,0.306,7175.6,0.36,0.38,0.5829,0.712,0.1787,8.4,4.2,1
SHP-12843,Bavaria Logistics Parts,Tier-1,Consumer Electronics,"Munich, DE","Dallas, US",Ocean Intermodal,18.9,6977.04,498,1000,0.056,12071.9,0.072,0.368,1.5679,0.498,0.028,18.9,0.0,0
SHP-12844,Shenzhen Silicon Ltd,Tier-2,Consumer Electronics,"Busan, KR","Los Angeles, US",Standard Ground,9.8,7420.75,963,500,0.199,2906.6,0.45,0.186,3.3694,1.926,0.1003,9.8,0.0,0
SHP-12845,Shenzhen Silicon Ltd,Tier-2,Automotive Assemblies,"Busan, KR","Frankfurt, DE",Air Freight,3.1,10127.6,1497,250,0.302,10770.6,0.287,0.206,0.2881,5.988,0.077,3.1,0.0,0
SHP-12846,TransPacific Freight,Tier-3,Consumer Electronics,"Taipei, TW","Frankfurt, DE",Standard Ground,6.8,9422.65,1245,500,0.428,1808.3,0.433,0.357,3.7506,2.49,0.2208,6.8,0.0,0
SHP-12847,GlobalTech Micro,Tier-1,Consumer Electronics,"Busan, KR","Dallas, US",Air Freight,7.1,12794.04,1372,250,0.122,9142.8,0.045,0.133,0.7781,5.488,0.0067,7.1,0.0,0
SHP-12848,Nordic Raw Materials,Tier-1,Consumer Electronics,"Tokyo, JP","Singapore, SG",Air Freight,3.6,5709.94,528,100,0.107,5512.4,0.104,0.205,0.6451,5.28,0.0236,3.6,0.0,0
SHP-12849,GlobalTech Micro,Tier-1,Industrial Machinery,"Shenzhen, CN","Rotterdam, NL",Express Carrier,4.8,33902.91,872,500,0.156,6393.5,0.128,0.34,0.7512,1.744,0.0503,4.8,0.0,0
SHP-12850,Bavaria Logistics Parts,Tier-1,Consumer Electronics,"Munich, DE","Dallas, US",Standard Ground,5.6,1129.0,411,50,0.041,1699.1,0.5,0.258,3.3189,8.22,0.1343,5.6,0.0,0
SHP-12851,Nordic Raw Materials,Tier-1,Consumer Electronics,"Taipei, TW","Singapore, SG",Standard Ground,7.9,1258.43,243,100,0.081,3167.2,0.35,0.529,2.5063,2.43,0.2001,7.9,0.0,0
SHP-12852,FastTrack Assembly Co,Tier-2,Semiconductors & Electronics,"Taipei, TW","Dallas, US",Standard Ground,11.2,4337.67,348,250,0.39,2741.8,0.413,0.641,4.0905,1.392,0.368,19.1,7.9,1
SHP-12853,FastTrack Assembly Co,Tier-2,Pharmaceuticals,"Shenzhen, CN","Rotterdam, NL",Ocean Intermodal,24.6,2977.96,680,250,0.265,7462.5,0.33,0.294,3.2941,2.72,0.1228,24.6,0.0,0
SHP-12854,Apex Auto Components,Tier-1,Automotive Assemblies,"Shenzhen, CN","Singapore, SG",Ocean Intermodal,22.2,2504.78,300,250,0.11,9651.4,0.308,0.471,2.3002,1.2,0.161,27.2,5.0,1
SHP-12855,Delta Industrial Supplies,Tier-2,Pharmaceuticals,"Taipei, TW","Singapore, SG",Standard Ground,7.8,2525.71,302,250,0.222,1843.6,0.191,0.464,4.2478,1.208,0.1083,7.8,0.0,0
SHP-12856,Apex Auto Components,Tier-1,Semiconductors & Electronics,"Munich, DE","Dallas, US",Air Freight,4.8,19081.89,253,500,0.092,4310.7,0.245,0.423,1.1069,0.506,0.1131,4.8,0.0,0
SHP-12857,Delta Industrial Supplies,Tier-2,Industrial Machinery,"Shenzhen, CN","Los Angeles, US",Air Freight,6.4,4988.4,127,100,0.189,7920.1,0.326,0.659,0.8067,1.27,0.2555,11.5,5.1,1
SHP-12858,FastTrack Assembly Co,Tier-2,Automotive Assemblies,"Taipei, TW","Singapore, SG",Standard Ground,5.1,3939.16,897,250,0.314,2547.8,0.577,0.479,2.0095,3.588,0.3631,6.6,1.5,1
SHP-12859,Nordic Raw Materials,Tier-1,Consumer Electronics,"Munich, DE","Rotterdam, NL",Standard Ground,8.8,4530.88,1206,250,0.075,3335.1,0.169,0.447,2.6376,4.824,0.0812,8.8,0.0,0
SHP-12860,Bavaria Logistics Parts,Tier-1,Consumer Electronics,"Tokyo, JP","Dallas, US",Express Carrier,2.2,16807.87,438,250,0.11,5011.8,0.01,0.25,0.4464,1.752,0.0028,2.2,0.0,0
SHP-12861,Bavaria Logistics Parts,Tier-1,Semiconductors & Electronics,"Chicago, US","Los Angeles, US",Ocean Intermodal,29.9,2709.37,499,250,0.062,7291.5,0.13,0.655,4.0946,1.996,0.0905,29.9,0.0,0
SHP-12862,GlobalTech Micro,Tier-1,Consumer Electronics,"Busan, KR","Dallas, US",Standard Ground,10.8,16474.66,1064,2000,0.15,3152.0,0.099,0.519,3.4231,0.532,0.0591,10.8,0.0,0
SHP-12863,GlobalTech Micro,Tier-1,Industrial Machinery,"Munich, DE","Singapore, SG",Standard Ground,11.4,1032.54,680,100,0.085,1275.6,0.529,0.681,8.9634,6.8,0.3907,11.4,0.0,0
SHP-12864,Shenzhen Silicon Ltd,Tier-2,Industrial Machinery,"Munich, DE","Frankfurt, DE",Standard Ground,13.7,34827.51,640,2000,0.242,1402.9,0.554,0.365,9.7898,0.32,0.2511,15.2,1.5,1
SHP-12865,TransPacific Freight,Tier-3,Pharmaceuticals,"Tokyo, JP","Singapore, SG",Ocean Intermodal,27.2,2105.41,1092,250,0.418,9571.7,0.21,0.185,2.8434,4.368,0.0551,27.2,0.0,0
SHP-12866,Nordic Raw Materials,Tier-1,Industrial Machinery,"Shenzhen, CN","Los Angeles, US",Standard Ground,7.0,1760.74,1226,100,0.08,2721.8,0.406,0.48,2.5725,12.26,0.2104,7.0,0.0,0
SHP-12867,TransPacific Freight,Tier-3,Semiconductors & Electronics,"Tokyo, JP","Los Angeles, US",Ocean Intermodal,29.4,8630.67,772,2000,0.424,8782.4,0.276,0.166,3.3437,0.386,0.0652,34.0,4.6,1
SHP-12868,TransPacific Freight,Tier-3,Industrial Machinery,"Busan, KR","Frankfurt, DE",Standard Ground,7.9,1450.75,1304,100,0.382,759.5,0.188,0.18,10.3867,13.04,0.0468,7.9,0.0,0
SHP-12869,Shenzhen Silicon Ltd,Tier-2,Automotive Assemblies,"Munich, DE","Singapore, SG",Standard Ground,9.4,4413.17,680,250,0.179,2315.0,0.339,0.292,4.0437,2.72,0.1167,9.4,0.0,0
SHP-12870,Shenzhen Silicon Ltd,Tier-2,Industrial Machinery,"Tokyo, JP","Rotterdam, NL",Air Freight,6.0,4198.07,889,100,0.356,9708.9,0.214,0.578,0.6138,8.89,0.1677,10.3,4.3,1
SHP-12871,Bavaria Logistics Parts,Tier-1,Automotive Assemblies,"Munich, DE","Singapore, SG",Standard Ground,8.8,1424.11,416,100,0.062,2153.8,0.57,0.31,4.105,4.16,0.1877,8.8,0.0,0
SHP-12872,Shenzhen Silicon Ltd,Tier-2,Industrial Machinery,"Taipei, TW","Rotterdam, NL",Ocean Intermodal,34.2,2500.66,1166,250,0.188,12524.4,0.327,0.414,2.7293,4.664,0.1608,37.1,2.9,1
SHP-12873,Bavaria Logistics Parts,Tier-1,Consumer Electronics,"Taipei, TW","Frankfurt, DE",Air Freight,5.9,2162.28,1153,50,0.089,10843.5,0.322,0.224,0.5418,23.06,0.0786,5.9,0.0,0
SHP-12874,Shenzhen Silicon Ltd,Tier-2,Semiconductors & Electronics,"Chicago, US","Dallas, US",Standard Ground,12.6,1168.12,412,50,0.262,1444.1,0.265,0.388,8.7443,8.24,0.1298,12.6,0.0,0
SHP-12875,Bavaria Logistics Parts,Tier-1,Semiconductors & Electronics,"Chicago, US","Frankfurt, DE",Air Freight,3.3,3089.63,1480,50,0.069,10623.6,0.248,0.416,0.3133,29.6,0.1103,3.3,0.0,0
SHP-12876,FastTrack Assembly Co,Tier-2,Pharmaceuticals,"Busan, KR","Singapore, SG",Ocean Intermodal,34.6,1660.06,821,250,0.307,8671.6,0.401,0.188,3.9873,3.284,0.0986,34.6,0.0,0
SHP-12877,Apex Auto Components,Tier-1,Pharmaceuticals,"Chicago, US","Dallas, US",Air Freight,6.6,32028.69,399,1000,0.071,11825.2,0.194,0.496,0.5569,0.399,0.103,9.3,2.7,1
SHP-12878,Shenzhen Silicon Ltd,Tier-2,Semiconductors & Electronics,"Shenzhen, CN","Dallas, US",Ocean Intermodal,23.6,2487.82,1082,250,0.349,8278.3,0.234,0.535,2.8504,4.328,0.1688,29.1,5.5,1
SHP-12879,Bavaria Logistics Parts,Tier-1,Industrial Machinery,"Munich, DE","Los Angeles, US",Standard Ground,8.9,3991.09,600,250,0.084,968.2,0.291,0.381,9.1879,2.4,0.1202,8.9,0.0,0
SHP-12880,Delta Industrial Supplies,Tier-2,Automotive Assemblies,"Busan, KR","Frankfurt, DE",Air Freight,7.1,1951.82,650,50,0.208,5678.6,0.341,0.127,1.2461,13.0,0.0523,7.1,0.0,0
SHP-12881,Apex Auto Components,Tier-1,Automotive Assemblies,"Chicago, US","Dallas, US",Standard Ground,10.9,3674.71,1308,250,0.01,1426.7,0.557,0.431,7.6692,5.232,0.2425,10.9,0.0,0
SHP-12882,Bavaria Logistics Parts,Tier-1,Industrial Machinery,"Busan, KR","Dallas, US",Standard Ground,5.8,1891.02,1262,100,0.058,1340.7,0.197,0.286,4.2898,12.62,0.0596,5.8,0.0,0
SHP-12883,Bavaria Logistics Parts,Tier-1,Pharmaceuticals,"Busan, KR","Rotterdam, NL",Air Freight,7.5,22336.91,80,500,0.085,5458.3,0.419,0.132,1.3823,0.16,0.06,7.5,0.0,0
SHP-12884,GlobalTech Micro,Tier-1,Semiconductors & Electronics,"Munich, DE","Frankfurt, DE",Ocean Intermodal,29.5,1334.8,1035,250,0.147,12294.3,0.159,0.232,2.4034,4.14,0.0423,29.5,0.0,0
SHP-12885,Bavaria Logistics Parts,Tier-1,Consumer Electronics,"Taipei, TW","Dallas, US",Ocean Intermodal,31.2,13580.9,978,2000,0.084,11663.9,0.376,0.507,2.6722,0.489,0.2067,35.3,4.1,1
SHP-12886,Delta Industrial Supplies,Tier-2,Pharmaceuticals,"Shenzhen, CN","Frankfurt, DE",Standard Ground,9.6,1697.18,538,100,0.321,1297.6,0.39,0.158,7.3748,5.38,0.0814,9.6,0.0,0
SHP-12887,Apex Auto Components,Tier-1,Consumer Electronics,"Shenzhen, CN","Los Angeles, US",Standard Ground,12.2,3618.11,55,250,0.052,2201.9,0.137,0.196,5.5327,0.22,0.0283,12.2,0.0,0
SHP-12888,Bavaria Logistics Parts,Tier-1,Automotive Assemblies,"Shenzhen, CN","Dallas, US",Standard Ground,6.9,732.78,1276,50,0.049,2544.2,0.396,0.747,2.7156,25.52,0.3104,6.9,0.0,0
SHP-12889,Bavaria Logistics Parts,Tier-1,Pharmaceuticals,"Tokyo, JP","Los Angeles, US",Air Freight,6.2,10232.67,1301,250,0.056,6197.0,0.096,0.7,0.9998,5.204,0.0709,6.2,0.0,0
SHP-12890,FastTrack Assembly Co,Tier-2,Pharmaceuticals,"Tokyo, JP","Singapore, SG",Ocean Intermodal,28.1,3207.93,1306,250,0.327,7921.7,0.286,0.388,3.5516,5.224,0.1472,28.1,0.0,0
SHP-12891,Shenzhen Silicon Ltd,Tier-2,Semiconductors & Electronics,"Munich, DE","Rotterdam, NL",Air Freight,7.9,17022.25,397,500,0.28,11091.6,0.182,0.045,0.7132,0.794,0.0105,7.9,0.0,0
SHP-12892,GlobalTech Micro,Tier-1,Consumer Electronics,"Munich, DE","Dallas, US",Ocean Intermodal,20.3,554.98,363,100,0.105,13753.6,0.183,0.825,1.4736,3.63,0.1668,26.2,5.9,1
SHP-12893,FastTrack Assembly Co,Tier-2,Consumer Electronics,"Shenzhen, CN","Dallas, US",Standard Ground,7.4,9713.26,1130,1000,0.265,3196.9,0.174,0.582,2.3152,1.13,0.1281,7.4,0.0,0
SHP-12894,TransPacific Freight,Tier-3,Automotive Assemblies,"Munich, DE","Los Angeles, US",Ocean Intermodal,31.8,9104.95,141,1000,0.389,8045.5,0.241,0.297,3.9501,0.141,0.0994,36.9,5.1,1
SHP-12895,Bavaria Logistics Parts,Tier-1,Industrial Machinery,"Tokyo, JP","Dallas, US",Ocean Intermodal,18.8,2117.73,496,250,0.053,11079.5,0.04,0.087,1.6985,1.984,0.0037,18.8,0.0,0
SHP-12896,TransPacific Freight,Tier-3,Semiconductors & Electronics,"Taipei, TW","Los Angeles, US",Standard Ground,10.0,11598.72,326,1000,0.369,3160.4,0.433,0.527,3.1626,0.326,0.3123,13.6,3.6,1
SHP-12897,GlobalTech Micro,Tier-1,Automotive Assemblies,"Shenzhen, CN","Singapore, SG",Standard Ground,8.5,1679.85,316,100,0.105,1939.6,0.105,0.322,4.4056,3.16,0.0374,8.5,0.0,0
SHP-12898,Nordic Raw Materials,Tier-1,Industrial Machinery,"Taipei, TW","Dallas, US",Standard Ground,11.2,4358.28,163,250,0.051,1982.4,0.186,0.252,5.6259,0.652,0.0493,11.2,0.0,0
SHP-12899,GlobalTech Micro,Tier-1,Semiconductors & Electronics,"Shenzhen, CN","Dallas, US",Standard Ground,5.3,4610.96,1144,250,0.105,1959.4,0.279,0.099,2.6988,4.576,0.0305,5.3,0.0,0
SHP-12900,Bavaria Logistics Parts,Tier-1,Industrial Machinery,"Shenzhen, CN","Singapore, SG",Air Freight,5.4,4680.99,528,100,0.04,5554.8,0.352,0.238,0.9701,5.28,0.0871,5.4,0.0,0
SHP-12901,FastTrack Assembly Co,Tier-2,Automotive Assemblies,"Tokyo, JP","Singapore, SG",Standard Ground,10.2,1992.84,432,100,0.323,2624.1,0.208,0.694,3.8878,4.32,0.1909,10.2,0.0,0
SHP-12902,Bavaria Logistics Parts,Tier-1,Semiconductors & Electronics,"Munich, DE","Rotterdam, NL",Ocean Intermodal,21.1,1013.01,1108,100,0.01,10912.8,0.695,0.449,1.9314,11.08,0.3152,25.7,4.6,1
SHP-12903,Bavaria Logistics Parts,Tier-1,Automotive Assemblies,"Chicago, US","Singapore, SG",Air Freight,6.6,7645.97,195,250,0.024,9222.3,0.132,0.6,0.7125,0.78,0.0811,6.6,0.0,0
SHP-12904,FastTrack Assembly Co,Tier-2,Semiconductors & Electronics,"Munich, DE","Los Angeles, US",Standard Ground,8.5,16232.46,266,1000,0.379,1910.5,0.73,0.82,4.4609,0.266,0.8256,17.2,8.7,1
SHP-12905,Shenzhen Silicon Ltd,Tier-2,Automotive Assemblies,"Shenzhen, CN","Dallas, US",Ocean Intermodal,31.3,2727.7,1489,250,0.277,10102.1,0.251,0.265,3.1007,5.956,0.0849,31.3,0.0,0
SHP-12906,Nordic Raw Materials,Tier-1,Automotive Assemblies,"Taipei, TW","Dallas, US",Express Carrier,3.1,67650.85,953,1000,0.099,7188.9,0.398,0.163,0.4246,0.953,0.0713,3.1,0.0,0
SHP-12907,FastTrack Assembly Co,Tier-2,Automotive Assemblies,"Munich, DE","Frankfurt, DE",Air Freight,5.6,40253.37,723,1000,0.364,9745.8,0.097,0.076,0.5743,0.723,0.0101,5.6,0.0,0
SHP-12908,Bavaria Logistics Parts,Tier-1,Automotive Assemblies,"Busan, KR","Dallas, US",Express Carrier,2.6,3263.95,1044,50,0.01,2560.3,0.523,0.148,1.0335,20.88,0.0782,2.6,0.0,0
SHP-12909,Delta Industrial Supplies,Tier-2,Industrial Machinery,"Busan, KR","Frankfurt, DE",Standard Ground,11.8,8468.92,780,500,0.232,2631.6,0.466,0.459,4.483,1.56,0.2634,11.8,0.0,0
SHP-12910,TransPacific Freight,Tier-3,Semiconductors & Electronics,"Taipei, TW","Dallas, US",Standard Ground,8.8,896.55,472,50,0.426,3184.7,0.777,0.21,2.756,9.44,0.2327,13.9,5.1,1
SHP-12911,Nordic Raw Materials,Tier-1,Industrial Machinery,"Busan, KR","Dallas, US",Standard Ground,6.8,2801.1,199,250,0.025,2093.3,0.16,0.129,3.241,0.796,0.0212,6.8,0.0,0
SHP-12912,GlobalTech Micro,Tier-1,Industrial Machinery,"Munich, DE","Frankfurt, DE",Ocean Intermodal,26.4,1100.4,1299,100,0.146,12999.1,0.304,0.106,2.0316,12.99,0.0369,26.4,0.0,0
SHP-12913,Shenzhen Silicon Ltd,Tier-2,Semiconductors & Electronics,"Taipei, TW","Frankfurt, DE",Standard Ground,13.4,1751.77,1274,100,0.339,1052.8,0.3,0.501,12.7706,12.74,0.2013,13.4,0.0,0
SHP-12914,Shenzhen Silicon Ltd,Tier-2,Automotive Assemblies,"Tokyo, JP","Frankfurt, DE",Air Freight,8.0,5025.32,157,100,0.304,5146.5,0.398,0.304,1.5533,1.57,0.1578,8.0,0.0,0
SHP-12915,FastTrack Assembly Co,Tier-2,Automotive Assemblies,"Taipei, TW","Dallas, US",Standard Ground,9.1,32646.85,805,2000,0.33,720.9,0.329,0.41,12.5766,0.4025,0.1794,9.1,0.0,0
SHP-12916,FastTrack Assembly Co,Tier-2,Pharmaceuticals,"Shenzhen, CN","Singapore, SG",Standard Ground,5.8,3370.51,414,250,0.305,2294.7,0.237,0.128,2.5059,1.656,0.0396,5.8,0.0,0
SHP-12917,FastTrack Assembly Co,Tier-2,Industrial Machinery,"Munich, DE","Singapore, SG",Standard Ground,8.6,1129.1,527,50,0.316,2318.5,0.493,0.462,3.6979,10.54,0.2998,8.6,0.0,0
SHP-12918,TransPacific Freight,Tier-3,Consumer Electronics,"Shenzhen, CN","Frankfurt, DE",Ocean Intermodal,33.1,2111.88,1436,250,0.454,7305.1,0.399,0.491,4.5349,5.744,0.2849,39.1,6.0,1
SHP-12919,Bavaria Logistics Parts,Tier-1,Automotive Assemblies,"Chicago, US","Los Angeles, US",Ocean Intermodal,23.3,676.09,1354,50,0.01,11176.3,0.536,0.26,2.0868,27.08,0.1408,23.3,0.0,0
SHP-12920,Delta Industrial Supplies,Tier-2,Pharmaceuticals,"Shenzhen, CN","Frankfurt, DE",Air Freight,6.9,27267.18,556,500,0.187,10966.1,0.178,0.5,0.6288,1.112,0.1057,12.2,5.3,1
SHP-12921,TransPacific Freight,Tier-3,Consumer Electronics,"Munich, DE","Rotterdam, NL",Ocean Intermodal,29.5,9081.77,273,1000,0.436,11108.6,0.475,0.419,2.6584,0.273,0.2857,38.6,9.1,1
SHP-12922,Nordic Raw Materials,Tier-1,Industrial Machinery,"Shenzhen, CN","Frankfurt, DE",Ocean Intermodal,25.6,3916.39,1110,500,0.158,10201.3,0.378,0.534,2.5136,2.22,0.2338,28.5,2.9,1
SHP-12923,Shenzhen Silicon Ltd,Tier-2,Automotive Assemblies,"Shenzhen, CN","Singapore, SG",Standard Ground,7.0,4241.45,556,250,0.254,1125.6,0.157,0.082,6.25,2.224,0.0161,7.0,0.0,0
SHP-12924,Bavaria Logistics Parts,Tier-1,Industrial Machinery,"Tokyo, JP","Rotterdam, NL",Ocean Intermodal,25.3,2387.05,840,500,0.045,8926.4,0.439,0.069,2.8338,1.68,0.0317,25.3,0.0,0
SHP-12925,TransPacific Freight,Tier-3,Pharmaceuticals,"Busan, KR","Los Angeles, US",Ocean Intermodal,19.2,3536.6,985,500,0.405,7397.5,0.625,0.362,2.6002,1.97,0.3178,25.0,5.8,1
SHP-12926,TransPacific Freight,Tier-3,Pharmaceuticals,"Busan, KR","Los Angeles, US",Express Carrier,2.1,49023.85,726,1000,0.444,6339.8,0.436,0.725,0.3257,0.726,0.4565,10.8,8.7,1
SHP-12927,TransPacific Freight,Tier-3,Industrial Machinery,"Shenzhen, CN","Frankfurt, DE",Air Freight,4.8,15959.6,599,500,0.473,10395.5,0.393,0.214,0.4576,1.198,0.1239,9.2,4.4,1
SHP-12928,GlobalTech Micro,Tier-1,Semiconductors & Electronics,"Tokyo, JP","Dallas, US",Air Freight,5.7,13047.1,979,250,0.192,6851.9,0.4,0.877,0.8295,3.916,0.4183,11.7,6.0,1
SHP-12929,Bavaria Logistics Parts,Tier-1,Semiconductors & Electronics,"Chicago, US","Los Angeles, US",Ocean Intermodal,23.5,9814.0,832,2000,0.043,7869.4,0.215,0.776,2.9894,0.416,0.174,27.3,3.8,1
SHP-12930,Bavaria Logistics Parts,Tier-1,Automotive Assemblies,"Chicago, US","Dallas, US",Express Carrier,2.4,3628.31,1080,50,0.076,3092.2,0.497,0.207,0.7804,21.6,0.1107,2.4,0.0,0
SHP-12931,Apex Auto Components,Tier-1,Semiconductors & Electronics,"Busan, KR","Frankfurt, DE",Ocean Intermodal,28.7,699.6,739,50,0.113,10824.2,0.297,0.299,2.6496,14.78,0.0989,28.7,0.0,0
SHP-12932,Shenzhen Silicon Ltd,Tier-2,Automotive Assemblies,"Busan, KR","Los Angeles, US",Air Freight,4.8,5012.09,284,100,0.255,8120.0,0.295,0.764,0.5972,2.84,0.2828,10.7,5.9,1
SHP-12933,Delta Industrial Supplies,Tier-2,Pharmaceuticals,"Munich, DE","Singapore, SG",Standard Ground,9.4,18364.76,1224,1000,0.208,1133.3,0.395,0.298,8.3361,1.224,0.1421,9.4,0.0,0
SHP-12934,GlobalTech Micro,Tier-1,Consumer Electronics,"Busan, KR","Los Angeles, US",Standard Ground,6.3,725.74,1394,50,0.138,2660.4,0.03,0.324,2.371,27.88,0.0111,6.3,0.0,0
SHP-12935,Nordic Raw Materials,Tier-1,Semiconductors & Electronics,"Shenzhen, CN","Los Angeles, US",Standard Ground,13.6,4452.91,569,250,0.079,789.3,0.245,0.293,17.2734,2.276,0.0775,13.6,0.0,0
SHP-12936,FastTrack Assembly Co,Tier-2,Automotive Assemblies,"Chicago, US","Dallas, US",Air Freight,4.1,22362.39,1094,500,0.262,6008.8,0.137,0.203,0.6764,2.188,0.0351,4.1,0.0,0
SHP-12937,Shenzhen Silicon Ltd,Tier-2,Semiconductors & Electronics,"Busan, KR","Rotterdam, NL",Standard Ground,6.5,653.13,67,50,0.245,2437.9,0.263,0.202,2.6506,1.34,0.0661,6.5,0.0,0
SHP-12938,FastTrack Assembly Co,Tier-2,Pharmaceuticals,"Tokyo, JP","Dallas, US",Standard Ground,7.9,3216.54,306,250,0.29,2537.8,0.367,0.554,3.1099,1.224,0.2622,11.0,3.1,1
SHP-12939,Shenzhen Silicon Ltd,Tier-2,Pharmaceuticals,"Munich, DE","Rotterdam, NL",Standard Ground,9.4,2652.4,1195,250,0.329,2004.8,0.38,0.463,4.6646,4.78,0.2339,9.4,0.0,0
SHP-12940,Nordic Raw Materials,Tier-1,Automotive Assemblies,"Chicago, US","Frankfurt, DE",Ocean Intermodal,21.2,1212.72,1282,100,0.109,13870.6,0.208,0.717,1.5266,12.82,0.1654,24.2,3.0,1
SHP-12941,Bavaria Logistics Parts,Tier-1,Industrial Machinery,"Shenzhen, CN","Singapore, SG",Ocean Intermodal,21.8,1471.63,1445,250,0.122,8211.0,0.586,0.383,2.6603,5.78,0.2518,21.8,0.0,0
SHP-12942,Shenzhen Silicon Ltd,Tier-2,Semiconductors & Electronics,"Busan, KR","Frankfurt, DE",Standard Ground,10.7,2203.0,242,250,0.192,1737.0,0.276,0.741,6.1561,0.968,0.2437,13.5,2.8,1
SHP-12943,FastTrack Assembly Co,Tier-2,Automotive Assemblies,"Shenzhen, CN","Frankfurt, DE",Ocean Intermodal,20.0,1687.61,1001,250,0.337,10894.5,0.205,0.177,1.8401,4.004,0.0485,20.0,0.0,0
SHP-12944,Apex Auto Components,Tier-1,Automotive Assemblies,"Shenzhen, CN","Los Angeles, US",Standard Ground,13.9,2733.42,490,250,0.101,823.7,0.213,0.079,16.8694,1.96,0.0185,13.9,0.0,0
SHP-12945,Apex Auto Components,Tier-1,Automotive Assemblies,"Munich, DE","Frankfurt, DE",Ocean Intermodal,19.6,547.37,427,50,0.04,12351.5,0.289,0.231,1.5876,8.54,0.0695,19.6,0.0,0
SHP-12946,Shenzhen Silicon Ltd,Tier-2,Consumer Electronics,"Busan, KR","Singapore, SG",Ocean Intermodal,19.5,10256.53,533,1000,0.309,13448.0,0.159,0.353,1.4513,0.533,0.0734,25.7,6.2,1
SHP-12947,Nordic Raw Materials,Tier-1,Pharmaceuticals,"Busan, KR","Singapore, SG",Ocean Intermodal,23.6,2265.98,868,250,0.134,11035.4,0.203,0.415,2.1387,3.472,0.0956,23.6,0.0,0
SHP-12948,Shenzhen Silicon Ltd,Tier-2,Pharmaceuticals,"Chicago, US","Los Angeles, US",Standard Ground,6.4,8745.98,1279,500,0.318,994.2,0.145,0.536,6.452,2.558,0.1024,6.4,0.0,0
SHP-12949,FastTrack Assembly Co,Tier-2,Automotive Assemblies,"Chicago, US","Los Angeles, US",Standard Ground,9.6,1672.67,424,100,0.203,3491.8,0.613,0.161,2.7416,4.24,0.1187,9.6,0.0,0
SHP-12950,TransPacific Freight,Tier-3,Pharmaceuticals,"Chicago, US","Rotterdam, NL",Express Carrier,4.8,18937.83,933,250,0.396,4056.3,0.238,0.425,1.1862,3.732,0.1412,4.8,0.0,0
SHP-12951,Nordic Raw Materials,Tier-1,Semiconductors & Electronics,"Taipei, TW","Dallas, US",Ocean Intermodal,25.5,5167.02,389,500,0.01,9038.0,0.159,0.55,2.8198,0.778,0.0883,25.5,0.0,0
SHP-12952,Apex Auto Components,Tier-1,Automotive Assemblies,"Chicago, US","Los Angeles, US",Air Freight,5.1,5094.77,1233,100,0.01,10527.8,0.457,0.209,0.4872,12.33,0.0965,5.1,0.0,0
SHP-12953,Shenzhen Silicon Ltd,Tier-2,Industrial Machinery,"Shenzhen, CN","Dallas, US",Air Freight,7.8,12094.43,670,250,0.284,8762.0,0.692,0.372,0.8906,2.68,0.3305,13.8,6.0,1
SHP-12954,Bavaria Logistics Parts,Tier-1,Automotive Assemblies,"Munich, DE","Rotterdam, NL",Air Freight,4.5,2953.99,176,100,0.113,5230.6,0.194,0.386,0.8678,1.76,0.0834,4.5,0.0,0
SHP-12955,Shenzhen Silicon Ltd,Tier-2,Industrial Machinery,"Chicago, US","Los Angeles, US",Ocean Intermodal,30.6,1102.01,658,100,0.228,13882.4,0.336,0.345,2.2067,6.58,0.1424,33.8,3.2,1
SHP-12956,TransPacific Freight,Tier-3,Automotive Assemblies,"Chicago, US","Los Angeles, US",Standard Ground,12.3,1926.44,1422,100,0.363,732.9,0.081,0.591,16.8505,14.22,0.0653,12.3,0.0,0
SHP-12957,GlobalTech Micro,Tier-1,Semiconductors & Electronics,"Taipei, TW","Frankfurt, DE",Standard Ground,9.2,2210.81,129,250,0.116,2710.5,0.666,0.708,3.3945,0.516,0.5263,13.5,4.3,1
SHP-12958,FastTrack Assembly Co,Tier-2,Semiconductors & Electronics,"Chicago, US","Los Angeles, US",Ocean Intermodal,27.7,4402.53,202,500,0.358,12274.7,0.148,0.611,2.2606,0.404,0.1228,34.7,7.0,1
SHP-12959,Apex Auto Components,Tier-1,Automotive Assemblies,"Busan, KR","Frankfurt, DE",Standard Ground,10.5,1025.04,531,50,0.079,3109.7,0.219,0.103,3.3617,10.62,0.0243,10.5,0.0,0
SHP-12960,FastTrack Assembly Co,Tier-2,Automotive Assemblies,"Busan, KR","Rotterdam, NL",Air Freight,3.3,14678.2,759,250,0.268,8244.5,0.194,0.513,0.3958,3.036,0.1262,3.3,0.0,0
SHP-12961,GlobalTech Micro,Tier-1,Automotive Assemblies,"Busan, KR","Rotterdam, NL",Standard Ground,6.5,29563.16,1148,2000,0.106,1892.2,0.307,0.163,3.4264,0.574,0.0553,6.5,0.0,0
SHP-12962,FastTrack Assembly Co,Tier-2,Consumer Electronics,"Shenzhen, CN","Singapore, SG",Standard Ground,5.5,3231.64,1459,250,0.343,1129.6,0.077,0.484,4.8408,5.836,0.0501,5.5,0.0,0
SHP-12963,GlobalTech Micro,Tier-1,Consumer Electronics,"Shenzhen, CN","Los Angeles, US",Ocean Intermodal,23.4,5589.52,1378,500,0.048,11749.6,0.283,0.427,1.9934,2.756,0.1267,23.4,0.0,0
SHP-12964,Delta Industrial Supplies,Tier-2,Automotive Assemblies,"Shenzhen, CN","Frankfurt, DE",Air Freight,3.8,27686.34,612,1000,0.242,7159.6,0.355,0.713,0.5321,0.612,0.3144,11.3,7.5,1
SHP-12965,Shenzhen Silicon Ltd,Tier-2,Semiconductors & Electronics,"Chicago, US","Los Angeles, US",Air Freight,5.3,15007.52,219,250,0.351,7614.9,0.047,0.516,0.6968,0.876,0.0328,8.3,3.0,1
SHP-12966,GlobalTech Micro,Tier-1,Industrial Machinery,"Shenzhen, CN","Frankfurt, DE",Air Freight,4.5,3649.71,635,100,0.09,11562.2,0.239,0.186,0.3892,6.35,0.0485,4.5,0.0,0
SHP-12967,Delta Industrial Supplies,Tier-2,Pharmaceuticals,"Shenzhen, CN","Rotterdam, NL",Air Freight,4.7,41640.97,550,1000,0.29,8103.7,0.039,0.28,0.5785,0.55,0.0141,4.7,0.0,0
SHP-12968,Bavaria Logistics Parts,Tier-1,Industrial Machinery,"Chicago, US","Rotterdam, NL",Express Carrier,2.3,26031.81,1072,500,0.064,6100.8,0.524,0.398,0.3779,2.144,0.222,2.3,0.0,0
SHP-12969,FastTrack Assembly Co,Tier-2,Consumer Electronics,"Busan, KR","Los Angeles, US",Standard Ground,13.9,1884.43,952,100,0.31,790.3,0.195,0.506,17.5858,9.52,0.1293,13.9,0.0,0
SHP-12970,GlobalTech Micro,Tier-1,Semiconductors & Electronics,"Shenzhen, CN","Dallas, US",Ocean Intermodal,27.1,2190.6,507,250,0.114,8679.0,0.345,0.692,3.1223,2.028,0.266,30.3,3.2,1
SHP-12971,Nordic Raw Materials,Tier-1,Consumer Electronics,"Shenzhen, CN","Frankfurt, DE",Standard Ground,7.4,5175.89,533,250,0.117,1549.3,0.145,0.2,4.7735,2.132,0.0324,7.4,0.0,0
SHP-12972,Shenzhen Silicon Ltd,Tier-2,Pharmaceuticals,"Shenzhen, CN","Dallas, US",Standard Ground,13.0,37222.56,626,2000,0.242,2585.8,0.027,0.38,5.0279,0.313,0.0127,13.0,0.0,0
SHP-12973,Delta Industrial Supplies,Tier-2,Pharmaceuticals,"Tokyo, JP","Los Angeles, US",Ocean Intermodal,24.2,982.43,1144,100,0.267,8356.2,0.049,0.287,2.8998,11.44,0.0178,24.2,0.0,0
SHP-12974,Apex Auto Components,Tier-1,Automotive Assemblies,"Shenzhen, CN","Singapore, SG",Air Freight,4.0,1937.45,1147,50,0.058,8116.2,0.415,0.351,0.4892,22.94,0.1541,4.0,0.0,0
SHP-12975,Apex Auto Components,Tier-1,Consumer Electronics,"Tokyo, JP","Dallas, US",Air Freight,5.4,5162.19,453,100,0.096,5868.3,0.269,0.339,0.9159,4.53,0.0999,5.4,0.0,0
SHP-12976,Delta Industrial Supplies,Tier-2,Industrial Machinery,"Munich, DE","Los Angeles, US",Express Carrier,4.7,6804.8,1464,100,0.222,6294.1,0.206,0.286,0.7433,14.64,0.072,4.7,0.0,0
SHP-12977,Bavaria Logistics Parts,Tier-1,Pharmaceuticals,"Taipei, TW","Singapore, SG",Standard Ground,7.2,9840.35,973,500,0.073,1056.4,0.342,0.628,6.8614,1.946,0.2305,7.2,0.0,0
SHP-12978,GlobalTech Micro,Tier-1,Consumer Electronics,"Tokyo, JP","Dallas, US",Air Freight,3.7,23887.6,1173,500,0.089,8727.9,0.411,0.512,0.4264,2.346,0.2292,3.7,0.0,0
SHP-12979,Apex Auto Components,Tier-1,Semiconductors & Electronics,"Taipei, TW","Singapore, SG",Ocean Intermodal,25.3,502.11,1238,50,0.078,12656.4,0.355,0.439,2.0012,24.76,0.168,25.3,0.0,0
SHP-12980,Apex Auto Components,Tier-1,Semiconductors & Electronics,"Taipei, TW","Los Angeles, US",Standard Ground,10.2,3259.26,903,250,0.147,632.5,0.032,0.241,16.1696,3.612,0.0088,10.2,0.0,0
SHP-12981,Shenzhen Silicon Ltd,Tier-2,Automotive Assemblies,"Shenzhen, CN","Los Angeles, US",Standard Ground,11.4,1036.84,909,100,0.329,730.7,0.203,0.291,15.6305,9.09,0.0785,11.4,0.0,0
SHP-12982,Shenzhen Silicon Ltd,Tier-2,Automotive Assemblies,"Shenzhen, CN","Frankfurt, DE",Air Freight,6.0,10943.98,159,250,0.266,4152.2,0.296,0.129,1.4341,0.636,0.0483,6.0,0.0,0
SHP-12983,TransPacific Freight,Tier-3,Consumer Electronics,"Munich, DE","Los Angeles, US",Ocean Intermodal,30.0,1899.96,977,250,0.404,13380.8,0.41,0.499,2.2432,3.908,0.2873,39.3,9.3,1
SHP-12984,Bavaria Logistics Parts,Tier-1,Industrial Machinery,"Taipei, TW","Frankfurt, DE",Ocean Intermodal,31.6,423.57,848,50,0.062,10660.5,0.111,0.71,2.9664,16.96,0.0837,31.6,0.0,0
SHP-12985,Bavaria Logistics Parts,Tier-1,Semiconductors & Electronics,"Taipei, TW","Dallas, US",Ocean Intermodal,20.2,506.25,813,50,0.059,11735.4,0.372,0.289,1.7216,16.26,0.1138,20.2,0.0,0
SHP-12986,Apex Auto Components,Tier-1,Industrial Machinery,"Tokyo, JP","Singapore, SG",Standard Ground,7.4,6829.58,350,500,0.038,3375.4,0.64,0.686,2.1853,0.7,0.4556,12.3,4.9,1
SHP-12987,Bavaria Logistics Parts,Tier-1,Pharmaceuticals,"Tokyo, JP","Rotterdam, NL",Standard Ground,13.2,2055.71,1327,100,0.074,2523.5,0.401,0.336,5.2456,13.27,0.1447,13.2,0.0,0
SHP-12988,Nordic Raw Materials,Tier-1,Semiconductors & Electronics,"Shenzhen, CN","Rotterdam, NL",Ocean Intermodal,23.5,19330.14,247,2000,0.066,12418.6,0.68,0.513,1.8927,0.1235,0.3718,29.0,5.5,1
SHP-12989,Bavaria Logistics Parts,Tier-1,Semiconductors & Electronics,"Chicago, US","Los Angeles, US",Air Freight,5.2,19388.6,1189,500,0.065,7392.0,0.15,0.369,0.7044,2.378,0.0589,5.2,0.0,0
SHP-12990,Shenzhen Silicon Ltd,Tier-2,Industrial Machinery,"Chicago, US","Singapore, SG",Ocean Intermodal,25.0,4474.36,407,500,0.26,8600.0,0.483,0.816,2.91,0.814,0.4965,30.8,5.8,1
SHP-12991,Apex Auto Components,Tier-1,Automotive Assemblies,"Munich, DE","Singapore, SG",Ocean Intermodal,19.8,1700.25,444,250,0.024,8875.1,0.538,0.002,2.2291,1.776,0.0011,19.8,0.0,0
SHP-12992,Nordic Raw Materials,Tier-1,Industrial Machinery,"Tokyo, JP","Frankfurt, DE",Standard Ground,6.0,15542.43,313,1000,0.128,1526.0,0.437,0.494,3.9513,0.313,0.2434,6.0,0.0,0
SHP-12993,Bavaria Logistics Parts,Tier-1,Automotive Assemblies,"Shenzhen, CN","Rotterdam, NL",Ocean Intermodal,29.4,19252.68,1428,2000,0.112,12972.1,0.257,0.35,2.2654,0.714,0.1,32.7,3.3,1
SHP-12994,FastTrack Assembly Co,Tier-2,Pharmaceuticals,"Tokyo, JP","Rotterdam, NL",Standard Ground,5.2,3190.47,514,250,0.288,2404.9,0.235,0.333,2.1426,2.056,0.1008,5.2,0.0,0
SHP-12995,TransPacific Freight,Tier-3,Consumer Electronics,"Munich, DE","Singapore, SG",Standard Ground,13.3,5851.89,52,500,0.404,2550.9,0.307,0.496,5.2301,0.104,0.2138,19.9,6.6,1
SHP-12996,FastTrack Assembly Co,Tier-2,Consumer Electronics,"Munich, DE","Singapore, SG",Standard Ground,12.5,3956.06,1099,250,0.285,3370.4,0.491,0.206,3.715,4.396,0.13,12.5,0.0,0
SHP-12997,FastTrack Assembly Co,Tier-2,Automotive Assemblies,"Busan, KR","Frankfurt, DE",Air Freight,3.6,5382.24,600,100,0.33,11105.3,0.05,0.365,0.3197,6.0,0.0243,3.6,0.0,0
SHP-12998,FastTrack Assembly Co,Tier-2,Semiconductors & Electronics,"Shenzhen, CN","Rotterdam, NL",Standard Ground,8.0,4346.1,515,250,0.328,913.3,0.586,0.826,8.7315,2.06,0.6429,12.3,4.3,1
SHP-12999,Bavaria Logistics Parts,Tier-1,Pharmaceuticals,"Munich, DE","Los Angeles, US",Ocean Intermodal,30.8,2391.81,397,250,0.08,11471.2,0.593,0.313,2.6812,1.588,0.2005,33.4,2.6,1
SHP-13000,Apex Auto Components,Tier-1,Consumer Electronics,"Busan, KR","Frankfurt, DE",Standard Ground,13.9,4412.02,1372,250,0.04,1540.9,0.733,0.925,9.0465,5.488,0.7052,17.5,3.6,1
SHP-13001,Nordic Raw Materials,Tier-1,Pharmaceuticals,"Chicago, US","Frankfurt, DE",Air Freight,4.8,4487.6,1384,100,0.062,9456.6,0.103,0.881,0.5056,13.84,0.0964,9.6,4.8,1
SHP-13002,Delta Industrial Supplies,Tier-2,Semiconductors & Electronics,"Chicago, US","Singapore, SG",Standard Ground,12.2,37555.73,548,2000,0.264,536.5,0.388,0.609,22.79,0.274,0.2986,14.6,2.4,1
SHP-13003,Delta Industrial Supplies,Tier-2,Consumer Electronics,"Taipei, TW","Frankfurt, DE",Air Freight,7.5,8485.62,633,250,0.182,11588.7,0.41,0.136,0.6437,2.532,0.0659,7.5,0.0,0
SHP-13004,Apex Auto Components,Tier-1,Pharmaceuticals,"Taipei, TW","Frankfurt, DE",Ocean Intermodal,20.2,4513.51,433,500,0.116,10596.9,0.152,0.714,1.9041,0.866,0.1212,26.9,6.7,1
SHP-13005,FastTrack Assembly Co,Tier-2,Semiconductors & Electronics,"Tokyo, JP","Dallas, US",Express Carrier,4.9,28097.52,489,500,0.288,5643.9,0.445,0.166,0.86,0.978,0.0952,4.9,0.0,0
SHP-13006,Bavaria Logistics Parts,Tier-1,Industrial Machinery,"Tokyo, JP","Frankfurt, DE",Air Freight,6.1,11027.37,980,250,0.036,11938.6,0.37,0.041,0.5146,3.92,0.0157,6.1,0.0,0
SHP-13007,TransPacific Freight,Tier-3,Industrial Machinery,"Munich, DE","Frankfurt, DE",Ocean Intermodal,27.0,1107.55,1247,100,0.414,7150.1,0.8,0.7,3.771,12.47,0.7921,35.2,8.2,1
SHP-13008,Nordic Raw Materials,Tier-1,Automotive Assemblies,"Busan, KR","Los Angeles, US",Standard Ground,8.4,5294.37,1437,500,0.055,2312.3,0.111,0.367,3.6115,2.874,0.043,8.4,0.0,0
SHP-13009,Apex Auto Components,Tier-1,Automotive Assemblies,"Tokyo, JP","Singapore, SG",Standard Ground,13.0,699.68,935,50,0.088,1636.6,0.517,0.227,7.9195,18.7,0.1276,13.0,0.0,0
SHP-13010,Bavaria Logistics Parts,Tier-1,Semiconductors & Electronics,"Busan, KR","Singapore, SG",Standard Ground,10.6,2879.32,1164,250,0.063,1573.8,0.283,0.354,6.7036,4.656,0.1065,10.6,0.0,0
SHP-13011,Apex Auto Components,Tier-1,Automotive Assemblies,"Taipei, TW","Dallas, US",Express Carrier,3.7,10216.34,1343,250,0.086,3158.7,0.168,0.892,1.1704,5.372,0.1628,3.7,0.0,0
SHP-13012,FastTrack Assembly Co,Tier-2,Automotive Assemblies,"Shenzhen, CN","Singapore, SG",Ocean Intermodal,26.2,552.99,1221,50,0.248,7351.8,0.241,0.582,3.5627,24.42,0.175,27.2,1.0,1
SHP-13013,Apex Auto Components,Tier-1,Consumer Electronics,"Chicago, US","Rotterdam, NL",Ocean Intermodal,24.4,1002.96,1263,100,0.103,12822.5,0.561,0.558,1.8994,12.63,0.3454,29.3,4.9,1
SHP-13014,FastTrack Assembly Co,Tier-2,Consumer Electronics,"Chicago, US","Rotterdam, NL",Air Freight,6.3,28024.4,626,500,0.291,4258.6,0.252,0.566,1.4818,1.252,0.1842,9.0,2.7,1
SHP-13015,GlobalTech Micro,Tier-1,Consumer Electronics,"Busan, KR","Dallas, US",Standard Ground,8.1,814.29,302,50,0.044,3382.6,0.122,0.569,2.3798,6.04,0.0725,8.1,0.0,0
SHP-13016,TransPacific Freight,Tier-3,Industrial Machinery,"Busan, KR","Dallas, US",Ocean Intermodal,20.6,1009.6,64,100,0.485,12110.5,0.187,0.446,1.7012,0.64,0.1238,27.3,6.7,1
SHP-13017,Nordic Raw Materials,Tier-1,Pharmaceuticals,"Taipei, TW","Rotterdam, NL",Air Freight,7.7,24701.53,526,500,0.053,8996.9,0.176,0.455,0.8582,1.052,0.0844,7.7,0.0,0
SHP-13018,Apex Auto Components,Tier-1,Automotive Assemblies,"Taipei, TW","Rotterdam, NL",Standard Ground,9.4,1958.07,108,100,0.112,3128.6,0.558,0.17,3.0,1.08,0.1055,9.4,0.0,0
SHP-13019,Bavaria Logistics Parts,Tier-1,Pharmaceuticals,"Chicago, US","Rotterdam, NL",Standard Ground,10.7,5029.74,652,250,0.01,833.4,0.045,0.252,12.7824,2.608,0.0115,10.7,0.0,0
SHP-13020,Nordic Raw Materials,Tier-1,Automotive Assemblies,"Munich, DE","Singapore, SG",Air Freight,3.3,1695.79,869,50,0.041,10430.8,0.058,0.28,0.3119,17.38,0.0169,3.3,0.0,0
SHP-13021,Nordic Raw Materials,Tier-1,Consumer Electronics,"Shenzhen, CN","Singapore, SG",Ocean Intermodal,26.5,1599.65,502,250,0.059,12606.7,0.244,0.262,2.1021,2.008,0.0677,26.5,0.0,0
SHP-13022,GlobalTech Micro,Tier-1,Pharmaceuticals,"Taipei, TW","Singapore, SG",Express Carrier,2.4,3537.04,1340,50,0.074,6366.9,0.329,0.192,0.3771,26.8,0.0678,2.4,0.0,0
SHP-13023,Delta Industrial Supplies,Tier-2,Pharmaceuticals,"Busan, KR","Rotterdam, NL",Standard Ground,10.5,1053.28,175,100,0.201,1662.6,0.482,0.442,6.3031,1.75,0.2559,10.5,0.0,0
SHP-13024,Bavaria Logistics Parts,Tier-1,Semiconductors & Electronics,"Shenzhen, CN","Los Angeles, US",Ocean Intermodal,24.8,641.65,392,50,0.103,11645.4,0.241,0.16,2.1306,7.84,0.0425,24.8,0.0,0
SHP-13025,Nordic Raw Materials,Tier-1,Consumer Electronics,"Munich, DE","Singapore, SG",Standard Ground,8.3,5033.83,672,250,0.037,2965.5,0.313,0.303,2.7859,2.688,0.0984,8.3,0.0,0
SHP-13026,Shenzhen Silicon Ltd,Tier-2,Automotive Assemblies,"Chicago, US","Rotterdam, NL",Air Freight,3.2,5074.11,730,100,0.238,8887.9,0.407,0.138,0.3645,7.3,0.0696,3.2,0.0,0
SHP-13027,GlobalTech Micro,Tier-1,Automotive Assemblies,"Chicago, US","Frankfurt, DE",Air Freight,5.3,13016.87,1393,250,0.087,4070.2,0.351,0.373,1.2913,5.572,0.1423,5.3,0.0,0
SHP-13028,Delta Industrial Supplies,Tier-2,Semiconductors & Electronics,"Munich, DE","Singapore, SG",Standard Ground,12.8,3974.27,1081,250,0.205,2819.1,0.207,0.137,4.5256,4.324,0.0342,12.8,0.0,0
SHP-13029,FastTrack Assembly Co,Tier-2,Industrial Machinery,"Munich, DE","Los Angeles, US",Air Freight,3.1,1968.05,411,50,0.272,4482.1,0.103,0.462,0.6912,8.22,0.0605,3.1,0.0,0
SHP-13030,Shenzhen Silicon Ltd,Tier-2,Semiconductors & Electronics,"Munich, DE","Dallas, US",Air Freight,6.1,5572.4,1323,100,0.297,9326.0,0.299,0.372,0.6562,13.23,0.1442,8.3,2.2,1
SHP-13031,GlobalTech Micro,Tier-1,Industrial Machinery,"Taipei, TW","Rotterdam, NL",Standard Ground,5.6,5540.92,1271,500,0.113,1649.6,0.451,0.015,3.417,2.542,0.0075,5.6,0.0,0
SHP-13032,Bavaria Logistics Parts,Tier-1,Consumer Electronics,"Chicago, US","Frankfurt, DE",Standard Ground,5.9,3454.34,1286,250,0.041,1310.5,0.32,0.507,4.4971,5.144,0.1688,5.9,0.0,0
SHP-13033,Apex Auto Components,Tier-1,Semiconductors & Electronics,"Munich, DE","Los Angeles, US",Air Freight,6.7,118329.75,1455,2000,0.094,6570.0,0.397,0.562,1.0253,0.7275,0.2442,7.7,1.0,1
SHP-13034,Bavaria Logistics Parts,Tier-1,Semiconductors & Electronics,"Busan, KR","Frankfurt, DE",Standard Ground,7.6,2170.01,1462,100,0.027,3296.8,0.159,0.184,2.2936,14.62,0.03,7.6,0.0,0
SHP-13035,FastTrack Assembly Co,Tier-2,Automotive Assemblies,"Shenzhen, CN","Dallas, US",Standard Ground,12.4,1461.15,1306,100,0.326,3490.7,0.556,0.379,3.5598,13.06,0.2794,12.4,0.0,0
SHP-13036,Shenzhen Silicon Ltd,Tier-2,Consumer Electronics,"Tokyo, JP","Los Angeles, US",Standard Ground,11.2,7908.2,1055,500,0.271,3251.7,0.29,0.486,3.4425,2.11,0.1792,11.2,0.0,0
SHP-13037,Bavaria Logistics Parts,Tier-1,Automotive Assemblies,"Shenzhen, CN","Rotterdam, NL",Air Freight,3.9,1995.35,629,50,0.015,10494.4,0.239,0.198,0.3724,12.58,0.0481,3.9,0.0,0
SHP-13038,Shenzhen Silicon Ltd,Tier-2,Consumer Electronics,"Taipei, TW","Rotterdam, NL",Standard Ground,5.0,13557.34,1351,1000,0.265,2457.6,0.437,0.334,2.0498,1.351,0.1846,5.0,0.0,0
SHP-13039,Apex Auto Components,Tier-1,Industrial Machinery,"Tokyo, JP","Frankfurt, DE",Standard Ground,9.2,3608.83,1335,250,0.098,1993.3,0.24,0.657,4.6348,5.34,0.1732,9.2,0.0,0
SHP-13040,FastTrack Assembly Co,Tier-2,Consumer Electronics,"Tokyo, JP","Frankfurt, DE",Air Freight,5.0,14411.35,926,250,0.351,5791.5,0.423,0.237,0.8651,3.704,0.1354,5.0,0.0,0
SHP-13041,Bavaria Logistics Parts,Tier-1,Semiconductors & Electronics,"Chicago, US","Rotterdam, NL",Air Freight,3.5,7193.71,1120,250,0.01,9472.8,0.394,0.33,0.3709,4.48,0.1313,3.5,0.0,0
SHP-13042,GlobalTech Micro,Tier-1,Automotive Assemblies,"Busan, KR","Dallas, US",Air Freight,3.2,1461.55,267,50,0.144,7980.6,0.855,0.875,0.4027,5.34,0.8556,8.8,5.6,1
SHP-13043,GlobalTech Micro,Tier-1,Pharmaceuticals,"Chicago, US","Dallas, US",Standard Ground,9.9,9140.79,401,500,0.108,3139.4,0.22,0.476,3.1644,0.802,0.1161,9.9,0.0,0
SHP-13044,GlobalTech Micro,Tier-1,Consumer Electronics,"Tokyo, JP","Los Angeles, US",Standard Ground,7.0,854.89,702,50,0.166,1438.4,0.448,0.157,4.8385,14.04,0.082,7.0,0.0,0
SHP-13045,Apex Auto Components,Tier-1,Semiconductors & Electronics,"Munich, DE","Dallas, US",Express Carrier,2.9,20544.05,1298,500,0.126,5138.7,0.071,0.425,0.5619,2.596,0.034,2.9,0.0,0
SHP-13046,Delta Industrial Supplies,Tier-2,Consumer Electronics,"Tokyo, JP","Frankfurt, DE",Standard Ground,11.9,5403.48,1190,500,0.106,1640.5,0.298,0.541,7.2505,2.38,0.1783,11.9,0.0,0
SHP-13047,Shenzhen Silicon Ltd,Tier-2,Automotive Assemblies,"Shenzhen, CN","Singapore, SG",Ocean Intermodal,31.1,923.22,1022,100,0.231,7105.1,0.811,0.244,4.384,10.22,0.2435,38.6,7.5,1
SHP-13048,GlobalTech Micro,Tier-1,Consumer Electronics,"Shenzhen, CN","Singapore, SG",Standard Ground,5.2,644.81,1438,50,0.096,725.9,0.156,0.54,7.1233,28.76,0.0923,5.2,0.0,0
SHP-13049,Bavaria Logistics Parts,Tier-1,Automotive Assemblies,"Shenzhen, CN","Rotterdam, NL",Air Freight,6.8,22439.89,127,500,0.038,7300.5,0.402,0.102,0.9334,0.254,0.0426,6.8,0.0,0
SHP-13050,Delta Industrial Supplies,Tier-2,Consumer Electronics,"Shenzhen, CN","Rotterdam, NL",Air Freight,5.2,26063.34,802,500,0.13,7982.6,0.181,0.857,0.6521,1.604,0.1753,10.1,4.9,1
SHP-13051,FastTrack Assembly Co,Tier-2,Semiconductors & Electronics,"Busan, KR","Dallas, US",Air Freight,6.8,8686.87,1179,250,0.368,10026.7,0.437,0.244,0.6732,4.716,0.1459,9.0,2.2,1
SHP-13052,Bavaria Logistics Parts,Tier-1,Industrial Machinery,"Munich, DE","Singapore, SG",Air Freight,6.7,3772.94,792,100,0.023,6539.2,0.224,0.272,1.0259,7.92,0.0623,6.7,0.0,0
SHP-13053,TransPacific Freight,Tier-3,Consumer Electronics,"Chicago, US","Singapore, SG",Air Freight,5.0,26876.58,241,1000,0.429,7606.0,0.448,0.518,0.6591,0.241,0.3316,12.8,7.8,1
SHP-13054,Bavaria Logistics Parts,Tier-1,Consumer Electronics,"Chicago, US","Singapore, SG",Express Carrier,3.2,15930.2,530,250,0.046,2781.6,0.24,0.35,1.165,2.12,0.0879,3.2,0.0,0
SHP-13055,Shenzhen Silicon Ltd,Tier-2,Pharmaceuticals,"Busan, KR","Dallas, US",Air Freight,3.8,3680.26,1300,100,0.262,9323.8,0.335,0.146,0.4053,13.0,0.0617,3.8,0.0,0
SHP-13056,Bavaria Logistics Parts,Tier-1,Automotive Assemblies,"Tokyo, JP","Singapore, SG",Standard Ground,9.1,9417.13,1438,500,0.09,2544.9,0.587,0.419,3.5565,2.876,0.2682,9.1,0.0,0
SHP-13057,FastTrack Assembly Co,Tier-2,Semiconductors & Electronics,"Busan, KR","Rotterdam, NL",Standard Ground,11.3,3106.93,324,250,0.277,1313.6,0.31,0.561,8.5766,1.296,0.222,11.3,0.0,0
SHP-13058,Apex Auto Components,Tier-1,Consumer Electronics,"Tokyo, JP","Frankfurt, DE",Standard Ground,9.1,3868.44,509,250,0.11,1891.1,0.203,0.662,4.8193,2.036,0.1492,9.1,0.0,0
SHP-13059,Bavaria Logistics Parts,Tier-1,Semiconductors & Electronics,"Taipei, TW","Singapore, SG",Standard Ground,6.4,1766.5,824,100,0.01,639.2,0.4,0.407,10.0205,8.24,0.1644,6.4,0.0,0
SHP-13060,FastTrack Assembly Co,Tier-2,Consumer Electronics,"Shenzhen, CN","Rotterdam, NL",Standard Ground,13.2,5048.25,531,250,0.306,3145.5,0.178,0.469,4.204,2.124,0.1091,13.2,0.0,0
SHP-13061,Delta Industrial Supplies,Tier-2,Semiconductors & Electronics,"Taipei, TW","Frankfurt, DE",Standard Ground,11.3,7234.62,118,500,0.208,1693.1,0.726,0.395,6.668,0.236,0.3465,14.8,3.5,1
SHP-13062,Nordic Raw Materials,Tier-1,Automotive Assemblies,"Chicago, US","Frankfurt, DE",Ocean Intermodal,27.3,15294.68,1408,2000,0.068,7481.1,0.26,0.782,3.6548,0.704,0.2171,31.5,4.2,1
SHP-13063,Apex Auto Components,Tier-1,Consumer Electronics,"Tokyo, JP","Frankfurt, DE",Standard Ground,13.0,18155.61,745,1000,0.017,3198.8,0.116,0.256,4.0789,0.745,0.0302,13.0,0.0,0
SHP-13064,Bavaria Logistics Parts,Tier-1,Consumer Electronics,"Tokyo, JP","Los Angeles, US",Ocean Intermodal,23.9,3188.74,941,500,0.01,12837.9,0.058,0.25,1.8598,1.882,0.0146,23.9,0.0,0
SHP-13065,GlobalTech Micro,Tier-1,Automotive Assemblies,"Munich, DE","Dallas, US",Express Carrier,4.4,7514.71,890,100,0.124,7750.0,0.145,0.439,0.5715,8.9,0.0715,4.4,0.0,0
SHP-13066,Shenzhen Silicon Ltd,Tier-2,Semiconductors & Electronics,"Munich, DE","Singapore, SG",Standard Ground,10.2,8896.18,300,1000,0.3,1052.7,0.41,0.525,9.7219,0.3,0.2798,13.8,3.6,1
SHP-13067,Nordic Raw Materials,Tier-1,Industrial Machinery,"Chicago, US","Singapore, SG",Standard Ground,5.4,4380.47,1268,250,0.137,555.0,0.036,0.306,9.6537,5.072,0.0125,5.4,0.0,0
SHP-13068,Delta Industrial Supplies,Tier-2,Semiconductors & Electronics,"Taipei, TW","Rotterdam, NL",Air Freight,4.5,3890.89,1473,100,0.199,10972.6,0.523,0.224,0.4056,14.73,0.1405,4.5,0.0,0
SHP-13069,Bavaria Logistics Parts,Tier-1,Automotive Assemblies,"Busan, KR","Singapore, SG",Air Freight,6.6,50472.56,1280,1000,0.063,9899.1,0.271,0.416,0.6637,1.28,0.1198,6.6,0.0,0
SHP-13070,Apex Auto Components,Tier-1,Consumer Electronics,"Munich, DE","Singapore, SG",Air Freight,4.9,39024.41,1173,1000,0.01,4186.4,0.408,0.156,1.177,1.173,0.0643,4.9,0.0,0
SHP-13071,TransPacific Freight,Tier-3,Semiconductors & Electronics,"Busan, KR","Frankfurt, DE",Ocean Intermodal,34.8,610.64,114,50,0.329,8627.5,0.061,0.803,4.0377,2.28,0.0651,41.6,6.8,1
SHP-13072,FastTrack Assembly Co,Tier-2,Pharmaceuticals,"Shenzhen, CN","Singapore, SG",Air Freight,7.4,14804.54,998,250,0.31,8488.6,0.553,0.333,0.8684,3.992,0.2413,12.7,5.3,1
SHP-13073,Apex Auto Components,Tier-1,Semiconductors & Electronics,"Busan, KR","Singapore, SG",Ocean Intermodal,33.9,3632.24,1224,500,0.078,7350.1,0.393,0.052,4.6161,2.448,0.022,33.9,0.0,0
SHP-13074,Shenzhen Silicon Ltd,Tier-2,Pharmaceuticals,"Shenzhen, CN","Los Angeles, US",Ocean Intermodal,26.5,682.71,1304,50,0.285,10139.2,0.294,0.574,2.6125,26.08,0.2169,30.9,4.4,1
SHP-13075,GlobalTech Micro,Tier-1,Pharmaceuticals,"Chicago, US","Frankfurt, DE",Air Freight,7.0,27755.05,872,500,0.161,11791.4,0.497,0.422,0.5903,1.744,0.2434,13.3,6.3,1
SHP-13076,FastTrack Assembly Co,Tier-2,Automotive Assemblies,"Shenzhen, CN","Dallas, US",Air Freight,3.0,54650.14,838,2000,0.304,11874.5,0.126,0.43,0.2542,0.419,0.0706,7.3,4.3,1
SHP-13077,TransPacific Freight,Tier-3,Consumer Electronics,"Busan, KR","Los Angeles, US",Express Carrier,3.1,5919.32,506,100,0.425,5988.2,0.502,0.217,0.5215,5.06,0.1552,6.4,3.3,1
SHP-13078,GlobalTech Micro,Tier-1,Consumer Electronics,"Taipei, TW","Dallas, US",Air Freight,3.3,5703.06,733,100,0.245,7538.4,0.477,0.297,0.4424,7.33,0.1764,3.3,0.0,0
SHP-13079,Bavaria Logistics Parts,Tier-1,Industrial Machinery,"Shenzhen, CN","Dallas, US",Standard Ground,6.5,4900.27,733,250,0.041,2694.6,0.516,0.608,2.4132,2.932,0.3266,6.5,0.0,0
SHP-13080,Nordic Raw Materials,Tier-1,Industrial Machinery,"Tokyo, JP","Rotterdam, NL",Ocean Intermodal,27.0,4359.74,114,500,0.098,12635.4,0.678,0.463,2.134,0.228,0.3448,36.6,9.6,1
SHP-13081,Delta Industrial Supplies,Tier-2,Industrial Machinery,"Taipei, TW","Dallas, US",Air Freight,6.2,4915.13,632,100,0.243,10659.7,0.605,0.156,0.578,6.32,0.1173,10.3,4.1,1
SHP-13082,Shenzhen Silicon Ltd,Tier-2,Automotive Assemblies,"Taipei, TW","Singapore, SG",Air Freight,7.0,90550.68,106,2000,0.302,10613.9,0.208,0.629,0.6577,0.053,0.1703,14.0,7.0,1
SHP-13083,Bavaria Logistics Parts,Tier-1,Semiconductors & Electronics,"Busan, KR","Dallas, US",Standard Ground,8.5,708.45,245,50,0.01,1823.2,0.33,0.295,4.6831,4.9,0.0983,8.5,0.0,0
SHP-13084,TransPacific Freight,Tier-3,Consumer Electronics,"Taipei, TW","Los Angeles, US",Ocean Intermodal,21.4,768.23,755,100,0.422,9013.8,0.452,0.125,2.3698,7.55,0.0804,26.0,4.6,1
SHP-13085,Apex Auto Components,Tier-1,Industrial Machinery,"Munich, DE","Rotterdam, NL",Air Freight,4.7,6981.1,572,250,0.095,7947.6,0.595,0.355,0.5866,2.288,0.2313,4.7,0.0,0
SHP-13086,Delta Industrial Supplies,Tier-2,Automotive Assemblies,"Chicago, US","Los Angeles, US",Ocean Intermodal,25.7,12836.0,806,2000,0.273,10753.5,0.562,0.231,2.3855,0.403,0.1653,30.7,5.0,1
SHP-13087,Nordic Raw Materials,Tier-1,Industrial Machinery,"Taipei, TW","Los Angeles, US",Ocean Intermodal,25.6,3783.31,1316,500,0.077,8072.8,0.353,0.364,3.1688,2.632,0.1384,25.6,0.0,0
SHP-13088,Delta Industrial Supplies,Tier-2,Industrial Machinery,"Busan, KR","Singapore, SG",Ocean Intermodal,25.3,1522.1,1332,100,0.154,7187.2,0.458,0.319,3.5245,13.32,0.1685,25.3,0.0,0
SHP-13089,Bavaria Logistics Parts,Tier-1,Consumer Electronics,"Busan, KR","Singapore, SG",Ocean Intermodal,31.5,1410.45,1207,250,0.059,8153.2,0.266,0.726,3.8622,4.828,0.2045,31.5,0.0,0
SHP-13090,Apex Auto Components,Tier-1,Consumer Electronics,"Tokyo, JP","Los Angeles, US",Ocean Intermodal,20.7,1188.23,771,250,0.066,10399.2,0.351,0.393,1.9939,3.084,0.147,20.7,0.0,0
SHP-13091,TransPacific Freight,Tier-3,Industrial Machinery,"Munich, DE","Frankfurt, DE",Ocean Intermodal,34.4,22771.87,471,2000,0.504,8161.4,0.017,0.75,4.2106,0.2355,0.0192,44.6,10.2,1
SHP-13092,Delta Industrial Supplies,Tier-2,Consumer Electronics,"Chicago, US","Los Angeles, US",Standard Ground,5.9,3720.43,843,250,0.26,2249.1,0.426,0.331,2.6303,3.372,0.1776,5.9,0.0,0
SHP-13093,FastTrack Assembly Co,Tier-2,Semiconductors & Electronics,"Shenzhen, CN","Rotterdam, NL",Air Freight,7.3,8251.92,585,250,0.353,4156.1,0.392,0.371,1.7668,2.34,0.1967,7.3,0.0,0
SHP-13094,Apex Auto Components,Tier-1,Automotive Assemblies,"Tokyo, JP","Rotterdam, NL",Standard Ground,5.8,4680.85,775,250,0.118,1421.3,0.835,0.109,4.1063,3.1,0.1017,5.8,0.0,0
SHP-13095,GlobalTech Micro,Tier-1,Industrial Machinery,"Munich, DE","Rotterdam, NL",Air Freight,7.5,12260.65,1497,250,0.154,10028.1,0.251,0.35,0.7524,5.988,0.1014,7.5,0.0,0
SHP-13096,Bavaria Logistics Parts,Tier-1,Automotive Assemblies,"Busan, KR","Rotterdam, NL",Ocean Intermodal,24.8,2517.35,527,250,0.096,8945.7,0.144,0.427,2.7677,2.108,0.0674,24.8,0.0,0
SHP-13097,Delta Industrial Supplies,Tier-2,Consumer Electronics,"Tokyo, JP","Singapore, SG",Standard Ground,7.6,2814.21,404,250,0.207,3163.8,0.472,0.278,2.3944,1.616,0.1584,7.6,0.0,0
SHP-13098,Nordic Raw Materials,Tier-1,Pharmaceuticals,"Taipei, TW","Dallas, US",Standard Ground,11.8,2257.82,1231,250,0.117,2962.3,0.255,0.623,3.9872,4.924,0.1774,11.8,0.0,0
SHP-13099,Delta Industrial Supplies,Tier-2,Consumer Electronics,"Shenzhen, CN","Rotterdam, NL",Express Carrier,2.7,117069.6,494,2000,0.26,6857.3,0.222,0.174,0.3906,0.247,0.0487,2.7,0.0,0
SHP-13100,Bavaria Logistics Parts,Tier-1,Industrial Machinery,"Busan, KR","Dallas, US",Standard Ground,9.6,2836.06,683,250,0.01,2863.4,0.551,0.436,3.3688,2.732,0.2426,9.6,0.0,0
SHP-13101,Nordic Raw Materials,Tier-1,Pharmaceuticals,"Taipei, TW","Rotterdam, NL",Standard Ground,8.4,1289.12,379,100,0.075,905.8,0.148,0.167,9.2201,3.79,0.0266,8.4,0.0,0
SHP-13102,Apex Auto Components,Tier-1,Semiconductors & Electronics,"Busan, KR","Frankfurt, DE",Standard Ground,10.1,3069.64,532,250,0.057,2349.8,0.437,0.121,4.3071,2.128,0.0559,10.1,0.0,0
SHP-13103,Delta Industrial Supplies,Tier-2,Automotive Assemblies,"Taipei, TW","Frankfurt, DE",Standard Ground,8.6,4728.67,594,250,0.213,1739.8,0.77,0.309,4.9196,2.376,0.2885,8.6,0.0,0
SHP-13104,Delta Industrial Supplies,Tier-2,Semiconductors & Electronics,"Busan, KR","Rotterdam, NL",Air Freight,3.5,15505.09,561,500,0.19,10923.4,0.244,0.097,0.3159,1.122,0.0282,3.5,0.0,0
SHP-13105,Nordic Raw Materials,Tier-1,Industrial Machinery,"Taipei, TW","Dallas, US",Standard Ground,10.3,2936.61,513,250,0.106,2204.0,0.595,0.615,4.6852,2.052,0.4047,10.3,0.0,0
SHP-13106,Delta Industrial Supplies,Tier-2,Semiconductors & Electronics,"Shenzhen, CN","Los Angeles, US",Standard Ground,11.8,1325.92,221,100,0.226,3350.0,0.618,0.307,3.5334,2.21,0.2326,11.8,0.0,0
SHP-13107,GlobalTech Micro,Tier-1,Industrial Machinery,"Shenzhen, CN","Dallas, US",Ocean Intermodal,20.3,8615.8,893,1000,0.13,8318.2,0.024,0.284,2.4394,0.893,0.0077,20.3,0.0,0
SHP-13108,Delta Industrial Supplies,Tier-2,Automotive Assemblies,"Taipei, TW","Rotterdam, NL",Standard Ground,13.6,9637.91,520,500,0.208,2453.3,0.059,0.522,5.5357,1.04,0.0372,13.6,0.0,0
SHP-13109,Delta Industrial Supplies,Tier-2,Automotive Assemblies,"Munich, DE","Dallas, US",Ocean Intermodal,22.8,1312.44,943,250,0.217,7193.2,0.431,0.223,3.1695,3.772,0.117,22.8,0.0,0
SHP-13110,GlobalTech Micro,Tier-1,Consumer Electronics,"Chicago, US","Los Angeles, US",Express Carrier,3.5,29454.68,140,500,0.046,2537.8,0.256,0.456,1.3727,0.28,0.1222,3.5,0.0,0
SHP-13111,FastTrack Assembly Co,Tier-2,Consumer Electronics,"Tokyo, JP","Rotterdam, NL",Express Carrier,4.9,2692.87,1090,50,0.326,3874.6,0.193,0.809,1.2679,21.8,0.207,9.7,4.8,1
SHP-13112,TransPacific Freight,Tier-3,Semiconductors & Electronics,"Chicago, US","Los Angeles, US",Standard Ground,13.0,6737.41,391,500,0.44,2638.0,0.488,0.752,4.9253,0.782,0.5284,21.3,8.3,1
SHP-13113,Nordic Raw Materials,Tier-1,Consumer Electronics,"Shenzhen, CN","Singapore, SG",Standard Ground,10.4,2909.72,764,250,0.085,3464.3,0.551,0.405,2.9995,3.056,0.2421,10.4,0.0,0
SHP-13114,Apex Auto Components,Tier-1,Automotive Assemblies,"Shenzhen, CN","Singapore, SG",Standard Ground,8.6,3600.42,320,250,0.064,1167.7,0.189,0.594,7.358,1.28,0.1194,8.6,0.0,0
SHP-13115,Bavaria Logistics Parts,Tier-1,Semiconductors & Electronics,"Busan, KR","Rotterdam, NL",Ocean Intermodal,31.9,1937.08,343,250,0.014,13769.6,0.54,0.085,2.3199,1.372,0.0465,31.9,0.0,0
SHP-13116,Bavaria Logistics Parts,Tier-1,Semiconductors & Electronics,"Busan, KR","Rotterdam, NL",Express Carrier,2.3,17333.51,836,250,0.05,6126.0,0.444,0.727,0.377,3.344,0.3388,2.3,0.0,0
SHP-13117,Delta Industrial Supplies,Tier-2,Consumer Electronics,"Shenzhen, CN","Rotterdam, NL",Standard Ground,10.2,727.35,1278,50,0.196,3055.2,0.346,0.405,3.3223,25.56,0.1676,10.2,0.0,0
SHP-13118,Apex Auto Components,Tier-1,Semiconductors & Electronics,"Tokyo, JP","Frankfurt, DE",Standard Ground,5.8,4549.36,1472,500,0.158,2654.0,0.127,0.678,2.1908,2.944,0.0997,5.8,0.0,0
SHP-13119,FastTrack Assembly Co,Tier-2,Automotive Assemblies,"Busan, KR","Los Angeles, US",Standard Ground,8.0,8906.15,817,500,0.271,1270.9,0.339,0.3,6.2786,1.634,0.1293,8.0,0.0,0
SHP-13120,FastTrack Assembly Co,Tier-2,Consumer Electronics,"Busan, KR","Rotterdam, NL",Ocean Intermodal,25.2,1339.41,275,100,0.325,11818.0,0.399,0.425,2.1299,2.75,0.2246,29.5,4.3,1
SHP-13121,TransPacific Freight,Tier-3,Consumer Electronics,"Tokyo, JP","Los Angeles, US",Air Freight,7.6,4858.04,170,100,0.489,9735.5,0.397,0.261,0.7762,1.7,0.1543,14.6,7.0,1
SHP-13122,Bavaria Logistics Parts,Tier-1,Consumer Electronics,"Chicago, US","Dallas, US",Ocean Intermodal,34.1,3604.95,1445,500,0.067,9689.5,0.326,0.468,3.5235,2.89,0.1628,34.1,0.0,0
SHP-13123,Nordic Raw Materials,Tier-1,Pharmaceuticals,"Busan, KR","Los Angeles, US",Ocean Intermodal,34.4,9159.48,373,1000,0.104,13097.0,0.401,0.483,2.6241,0.373,0.2138,41.0,6.6,1
SHP-13124,Shenzhen Silicon Ltd,Tier-2,Pharmaceuticals,"Taipei, TW","Rotterdam, NL",Standard Ground,6.8,4882.39,522,250,0.275,2281.9,0.404,0.579,2.999,2.088,0.2983,8.5,1.7,1
SHP-13125,Nordic Raw Materials,Tier-1,Pharmaceuticals,"Munich, DE","Frankfurt, DE",Air Freight,7.7,29336.92,1191,1000,0.086,4075.0,0.382,0.456,1.8847,1.191,0.1891,7.7,0.0,0
SHP-13126,Delta Industrial Supplies,Tier-2,Semiconductors & Electronics,"Chicago, US","Singapore, SG",Ocean Intermodal,24.1,2204.52,418,250,0.251,10378.0,0.468,0.346,2.3245,1.672,0.2026,29.5,5.4,1
SHP-13127,GlobalTech Micro,Tier-1,Consumer Electronics,"Shenzhen, CN","Los Angeles, US",Ocean Intermodal,26.0,8689.21,1059,1000,0.134,12875.0,0.201,0.46,2.022,1.059,0.1049,30.6,4.6,1
SHP-13128,Delta Industrial Supplies,Tier-2,Automotive Assemblies,"Shenzhen, CN","Frankfurt, DE",Standard Ground,9.9,2583.0,276,250,0.302,709.8,0.5,0.411,13.9229,1.104,0.2676,9.9,0.0,0
SHP-13129,Bavaria Logistics Parts,Tier-1,Semiconductors & Electronics,"Chicago, US","Los Angeles, US",Standard Ground,8.1,4513.26,735,250,0.06,1370.9,0.486,0.269,5.9282,2.94,0.1386,8.1,0.0,0
SHP-13130,Nordic Raw Materials,Tier-1,Industrial Machinery,"Munich, DE","Los Angeles, US",Air Freight,7.7,6033.94,586,100,0.162,10520.2,0.293,0.427,0.7316,5.86,0.1453,7.7,0.0,0
SHP-13131,TransPacific Freight,Tier-3,Consumer Electronics,"Munich, DE","Frankfurt, DE",Air Freight,3.2,25172.76,603,500,0.509,5587.7,0.213,0.414,0.5775,1.206,0.1331,6.8,3.6,1
SHP-13132,GlobalTech Micro,Tier-1,Consumer Electronics,"Taipei, TW","Singapore, SG",Standard Ground,10.1,1142.14,142,100,0.142,2562.0,0.16,0.577,3.9255,1.42,0.1054,10.1,0.0,0
SHP-13133,FastTrack Assembly Co,Tier-2,Automotive Assemblies,"Taipei, TW","Dallas, US",Standard Ground,9.4,9594.92,836,1000,0.291,2981.3,0.154,0.463,3.1478,0.836,0.0921,9.4,0.0,0
SHP-13134,GlobalTech Micro,Tier-1,Automotive Assemblies,"Munich, DE","Rotterdam, NL",Standard Ground,7.5,4693.02,1143,250,0.152,1889.5,0.451,0.487,3.9703,4.572,0.2531,7.5,0.0,0
SHP-13135,GlobalTech Micro,Tier-1,Semiconductors & Electronics,"Tokyo, JP","Dallas, US",Standard Ground,12.3,1296.72,349,100,0.115,2338.9,0.109,0.248,5.2592,3.49,0.0301,12.3,0.0,0
SHP-13136,FastTrack Assembly Co,Tier-2,Consumer Electronics,"Busan, KR","Los Angeles, US",Express Carrier,2.7,10198.55,229,250,0.362,2735.0,0.495,0.213,0.9766,0.916,0.1436,3.7,1.0,1
SHP-13137,Delta Industrial Supplies,Tier-2,Automotive Assemblies,"Busan, KR","Los Angeles, US",Standard Ground,12.1,17312.03,591,2000,0.15,2164.7,0.049,0.116,5.605,0.2955,0.0065,12.1,0.0,0
SHP-13138,Apex Auto Components,Tier-1,Semiconductors & Electronics,"Taipei, TW","Los Angeles, US",Air Freight,6.7,107547.81,498,2000,0.016,10125.9,0.17,0.179,0.6644,0.249,0.0309,6.7,0.0,0
SHP-13139,TransPacific Freight,Tier-3,Automotive Assemblies,"Tokyo, JP","Singapore, SG",Air Freight,7.1,13381.61,89,250,0.423,11302.3,0.141,0.552,0.6273,0.356,0.1108,14.4,7.3,1
SHP-13140,Apex Auto Components,Tier-1,Pharmaceuticals,"Chicago, US","Singapore, SG",Standard Ground,5.9,1994.81,713,100,0.122,1289.0,0.629,0.737,4.5673,7.13,0.5201,5.9,0.0,0
SHP-13141,Shenzhen Silicon Ltd,Tier-2,Pharmaceuticals,"Chicago, US","Los Angeles, US",Air Freight,3.3,14910.51,213,500,0.277,11793.7,0.585,0.692,0.278,0.426,0.5169,11.8,8.5,1
SHP-13142,Shenzhen Silicon Ltd,Tier-2,Semiconductors & Electronics,"Shenzhen, CN","Dallas, US",Air Freight,5.3,15089.91,99,250,0.161,8236.1,0.281,0.386,0.6442,0.396,0.1259,9.2,3.9,1
SHP-13143,Bavaria Logistics Parts,Tier-1,Consumer Electronics,"Shenzhen, CN","Rotterdam, NL",Air Freight,3.5,7834.1,289,250,0.023,7441.1,0.18,0.358,0.465,1.156,0.0659,3.5,0.0,0
SHP-13144,FastTrack Assembly Co,Tier-2,Automotive Assemblies,"Shenzhen, CN","Frankfurt, DE",Air Freight,6.7,20005.59,972,500,0.309,4155.8,0.195,0.912,1.6132,1.944,0.2328,13.0,6.3,1
SHP-13145,TransPacific Freight,Tier-3,Consumer Electronics,"Munich, DE","Dallas, US",Ocean Intermodal,22.1,845.16,1103,100,0.368,9803.6,0.574,0.36,2.2524,11.03,0.2827,26.9,4.8,1
SHP-13146,Apex Auto Components,Tier-1,Semiconductors & Electronics,"Chicago, US","Singapore, SG",Standard Ground,7.9,14524.23,453,1000,0.09,3114.6,0.175,0.199,2.5206,0.453,0.038,7.9,0.0,0
SHP-13147,Delta Industrial Supplies,Tier-2,Consumer Electronics,"Munich, DE","Frankfurt, DE",Ocean Intermodal,22.8,4876.0,490,500,0.211,12489.1,0.349,0.27,1.8284,0.98,0.1141,29.1,6.3,1
SHP-13148,Delta Industrial Supplies,Tier-2,Automotive Assemblies,"Shenzhen, CN","Singapore, SG",Ocean Intermodal,34.6,1618.55,828,250,0.236,13441.7,0.578,0.647,2.5731,3.312,0.4622,40.9,6.3,1
SHP-13149,Bavaria Logistics Parts,Tier-1,Automotive Assemblies,"Munich, DE","Singapore, SG",Standard Ground,6.8,13486.76,773,1000,0.068,1384.8,0.226,0.562,4.9259,0.773,0.1356,6.8,0.0,0
SHP-13150,Apex Auto Components,Tier-1,Consumer Electronics,"Busan, KR","Rotterdam, NL",Express Carrier,3.2,34734.41,488,500,0.11,7471.4,0.111,0.54,0.4225,0.976,0.0665,3.2,0.0,0
SHP-13151,Apex Auto Components,Tier-1,Industrial Machinery,"Taipei, TW","Los Angeles, US",Air Freight,5.6,12491.05,842,250,0.051,5546.5,0.107,0.674,1.0169,3.368,0.0758,5.6,0.0,0
SHP-13152,FastTrack Assembly Co,Tier-2,Consumer Electronics,"Tokyo, JP","Frankfurt, DE",Standard Ground,12.9,1068.96,517,50,0.284,1871.4,0.222,0.269,6.9041,10.34,0.0767,12.9,0.0,0
SHP-13153,TransPacific Freight,Tier-3,Automotive Assemblies,"Chicago, US","Dallas, US",Air Freight,3.6,5431.47,152,100,0.402,10433.6,0.312,0.807,0.3485,1.52,0.353,10.3,6.7,1
SHP-13154,Bavaria Logistics Parts,Tier-1,Consumer Electronics,"Chicago, US","Singapore, SG",Standard Ground,5.6,17837.43,178,1000,0.01,1684.9,0.755,0.512,3.2972,0.178,0.3904,10.9,5.3,1
SHP-13155,GlobalTech Micro,Tier-1,Industrial Machinery,"Munich, DE","Dallas, US",Express Carrier,4.0,20654.86,281,500,0.121,3966.5,0.405,0.304,1.0189,0.562,0.138,4.0,0.0,0
SHP-13156,Shenzhen Silicon Ltd,Tier-2,Industrial Machinery,"Munich, DE","Frankfurt, DE",Standard Ground,11.3,22204.42,1133,2000,0.247,507.2,0.211,0.474,22.3228,0.5665,0.1247,11.3,0.0,0
SHP-13157,TransPacific Freight,Tier-3,Automotive Assemblies,"Munich, DE","Los Angeles, US",Standard Ground,5.8,2084.87,685,100,0.434,2243.7,0.312,0.134,2.5757,6.85,0.06,5.8,0.0,0
SHP-13158,Apex Auto Components,Tier-1,Industrial Machinery,"Taipei, TW","Singapore, SG",Express Carrier,2.2,3396.84,752,50,0.037,6647.1,0.536,0.16,0.3363,15.04,0.0889,2.2,0.0,0
SHP-13159,Delta Industrial Supplies,Tier-2,Pharmaceuticals,"Tokyo, JP","Dallas, US",Ocean Intermodal,31.2,2322.33,918,500,0.242,7549.1,0.518,0.517,4.1344,1.836,0.3327,37.3,6.1,1
SHP-13160,GlobalTech Micro,Tier-1,Automotive Assemblies,"Munich, DE","Rotterdam, NL",Standard Ground,10.3,5088.89,1154,500,0.123,2863.7,0.326,0.507,3.5991,2.308,0.1855,10.3,0.0,0
SHP-13161,Shenzhen Silicon Ltd,Tier-2,Automotive Assemblies,"Munich, DE","Frankfurt, DE",Ocean Intermodal,26.5,10659.52,1103,1000,0.266,13169.5,0.179,0.568,2.0114,1.103,0.1287,32.8,6.3,1
SHP-13162,FastTrack Assembly Co,Tier-2,Pharmaceuticals,"Shenzhen, CN","Frankfurt, DE",Standard Ground,12.3,1867.42,1443,100,0.35,1929.4,0.092,0.545,6.3917,14.43,0.0677,12.3,0.0,0
SHP-13163,FastTrack Assembly Co,Tier-2,Automotive Assemblies,"Shenzhen, CN","Singapore, SG",Standard Ground,11.4,2284.89,606,250,0.332,3203.6,0.581,0.743,3.5432,2.424,0.575,16.0,4.6,1
SHP-13164,Nordic Raw Materials,Tier-1,Semiconductors & Electronics,"Munich, DE","Frankfurt, DE",Air Freight,4.1,114237.82,1049,2000,0.153,8755.6,0.024,0.67,0.4691,0.5245,0.0185,8.6,4.5,1
SHP-13165,Bavaria Logistics Parts,Tier-1,Consumer Electronics,"Busan, KR","Rotterdam, NL",Express Carrier,5.0,4159.31,1351,100,0.04,6451.3,0.369,0.692,0.7702,13.51,0.2655,5.0,0.0,0
SHP-13166,Bavaria Logistics Parts,Tier-1,Pharmaceuticals,"Chicago, US","Dallas, US",Standard Ground,10.5,6406.15,1182,500,0.047,2640.4,0.321,0.222,3.9725,2.364,0.0746,10.5,0.0,0
SHP-13167,Apex Auto Components,Tier-1,Pharmaceuticals,"Busan, KR","Singapore, SG",Ocean Intermodal,20.4,1166.33,398,100,0.104,12913.9,0.567,0.549,1.5763,3.98,0.3435,23.8,3.4,1
SHP-13168,GlobalTech Micro,Tier-1,Consumer Electronics,"Taipei, TW","Singapore, SG",Standard Ground,7.9,2143.24,1359,100,0.154,3078.5,0.349,0.488,2.5706,13.59,0.1966,7.9,0.0,0
SHP-13169,FastTrack Assembly Co,Tier-2,Consumer Electronics,"Tokyo, JP","Rotterdam, NL",Standard Ground,6.9,1339.86,1307,100,0.327,1401.3,0.329,0.404,4.9355,13.07,0.1764,6.9,0.0,0
SHP-13170,Apex Auto Components,Tier-1,Automotive Assemblies,"Munich, DE","Singapore, SG",Standard Ground,5.6,1122.93,378,100,0.101,1759.3,0.475,0.495,3.165,3.78,0.2588,5.6,0.0,0
SHP-13171,Bavaria Logistics Parts,Tier-1,Automotive Assemblies,"Tokyo, JP","Rotterdam, NL",Standard Ground,6.1,1709.23,1348,100,0.05,3383.1,0.543,0.102,1.7978,13.48,0.0582,6.1,0.0,0
SHP-13172,Shenzhen Silicon Ltd,Tier-2,Automotive Assemblies,"Taipei, TW","Dallas, US",Standard Ground,5.8,5189.86,1325,500,0.246,958.8,0.486,0.857,6.0144,2.65,0.5188,9.5,3.7,1
SHP-13173,Delta Industrial Supplies,Tier-2,Semiconductors & Electronics,"Chicago, US","Singapore, SG",Standard Ground,9.0,7506.64,281,500,0.225,676.7,0.315,0.408,13.3261,0.562,0.1575,9.0,0.0,0
SHP-13174,TransPacific Freight,Tier-3,Automotive Assemblies,"Taipei, TW","Singapore, SG",Standard Ground,11.0,37857.12,919,2000,0.448,832.4,0.049,0.213,13.2505,0.4595,0.0151,11.0,0.0,0
SHP-13175,Nordic Raw Materials,Tier-1,Semiconductors & Electronics,"Taipei, TW","Singapore, SG",Standard Ground,13.8,5668.56,166,500,0.023,1908.6,0.736,0.214,7.2206,0.332,0.1612,13.8,0.0,0
SHP-13176,FastTrack Assembly Co,Tier-2,Industrial Machinery,"Busan, KR","Frankfurt, DE",Express Carrier,4.4,6276.57,215,100,0.304,3708.8,0.354,0.218,1.1918,2.15,0.1007,4.4,0.0,0
SHP-13177,TransPacific Freight,Tier-3,Industrial Machinery,"Shenzhen, CN","Rotterdam, NL",Ocean Intermodal,25.3,645.68,669,50,0.499,12523.6,0.188,0.142,2.0173,13.38,0.04,31.4,6.1,1
SHP-13178,Nordic Raw Materials,Tier-1,Consumer Electronics,"Taipei, TW","Frankfurt, DE",Ocean Intermodal,27.5,3201.81,1477,250,0.021,11695.0,0.177,0.309,2.3504,5.908,0.0558,27.5,0.0,0
SHP-13179,Nordic Raw Materials,Tier-1,Consumer Electronics,"Busan, KR","Dallas, US",Air Freight,7.8,2984.98,640,100,0.107,5474.2,0.048,0.569,1.4269,6.4,0.0302,7.8,0.0,0
SHP-13180,Bavaria Logistics Parts,Tier-1,Semiconductors & Electronics,"Tokyo, JP","Rotterdam, NL",Ocean Intermodal,27.5,4307.42,1407,500,0.027,13076.2,0.676,0.587,2.1013,2.814,0.4074,33.6,6.1,1
SHP-13181,Delta Industrial Supplies,Tier-2,Consumer Electronics,"Shenzhen, CN","Dallas, US",Ocean Intermodal,31.5,2093.79,546,250,0.223,12193.0,0.356,0.617,2.585,2.184,0.2685,37.0,5.5,1
SHP-13182,Shenzhen Silicon Ltd,Tier-2,Consumer Electronics,"Busan, KR","Frankfurt, DE",Standard Ground,9.7,2069.3,478,100,0.376,3196.8,0.129,0.258,3.0476,4.78,0.0458,9.7,0.0,0
SHP-13183,Bavaria Logistics Parts,Tier-1,Consumer Electronics,"Taipei, TW","Dallas, US",Standard Ground,10.8,7602.65,1198,500,0.067,1507.2,0.435,0.254,7.1605,2.396,0.1179,10.8,0.0,0
SHP-13184,TransPacific Freight,Tier-3,Consumer Electronics,"Taipei, TW","Los Angeles, US",Air Freight,4.3,7401.76,887,250,0.435,11489.0,0.541,0.661,0.3722,3.548,0.513,12.9,8.6,1
SHP-13185,Shenzhen Silicon Ltd,Tier-2,Consumer Electronics,"Chicago, US","Rotterdam, NL",Standard Ground,8.5,16571.1,1159,1000,0.325,1858.2,0.289,0.137,4.5709,1.159,0.0525,8.5,0.0,0
SHP-13186,Nordic Raw Materials,Tier-1,Semiconductors & Electronics,"Shenzhen, CN","Rotterdam, NL",Express Carrier,2.2,9306.89,223,250,0.105,6886.6,0.393,0.559,0.3226,0.892,0.2428,3.8,1.6,1
SHP-13187,Nordic Raw Materials,Tier-1,Industrial Machinery,"Munich, DE","Dallas, US",Standard Ground,6.5,17761.5,1232,1000,0.062,1898.7,0.694,0.555,3.4009,1.232,0.4091,6.5,0.0,0
SHP-13188,Shenzhen Silicon Ltd,Tier-2,Automotive Assemblies,"Shenzhen, CN","Los Angeles, US",Express Carrier,4.3,40858.64,1331,1000,0.243,4253.9,0.204,0.572,1.0066,1.331,0.1451,4.3,0.0,0
SHP-13189,Bavaria Logistics Parts,Tier-1,Automotive Assemblies,"Busan, KR","Los Angeles, US",Express Carrier,3.8,35887.54,601,500,0.058,4780.3,0.134,0.669,0.7994,1.202,0.0949,3.8,0.0,0
SHP-13190,FastTrack Assembly Co,Tier-2,Industrial Machinery,"Chicago, US","Dallas, US",Air Freight,7.7,20635.97,765,500,0.322,10764.1,0.415,0.866,0.7149,1.53,0.4752,16.7,9.0,1
SHP-13191,Bavaria Logistics Parts,Tier-1,Consumer Electronics,"Taipei, TW","Frankfurt, DE",Standard Ground,8.4,12980.76,1062,1000,0.01,1819.7,0.173,0.25,4.6121,1.062,0.0437,8.4,0.0,0
SHP-13192,Bavaria Logistics Parts,Tier-1,Consumer Electronics,"Shenzhen, CN","Los Angeles, US",Ocean Intermodal,25.4,7204.28,954,1000,0.01,11433.7,0.433,0.562,2.2259,0.954,0.2458,29.5,4.1,1
SHP-13193,Apex Auto Components,Tier-1,Automotive Assemblies,"Tokyo, JP","Rotterdam, NL",Standard Ground,13.9,10037.83,896,500,0.051,942.8,0.362,0.287,14.7212,1.792,0.1092,13.9,0.0,0
SHP-13194,Apex Auto Components,Tier-1,Consumer Electronics,"Busan, KR","Frankfurt, DE",Air Freight,6.3,6110.33,228,100,0.063,6582.7,0.141,0.459,0.9507,2.28,0.0688,6.3,0.0,0
SHP-13195,TransPacific Freight,Tier-3,Semiconductors & Electronics,"Taipei, TW","Frankfurt, DE",Standard Ground,7.3,10365.96,779,1000,0.347,626.1,0.082,0.616,11.6837,0.779,0.0681,7.3,0.0,0
SHP-13196,Bavaria Logistics Parts,Tier-1,Automotive Assemblies,"Busan, KR","Los Angeles, US",Air Freight,3.3,3904.87,353,100,0.085,8959.2,0.19,0.747,0.3682,3.53,0.154,3.3,0.0,0
SHP-13197,Apex Auto Components,Tier-1,Pharmaceuticals,"Busan, KR","Los Angeles, US",Standard Ground,8.6,7186.16,1106,500,0.026,1252.6,0.339,0.167,6.8798,2.212,0.0581,8.6,0.0,0
SHP-13198,FastTrack Assembly Co,Tier-2,Semiconductors & Electronics,"Busan, KR","Singapore, SG",Ocean Intermodal,32.6,4006.48,739,500,0.285,13541.0,0.308,0.563,2.4071,1.478,0.2228,40.1,7.5,1
SHP-13199,TransPacific Freight,Tier-3,Pharmaceuticals,"Busan, KR","Los Angeles, US",Standard Ground,12.7,1128.09,414,100,0.383,808.9,0.757,0.653,15.7212,4.14,0.6834,18.2,5.5,1
SHP-13200,Nordic Raw Materials,Tier-1,Consumer Electronics,"Tokyo, JP","Rotterdam, NL",Air Freight,4.5,42450.7,958,1000,0.141,7827.7,0.215,0.164,0.577,0.958,0.0402,4.5,0.0,0
SHP-13201,Nordic Raw Materials,Tier-1,Industrial Machinery,"Busan, KR","Singapore, SG",Air Freight,4.8,10751.53,813,250,0.052,10769.6,0.47,0.165,0.444,3.252,0.0816,4.8,0.0,0
SHP-13202,GlobalTech Micro,Tier-1,Pharmaceuticals,"Chicago, US","Singapore, SG",Ocean Intermodal,22.4,1026.66,1499,100,0.111,10356.2,0.567,0.356,2.1639,14.99,0.2243,22.4,0.0,0
SHP-13203,Delta Industrial Supplies,Tier-2,Semiconductors & Electronics,"Tokyo, JP","Dallas, US",Air Freight,5.4,20286.93,1022,500,0.185,4195.6,0.025,0.049,1.2958,2.044,0.0015,5.4,0.0,0
SHP-13204,FastTrack Assembly Co,Tier-2,Pharmaceuticals,"Munich, DE","Frankfurt, DE",Ocean Intermodal,24.2,6706.24,914,1000,0.299,11527.9,0.43,0.349,2.101,0.914,0.1949,31.4,7.2,1
SHP-13205,Apex Auto Components,Tier-1,Automotive Assemblies,"Chicago, US","Rotterdam, NL",Ocean Intermodal,31.3,2283.51,187,250,0.057,12509.2,0.309,0.171,2.5035,0.748,0.0558,31.3,0.0,0
SHP-13206,Apex Auto Components,Tier-1,Semiconductors & Electronics,"Taipei, TW","Frankfurt, DE",Ocean Intermodal,27.9,5185.63,410,500,0.035,11455.5,0.355,0.362,2.4372,0.82,0.133,30.7,2.8,1
SHP-13207,Nordic Raw Materials,Tier-1,Industrial Machinery,"Taipei, TW","Los Angeles, US",Standard Ground,5.9,964.29,1153,100,0.139,2089.1,0.182,0.196,2.8339,11.53,0.0406,5.9,0.0,0
SHP-13208,TransPacific Freight,Tier-3,Consumer Electronics,"Taipei, TW","Rotterdam, NL",Standard Ground,9.5,2815.43,235,250,0.465,2227.3,0.718,0.05,4.2537,0.94,0.0526,13.4,3.9,1
SHP-13209,FastTrack Assembly Co,Tier-2,Automotive Assemblies,"Taipei, TW","Singapore, SG",Air Freight,5.9,1769.14,1235,50,0.238,4450.2,0.464,0.391,1.3324,24.7,0.2246,5.9,0.0,0
SHP-13210,Delta Industrial Supplies,Tier-2,Automotive Assemblies,"Munich, DE","Singapore, SG",Standard Ground,12.4,15870.93,354,1000,0.291,2150.3,0.285,0.336,5.779,0.354,0.1236,12.4,0.0,0
SHP-13211,FastTrack Assembly Co,Tier-2,Industrial Machinery,"Busan, KR","Singapore, SG",Standard Ground,11.9,1071.05,1455,100,0.34,917.6,0.312,0.399,13.0075,14.55,0.1668,11.9,0.0,0
SHP-13212,GlobalTech Micro,Tier-1,Consumer Electronics,"Taipei, TW","Los Angeles, US",Ocean Intermodal,31.6,1547.91,979,250,0.135,13310.2,0.313,0.239,2.3705,3.916,0.0849,31.6,0.0,0
SHP-13213,Delta Industrial Supplies,Tier-2,Semiconductors & Electronics,"Busan, KR","Rotterdam, NL",Standard Ground,11.9,3292.04,283,250,0.21,1624.0,0.42,0.816,7.3064,1.132,0.4146,15.8,3.9,1
SHP-13214,GlobalTech Micro,Tier-1,Automotive Assemblies,"Munich, DE","Frankfurt, DE",Standard Ground,11.3,2499.77,368,250,0.135,1781.8,0.28,0.379,6.3483,1.472,0.1204,11.3,0.0,0
SHP-13215,Apex Auto Components,Tier-1,Pharmaceuticals,"Busan, KR","Los Angeles, US",Ocean Intermodal,21.5,2211.92,995,250,0.057,8923.1,0.242,0.454,2.4125,3.98,0.1162,21.5,0.0,0
SHP-13216,GlobalTech Micro,Tier-1,Industrial Machinery,"Munich, DE","Dallas, US",Standard Ground,10.1,2500.1,1479,250,0.13,2328.9,0.167,0.13,4.3275,5.916,0.0245,10.1,0.0,0
SHP-13217,Nordic Raw Materials,Tier-1,Semiconductors & Electronics,"Shenzhen, CN","Rotterdam, NL",Air Freight,3.5,26904.1,834,500,0.093,8562.3,0.113,0.345,0.4101,1.668,0.0426,3.5,0.0,0
SHP-13218,Nordic Raw Materials,Tier-1,Consumer Electronics,"Taipei, TW","Frankfurt, DE",Air Freight,4.6,5719.59,1458,100,0.115,9164.0,0.279,0.178,0.499,14.58,0.0554,4.6,0.0,0
SHP-13219,FastTrack Assembly Co,Tier-2,Consumer Electronics,"Chicago, US","Frankfurt, DE",Air Freight,3.6,2575.49,779,50,0.27,8026.1,0.214,0.849,0.4511,15.58,0.2308,6.4,2.8,1
SHP-13220,Delta Industrial Supplies,Tier-2,Industrial Machinery,"Chicago, US","Singapore, SG",Express Carrier,2.7,17631.9,1136,250,0.232,3880.0,0.494,0.332,0.6981,4.544,0.202,2.7,0.0,0
SHP-13221,Delta Industrial Supplies,Tier-2,Pharmaceuticals,"Tokyo, JP","Rotterdam, NL",Express Carrier,3.4,35834.92,88,500,0.275,4936.1,0.196,0.208,0.6796,0.176,0.052,3.4,0.0,0
SHP-13222,Apex Auto Components,Tier-1,Industrial Machinery,"Shenzhen, CN","Singapore, SG",Air Freight,4.9,1670.59,309,50,0.034,11490.8,0.465,0.442,0.4303,6.18,0.2124,4.9,0.0,0
SHP-13223,GlobalTech Micro,Tier-1,Semiconductors & Electronics,"Munich, DE","Dallas, US",Express Carrier,4.4,4064.06,726,100,0.177,5583.5,0.131,0.273,0.7964,7.26,0.0421,4.4,0.0,0
SHP-13224,Nordic Raw Materials,Tier-1,Consumer Electronics,"Taipei, TW","Dallas, US",Air Freight,6.7,43494.66,486,1000,0.07,4192.1,0.182,0.308,1.5995,0.486,0.06,6.7,0.0,0
SHP-13225,Nordic Raw Materials,Tier-1,Pharmaceuticals,"Chicago, US","Los Angeles, US",Standard Ground,9.1,3018.43,550,250,0.064,2663.6,0.492,0.32,3.419,2.2,0.1676,9.1,0.0,0
SHP-13226,FastTrack Assembly Co,Tier-2,Consumer Electronics,"Taipei, TW","Dallas, US",Air Freight,5.2,5174.22,60,100,0.275,4652.2,0.69,0.712,1.1193,0.6,0.6262,12.0,6.8,1
SHP-13227,Bavaria Logistics Parts,Tier-1,Semiconductors & Electronics,"Chicago, US","Singapore, SG",Air Freight,5.1,23200.5,198,500,0.028,5630.5,0.075,0.221,0.9072,0.396,0.017,5.1,0.0,0
SHP-13228,Nordic Raw Materials,Tier-1,Consumer Electronics,"Busan, KR","Dallas, US",Standard Ground,9.1,4324.3,306,250,0.087,2375.3,0.307,0.354,3.8426,1.224,0.1181,9.1,0.0,0
SHP-13229,Shenzhen Silicon Ltd,Tier-2,Consumer Electronics,"Munich, DE","Singapore, SG",Ocean Intermodal,27.3,794.74,889,50,0.328,8257.3,0.113,0.644,3.3004,17.78,0.0966,32.3,5.0,1
SHP-13230,GlobalTech Micro,Tier-1,Industrial Machinery,"Busan, KR","Dallas, US",Standard Ground,8.8,17662.26,544,1000,0.186,2578.8,0.348,0.078,3.4249,0.544,0.0322,8.8,0.0,0
SHP-13231,TransPacific Freight,Tier-3,Industrial Machinery,"Chicago, US","Singapore, SG",Air Freight,7.1,10301.6,539,250,0.459,5858.5,0.413,0.418,1.2052,2.156,0.252,11.3,4.2,1
SHP-13232,Nordic Raw Materials,Tier-1,Automotive Assemblies,"Munich, DE","Los Angeles, US",Ocean Intermodal,32.0,1851.93,246,250,0.011,9443.2,0.236,0.46,3.3834,0.984,0.1098,32.0,0.0,0
SHP-13233,Nordic Raw Materials,Tier-1,Semiconductors & Electronics,"Chicago, US","Rotterdam, NL",Ocean Intermodal,31.0,831.89,122,100,0.132,10349.7,0.282,0.416,2.9973,1.22,0.1328,34.7,3.7,1
SHP-13234,Delta Industrial Supplies,Tier-2,Semiconductors & Electronics,"Busan, KR","Los Angeles, US",Air Freight,3.1,2693.31,967,50,0.294,11872.7,0.423,0.398,0.2595,19.34,0.2178,5.9,2.8,1
SHP-13235,Nordic Raw Materials,Tier-1,Consumer Electronics,"Tokyo, JP","Los Angeles, US",Standard Ground,7.8,5175.36,1390,250,0.142,3487.6,0.256,0.54,2.2427,5.56,0.1579,7.8,0.0,0
SHP-13236,Shenzhen Silicon Ltd,Tier-2,Automotive Assemblies,"Chicago, US","Dallas, US",Air Freight,5.2,8114.79,965,250,0.294,8328.4,0.355,0.307,0.6194,3.86,0.141,5.2,0.0,0
SHP-13237,Nordic Raw Materials,Tier-1,Consumer Electronics,"Chicago, US","Dallas, US",Ocean Intermodal,34.2,1330.36,136,100,0.132,13666.6,0.375,0.611,2.5052,1.36,0.2594,39.3,5.1,1
SHP-13238,Shenzhen Silicon Ltd,Tier-2,Consumer Electronics,"Chicago, US","Frankfurt, DE",Ocean Intermodal,30.3,5907.3,1391,500,0.337,7270.1,0.233,0.508,4.1621,2.782,0.1583,34.2,3.9,1
SHP-13239,TransPacific Freight,Tier-3,Industrial Machinery,"Busan, KR","Dallas, US",Standard Ground,12.7,10881.64,256,1000,0.438,789.7,0.287,0.232,16.0252,0.256,0.0958,12.7,0.0,0
SHP-13240,GlobalTech Micro,Tier-1,Consumer Electronics,"Shenzhen, CN","Singapore, SG",Air Freight,5.6,21591.79,329,500,0.077,11659.1,0.046,0.321,0.477,0.658,0.0159,5.6,0.0,0
SHP-13241,Nordic Raw Materials,Tier-1,Semiconductors & Electronics,"Busan, KR","Rotterdam, NL",Ocean Intermodal,31.0,1315.6,397,100,0.114,11240.3,0.038,0.666,2.7599,3.97,0.0282,31.0,0.0,0
SHP-13242,Bavaria Logistics Parts,Tier-1,Semiconductors & Electronics,"Busan, KR","Dallas, US",Ocean Intermodal,34.9,697.15,1299,50,0.034,7557.2,0.219,0.697,4.6128,25.98,0.1579,34.9,0.0,0
SHP-13243,TransPacific Freight,Tier-3,Consumer Electronics,"Taipei, TW","Los Angeles, US",Standard Ground,12.6,3726.43,196,250,0.433,1367.4,0.298,0.381,9.1931,0.784,0.1627,17.1,4.5,1
SHP-13244,Delta Industrial Supplies,Tier-2,Semiconductors & Electronics,"Shenzhen, CN","Singapore, SG",Air Freight,3.2,2785.96,191,50,0.15,9416.1,0.376,0.534,0.3371,3.82,0.231,6.3,3.1,1
SHP-13245,Shenzhen Silicon Ltd,Tier-2,Semiconductors & Electronics,"Chicago, US","Singapore, SG",Air Freight,3.1,14016.28,1003,250,0.348,4047.4,0.393,0.406,0.7779,4.012,0.2151,3.1,0.0,0
SHP-13246,Delta Industrial Supplies,Tier-2,Automotive Assemblies,"Chicago, US","Singapore, SG",Standard Ground,8.9,4430.76,739,250,0.308,3054.0,0.149,0.466,2.9084,2.956,0.0908,8.9,0.0,0
SHP-13247,TransPacific Freight,Tier-3,Consumer Electronics,"Busan, KR","Frankfurt, DE",Standard Ground,9.5,2209.45,400,100,0.49,3346.7,0.414,0.776,2.8475,4.0,0.4787,16.0,6.5,1
SHP-13248,FastTrack Assembly Co,Tier-2,Industrial Machinery,"Taipei, TW","Singapore, SG",Express Carrier,5.0,11429.29,1489,250,0.203,6781.8,0.669,0.119,0.7325,5.956,0.0958,5.0,0.0,0
SHP-13249,Shenzhen Silicon Ltd,Tier-2,Industrial Machinery,"Chicago, US","Singapore, SG",Standard Ground,5.5,13692.58,55,1000,0.316,1134.4,0.345,0.343,4.8922,0.055,0.1557,5.5,0.0,0
SHP-13250,FastTrack Assembly Co,Tier-2,Consumer Electronics,"Tokyo, JP","Singapore, SG",Standard Ground,7.8,1449.56,253,100,0.226,2327.7,0.534,0.582,3.3419,2.53,0.3809,7.8,0.0,0
SHP-13251,GlobalTech Micro,Tier-1,Industrial Machinery,"Taipei, TW","Dallas, US",Standard Ground,13.9,6143.94,581,500,0.059,1385.1,0.339,0.38,10.0085,1.162,0.1364,13.9,0.0,0
SHP-13252,Shenzhen Silicon Ltd,Tier-2,Industrial Machinery,"Munich, DE","Frankfurt, DE",Ocean Intermodal,23.6,2133.49,913,250,0.366,7975.0,0.171,0.453,2.9561,3.652,0.1058,25.9,2.3,1
SHP-13253,Delta Industrial Supplies,Tier-2,Semiconductors & Electronics,"Munich, DE","Los Angeles, US",Standard Ground,8.9,27592.74,886,2000,0.223,1170.7,0.385,0.715,7.6388,0.443,0.3366,14.0,5.1,1
SHP-13254,FastTrack Assembly Co,Tier-2,Industrial Machinery,"Busan, KR","Dallas, US",Standard Ground,10.3,3598.61,670,250,0.337,1039.0,0.522,0.632,9.9375,2.68,0.441,13.9,3.6,1
SHP-13255,Delta Industrial Supplies,Tier-2,Industrial Machinery,"Busan, KR","Singapore, SG",Ocean Intermodal,23.0,4076.46,1307,500,0.215,11275.4,0.441,0.287,2.0432,2.614,0.1538,28.5,5.5,1
SHP-13256,Shenzhen Silicon Ltd,Tier-2,Industrial Machinery,"Shenzhen, CN","Los Angeles, US",Standard Ground,11.0,4614.62,461,500,0.195,2345.7,0.195,0.65,4.6996,0.922,0.1515,11.0,0.0,0
SHP-13257,GlobalTech Micro,Tier-1,Automotive Assemblies,"Munich, DE","Rotterdam, NL",Standard Ground,6.8,6057.99,316,500,0.06,1385.2,0.677,0.389,4.9163,0.632,0.2791,6.8,0.0,0
SHP-13258,FastTrack Assembly Co,Tier-2,Industrial Machinery,"Tokyo, JP","Frankfurt, DE",Air Freight,4.9,8703.53,1447,250,0.302,6267.4,0.418,0.51,0.7895,5.788,0.2775,6.7,1.8,1
SHP-13259,Nordic Raw Materials,Tier-1,Industrial Machinery,"Taipei, TW","Los Angeles, US",Ocean Intermodal,20.6,1073.35,280,100,0.07,8956.1,0.19,0.509,2.2981,2.8,0.1035,20.6,0.0,0
SHP-13260,GlobalTech Micro,Tier-1,Consumer Electronics,"Chicago, US","Los Angeles, US",Standard Ground,9.3,1131.84,395,50,0.161,1161.9,0.582,0.086,7.9934,7.9,0.0581,9.3,0.0,0
SHP-13261,Bavaria Logistics Parts,Tier-1,Pharmaceuticals,"Chicago, US","Dallas, US",Air Freight,7.6,43787.06,430,1000,0.044,8722.0,0.698,0.133,0.8704,0.43,0.097,7.6,0.0,0
SHP-13262,TransPacific Freight,Tier-3,Pharmaceuticals,"Taipei, TW","Dallas, US",Standard Ground,13.2,1163.32,1132,100,0.432,2038.1,0.566,0.196,6.4647,11.32,0.1589,13.2,0.0,0
SHP-13263,Bavaria Logistics Parts,Tier-1,Consumer Electronics,"Chicago, US","Dallas, US",Ocean Intermodal,21.7,1792.59,960,250,0.022,11151.6,0.173,0.586,1.9425,3.84,0.1036,21.7,0.0,0
SHP-13264,Apex Auto Components,Tier-1,Industrial Machinery,"Munich, DE","Singapore, SG",Standard Ground,8.5,551.42,184,50,0.097,2910.3,0.315,0.642,2.9236,3.68,0.2219,8.5,0.0,0
SHP-13265,Bavaria Logistics Parts,Tier-1,Industrial Machinery,"Taipei, TW","Frankfurt, DE",Air Freight,6.2,14835.31,713,250,0.041,4751.4,0.709,0.139,1.3112,2.852,0.1026,6.2,0.0,0
SHP-13266,TransPacific Freight,Tier-3,Consumer Electronics,"Shenzhen, CN","Singapore, SG",Air Freight,3.1,26825.09,821,1000,0.359,5135.5,0.042,0.3,0.6045,0.821,0.0171,3.1,0.0,0
SHP-13267,Bavaria Logistics Parts,Tier-1,Semiconductors & Electronics,"Munich, DE","Rotterdam, NL",Air Freight,4.7,29080.85,477,500,0.082,10090.5,0.593,0.264,0.4677,0.954,0.1694,9.3,4.6,1
SHP-13268,FastTrack Assembly Co,Tier-2,Pharmaceuticals,"Chicago, US","Dallas, US",Air Freight,3.2,16118.54,1388,500,0.312,7250.1,0.123,0.634,0.4357,2.776,0.1023,9.0,5.8,1
SHP-13269,Bavaria Logistics Parts,Tier-1,Industrial Machinery,"Shenzhen, CN","Dallas, US",Ocean Intermodal,30.9,5092.97,1005,500,0.034,13612.7,0.322,0.475,2.2718,2.01,0.1581,36.5,5.6,1
SHP-13270,Bavaria Logistics Parts,Tier-1,Pharmaceuticals,"Tokyo, JP","Los Angeles, US",Air Freight,4.9,7522.19,415,250,0.045,9911.5,0.374,0.267,0.4989,1.66,0.1043,4.9,0.0,0
SHP-13271,Nordic Raw Materials,Tier-1,Consumer Electronics,"Taipei, TW","Frankfurt, DE",Ocean Intermodal,26.2,3473.16,917,500,0.091,7144.7,0.178,0.731,3.6707,1.834,0.142,31.4,5.2,1
SHP-13272,Bavaria Logistics Parts,Tier-1,Consumer Electronics,"Tokyo, JP","Singapore, SG",Ocean Intermodal,18.5,534.69,1023,50,0.016,13248.0,0.117,0.246,1.3971,20.46,0.0292,18.5,0.0,0
SHP-13273,Bavaria Logistics Parts,Tier-1,Consumer Electronics,"Taipei, TW","Dallas, US",Standard Ground,10.1,12254.2,193,1000,0.058,2135.0,0.459,0.058,4.7504,0.193,0.0282,10.1,0.0,0
SHP-13274,Apex Auto Components,Tier-1,Pharmaceuticals,"Taipei, TW","Singapore, SG",Express Carrier,4.1,42179.41,372,1000,0.107,5960.4,0.303,0.124,0.6932,0.372,0.0416,4.1,0.0,0
SHP-13275,Bavaria Logistics Parts,Tier-1,Pharmaceuticals,"Taipei, TW","Dallas, US",Standard Ground,12.0,3658.83,896,250,0.01,2605.9,0.31,0.339,4.62,3.584,0.1062,12.0,0.0,0
SHP-13276,Shenzhen Silicon Ltd,Tier-2,Semiconductors & Electronics,"Shenzhen, CN","Los Angeles, US",Air Freight,6.4,56254.25,1229,2000,0.342,10971.8,0.648,0.426,0.5849,0.6145,0.3706,11.5,5.1,1
SHP-13277,GlobalTech Micro,Tier-1,Automotive Assemblies,"Busan, KR","Dallas, US",Ocean Intermodal,24.6,1369.96,883,100,0.093,9753.2,0.225,0.358,2.5261,8.83,0.088,24.6,0.0,0
SHP-13278,TransPacific Freight,Tier-3,Pharmaceuticals,"Busan, KR","Singapore, SG",Ocean Intermodal,33.3,2234.31,1018,250,0.393,9429.0,0.553,0.347,3.5299,4.072,0.2673,38.0,4.7,1
SHP-13279,Bavaria Logistics Parts,Tier-1,Industrial Machinery,"Busan, KR","Singapore, SG",Air Freight,4.8,2982.72,515,50,0.05,8416.4,0.783,0.358,0.5687,10.3,0.2943,4.8,0.0,0
SHP-13280,Apex Auto Components,Tier-1,Pharmaceuticals,"Shenzhen, CN","Frankfurt, DE",Air Freight,5.2,10836.74,685,250,0.073,6846.9,0.396,0.672,0.7546,2.74,0.2857,5.2,0.0,0
SHP-13281,GlobalTech Micro,Tier-1,Industrial Machinery,"Taipei, TW","Frankfurt, DE",Air Freight,8.0,14125.81,1222,250,0.159,6840.3,0.053,0.158,1.1651,4.888,0.0097,8.0,0.0,0
SHP-13282,FastTrack Assembly Co,Tier-2,Industrial Machinery,"Chicago, US","Los Angeles, US",Air Freight,5.6,2827.97,1206,100,0.292,7611.5,0.525,0.469,0.74,12.06,0.318,9.9,4.3,1
SHP-13283,GlobalTech Micro,Tier-1,Industrial Machinery,"Shenzhen, CN","Singapore, SG",Ocean Intermodal,22.9,7640.86,413,1000,0.124,7709.9,0.488,0.545,2.9728,0.413,0.2989,28.3,5.4,1
SHP-13284,Apex Auto Components,Tier-1,Automotive Assemblies,"Taipei, TW","Singapore, SG",Standard Ground,13.7,11189.52,980,1000,0.129,2323.4,0.185,0.751,5.8986,0.98,0.1569,13.7,0.0,0
SHP-13285,Shenzhen Silicon Ltd,Tier-2,Pharmaceuticals,"Shenzhen, CN","Singapore, SG",Ocean Intermodal,26.6,2203.25,978,250,0.324,9445.0,0.347,0.247,2.8196,3.912,0.1135,26.6,0.0,0
SHP-13286,TransPacific Freight,Tier-3,Consumer Electronics,"Tokyo, JP","Singapore, SG",Air Freight,6.7,34930.23,1406,1000,0.444,11407.9,0.149,0.375,0.5915,1.406,0.0807,11.0,4.3,1
SHP-13287,Delta Industrial Supplies,Tier-2,Consumer Electronics,"Chicago, US","Los Angeles, US",Standard Ground,13.1,9793.87,689,1000,0.171,1103.3,0.273,0.437,11.89,0.689,0.1397,13.1,0.0,0
SHP-13288,Shenzhen Silicon Ltd,Tier-2,Automotive Assemblies,"Munich, DE","Rotterdam, NL",Standard Ground,8.0,8214.91,1061,500,0.305,2104.5,0.46,0.704,3.7848,2.122,0.4226,12.8,4.8,1
SHP-13289,TransPacific Freight,Tier-3,Pharmaceuticals,"Tokyo, JP","Frankfurt, DE",Standard Ground,7.7,2911.62,127,250,0.399,3151.2,0.142,0.613,2.439,0.508,0.1218,12.0,4.3,1
SHP-13290,FastTrack Assembly Co,Tier-2,Pharmaceuticals,"Munich, DE","Singapore, SG",Standard Ground,7.7,1327.67,1210,100,0.352,1717.9,0.662,0.75,4.5005,12.1,0.6712,12.1,4.4,1
SHP-13291,Apex Auto Components,Tier-1,Consumer Electronics,"Munich, DE","Los Angeles, US",Ocean Intermodal,18.9,749.63,782,100,0.111,9103.6,0.332,0.426,2.079,7.82,0.1572,18.9,0.0,0
SHP-13292,Shenzhen Silicon Ltd,Tier-2,Industrial Machinery,"Taipei, TW","Frankfurt, DE",Ocean Intermodal,19.8,2148.95,471,250,0.312,7309.6,0.492,0.398,2.7154,1.884,0.2568,24.5,4.7,1
SHP-13293,Nordic Raw Materials,Tier-1,Industrial Machinery,"Tokyo, JP","Los Angeles, US",Air Freight,3.8,10351.12,891,250,0.112,9075.1,0.137,0.329,0.424,3.564,0.0501,3.8,0.0,0
SHP-13294,TransPacific Freight,Tier-3,Consumer Electronics,"Shenzhen, CN","Rotterdam, NL",Air Freight,3.5,18564.51,211,500,0.444,6831.4,0.513,0.659,0.5185,0.422,0.4882,11.8,8.3,1
SHP-13295,TransPacific Freight,Tier-3,Industrial Machinery,"Tokyo, JP","Rotterdam, NL",Air Freight,7.2,9478.11,228,250,0.452,6814.0,0.32,0.254,1.0502,0.912,0.118,12.0,4.8,1
SHP-13296,Delta Industrial Supplies,Tier-2,Consumer Electronics,"Chicago, US","Frankfurt, DE",Standard Ground,12.4,2211.59,1428,100,0.182,1247.3,0.164,0.922,9.9436,14.28,0.1787,12.4,0.0,0
SHP-13297,Shenzhen Silicon Ltd,Tier-2,Industrial Machinery,"Tokyo, JP","Singapore, SG",Standard Ground,12.9,8905.08,867,500,0.366,1213.8,0.314,0.304,10.6402,1.734,0.1304,12.9,0.0,0
SHP-13298,GlobalTech Micro,Tier-1,Semiconductors & Electronics,"Taipei, TW","Dallas, US",Air Freight,3.3,7268.62,898,250,0.124,5743.7,0.092,0.231,0.5725,3.592,0.0239,3.3,0.0,0
SHP-13299,Bavaria Logistics Parts,Tier-1,Semiconductors & Electronics,"Taipei, TW","Frankfurt, DE",Air Freight,7.0,7234.68,252,250,0.01,11643.1,0.566,0.352,0.604,1.008,0.2012,8.8,1.8,1
SHP-13300,Apex Auto Components,Tier-1,Automotive Assemblies,"Munich, DE","Rotterdam, NL",Standard Ground,7.5,1428.25,219,100,0.151,2599.1,0.196,0.216,2.8801,2.19,0.0487,7.5,0.0,0
SHP-13301,Shenzhen Silicon Ltd,Tier-2,Consumer Electronics,"Munich, DE","Frankfurt, DE",Standard Ground,13.9,3608.19,719,250,0.222,2380.3,0.009,0.302,5.837,2.876,0.0033,13.9,0.0,0
SHP-13302,TransPacific Freight,Tier-3,Pharmaceuticals,"Shenzhen, CN","Dallas, US",Standard Ground,6.1,3993.5,393,250,0.374,3381.9,0.333,0.074,1.8053,1.572,0.0339,6.1,0.0,0
SHP-13303,Nordic Raw Materials,Tier-1,Industrial Machinery,"Munich, DE","Dallas, US",Ocean Intermodal,33.6,2034.91,319,250,0.102,10719.2,0.233,0.088,3.1332,1.276,0.0226,33.6,0.0,0
SHP-13304,Bavaria Logistics Parts,Tier-1,Consumer Electronics,"Busan, KR","Frankfurt, DE",Standard Ground,13.2,2046.14,1125,100,0.097,663.1,0.684,0.588,19.8359,11.25,0.4412,13.2,0.0,0
SHP-13305,Apex Auto Components,Tier-1,Consumer Electronics,"Chicago, US","Frankfurt, DE",Standard Ground,7.1,4677.23,1421,250,0.067,552.7,0.825,0.155,12.9281,5.684,0.1365,7.1,0.0,0
SHP-13306,Shenzhen Silicon Ltd,Tier-2,Pharmaceuticals,"Shenzhen, CN","Frankfurt, DE",Air Freight,7.4,14872.35,531,250,0.321,8418.1,0.344,0.582,0.8843,2.124,0.2645,13.6,6.2,1
SHP-13307,GlobalTech Micro,Tier-1,Automotive Assemblies,"Taipei, TW","Singapore, SG",Standard Ground,6.7,5193.48,728,250,0.102,3223.0,0.141,0.786,2.0915,2.912,0.1221,6.7,0.0,0
SHP-13308,Nordic Raw Materials,Tier-1,Pharmaceuticals,"Busan, KR","Dallas, US",Standard Ground,13.3,5121.13,1381,250,0.085,1007.2,0.381,0.609,13.1612,5.524,0.2517,13.3,0.0,0
SHP-13309,FastTrack Assembly Co,Tier-2,Pharmaceuticals,"Tokyo, JP","Dallas, US",Express Carrier,3.4,22855.49,1457,500,0.347,3437.3,0.381,0.48,0.981,2.914,0.2463,3.4,0.0,0
SHP-13310,FastTrack Assembly Co,Tier-2,Consumer Electronics,"Busan, KR","Dallas, US",Air Freight,3.1,14053.03,269,250,0.326,11087.0,0.108,0.514,0.2817,1.076,0.0736,8.0,4.9,1
SHP-13311,Bavaria Logistics Parts,Tier-1,Pharmaceuticals,"Chicago, US","Los Angeles, US",Air Freight,7.1,116203.3,183,2000,0.055,4739.3,0.418,0.428,1.5051,0.0915,0.1888,7.1,0.0,0
SHP-13312,Nordic Raw Materials,Tier-1,Pharmaceuticals,"Tokyo, JP","Frankfurt, DE",Standard Ground,12.5,4283.92,1442,250,0.025,1669.4,0.54,0.447,7.5132,5.768,0.2474,12.5,0.0,0
SHP-13313,TransPacific Freight,Tier-3,Semiconductors & Electronics,"Munich, DE","Singapore, SG",Ocean Intermodal,28.2,1235.06,732,250,0.473,12127.2,0.822,0.298,2.3244,2.928,0.3607,35.8,7.6,1
SHP-13314,FastTrack Assembly Co,Tier-2,Semiconductors & Electronics,"Busan, KR","Frankfurt, DE",Air Freight,7.1,5694.43,1001,100,0.328,4644.3,0.455,0.396,1.5293,10.01,0.2392,7.1,0.0,0
SHP-13315,FastTrack Assembly Co,Tier-2,Industrial Machinery,"Tokyo, JP","Dallas, US",Air Freight,3.9,11312.13,1392,250,0.33,10782.7,0.085,0.629,0.3603,5.568,0.0711,8.6,4.7,1
SHP-13316,Shenzhen Silicon Ltd,Tier-2,Automotive Assemblies,"Busan, KR","Singapore, SG",Standard Ground,9.8,3574.38,1315,250,0.279,1206.9,0.228,0.567,8.0989,5.26,0.1654,9.8,0.0,0
SHP-13317,Delta Industrial Supplies,Tier-2,Semiconductors & Electronics,"Chicago, US","Rotterdam, NL",Ocean Intermodal,31.6,3567.36,1205,500,0.165,9924.3,0.628,0.449,3.1819,2.41,0.3286,37.7,6.1,1
SHP-13318,Delta Industrial Supplies,Tier-2,Semiconductors & Electronics,"Munich, DE","Frankfurt, DE",Ocean Intermodal,32.2,3637.64,1426,500,0.243,12652.1,0.396,0.024,2.5485,2.852,0.0118,32.2,0.0,0
SHP-13319,GlobalTech Micro,Tier-1,Semiconductors & Electronics,"Tokyo, JP","Frankfurt, DE",Ocean Intermodal,18.7,1218.93,551,100,0.094,12683.1,0.249,0.449,1.4744,5.51,0.1223,18.7,0.0,0
SHP-13320,Apex Auto Components,Tier-1,Industrial Machinery,"Tokyo, JP","Dallas, US",Ocean Intermodal,27.3,795.67,494,100,0.094,8173.1,0.456,0.801,3.3403,4.94,0.3994,30.6,3.3,1
SHP-13321,Bavaria Logistics Parts,Tier-1,Industrial Machinery,"Tokyo, JP","Frankfurt, DE",Express Carrier,4.9,11924.26,711,250,0.01,3286.6,0.394,0.196,1.5031,2.844,0.078,4.9,0.0,0
SHP-13322,Nordic Raw Materials,Tier-1,Automotive Assemblies,"Taipei, TW","Los Angeles, US",Standard Ground,6.4,18545.9,914,1000,0.131,1626.8,0.197,0.419,3.953,0.914,0.0934,6.4,0.0,0
SHP-13323,GlobalTech Micro,Tier-1,Semiconductors & Electronics,"Tokyo, JP","Rotterdam, NL",Standard Ground,5.1,3045.21,268,250,0.138,2871.0,0.069,0.178,1.7656,1.072,0.014,5.1,0.0,0
SHP-13324,Nordic Raw Materials,Tier-1,Consumer Electronics,"Taipei, TW","Dallas, US",Standard Ground,5.6,2319.81,540,250,0.044,3367.7,0.704,0.457,1.6611,2.16,0.3359,5.6,0.0,0
SHP-13325,Shenzhen Silicon Ltd,Tier-2,Automotive Assemblies,"Shenzhen, CN","Los Angeles, US",Air Freight,6.8,17073.16,1141,500,0.259,6614.7,0.539,0.429,1.0347,2.282,0.2912,11.5,4.7,1
SHP-13326,Bavaria Logistics Parts,Tier-1,Industrial Machinery,"Tokyo, JP","Dallas, US",Ocean Intermodal,30.2,1060.75,98,100,0.02,8361.1,0.232,0.229,3.6114,0.98,0.0542,30.2,0.0,0
SHP-13327,FastTrack Assembly Co,Tier-2,Industrial Machinery,"Chicago, US","Los Angeles, US",Standard Ground,5.9,9494.91,562,500,0.288,2667.6,0.114,0.146,2.2054,1.124,0.0214,5.9,0.0,0
SHP-13328,Apex Auto Components,Tier-1,Pharmaceuticals,"Taipei, TW","Frankfurt, DE",Ocean Intermodal,22.5,2262.11,702,250,0.122,11507.3,0.329,0.541,1.9564,2.808,0.1997,27.5,5.0,1
SHP-13329,Nordic Raw Materials,Tier-1,Consumer Electronics,"Shenzhen, CN","Frankfurt, DE",Standard Ground,11.7,4306.08,1138,250,0.094,2719.5,0.115,0.373,4.3187,4.552,0.0469,11.7,0.0,0
SHP-13330,GlobalTech Micro,Tier-1,Consumer Electronics,"Busan, KR","Dallas, US",Express Carrier,4.8,10152.34,1172,250,0.136,5701.3,0.06,0.08,0.8467,4.688,0.0055,4.8,0.0,0
SHP-13331,Nordic Raw Materials,Tier-1,Consumer Electronics,"Chicago, US","Dallas, US",Standard Ground,12.1,4613.6,907,250,0.118,3228.7,0.433,0.244,3.7625,3.628,0.1181,12.1,0.0,0
SHP-13332,Delta Industrial Supplies,Tier-2,Pharmaceuticals,"Taipei, TW","Frankfurt, DE",Ocean Intermodal,21.7,1212.54,1346,100,0.248,13638.9,0.253,0.202,1.5927,13.46,0.0638,21.7,0.0,0
SHP-13333,FastTrack Assembly Co,Tier-2,Pharmaceuticals,"Busan, KR","Frankfurt, DE",Standard Ground,6.9,1156.36,1483,50,0.32,3291.4,0.135,0.8,2.0885,29.66,0.1425,7.9,1.0,1
SHP-13334,Apex Auto Components,Tier-1,Automotive Assemblies,"Munich, DE","Singapore, SG",Standard Ground,5.5,811.74,402,50,0.05,1368.3,0.447,0.126,4.0413,8.04,0.0592,5.5,0.0,0
SHP-13335,Delta Industrial Supplies,Tier-2,Industrial Machinery,"Busan, KR","Frankfurt, DE",Standard Ground,10.0,6308.99,671,500,0.227,1784.6,0.283,0.476,5.6291,1.342,0.1653,10.0,0.0,0
SHP-13336,Delta Industrial Supplies,Tier-2,Industrial Machinery,"Busan, KR","Los Angeles, US",Ocean Intermodal,31.5,1230.61,520,100,0.219,9881.3,0.772,0.754,3.1895,5.2,0.7097,39.2,7.7,1
SHP-13337,Apex Auto Components,Tier-1,Automotive Assemblies,"Chicago, US","Singapore, SG",Air Freight,6.6,2749.2,902,50,0.085,6292.7,0.482,0.411,1.0472,18.04,0.2148,6.6,0.0,0
SHP-13338,Delta Industrial Supplies,Tier-2,Pharmaceuticals,"Chicago, US","Frankfurt, DE",Standard Ground,10.8,6058.24,918,500,0.241,1293.0,0.749,0.204,8.3474,1.836,0.1896,10.8,0.0,0
SHP-13339,Delta Industrial Supplies,Tier-2,Semiconductors & Electronics,"Chicago, US","Singapore, SG",Express Carrier,3.3,2669.64,721,50,0.242,6446.0,0.508,0.369,0.5083,14.42,0.2328,3.3,0.0,0
SHP-13340,Delta Industrial Supplies,Tier-2,Automotive Assemblies,"Chicago, US","Singapore, SG",Air Freight,4.9,2026.0,1051,50,0.179,10627.1,0.275,0.183,0.46,21.02,0.0594,4.9,0.0,0
SHP-13341,Apex Auto Components,Tier-1,Pharmaceuticals,"Shenzhen, CN","Singapore, SG",Ocean Intermodal,25.0,15866.23,712,2000,0.027,7506.7,0.138,0.64,3.3334,0.356,0.0907,25.0,0.0,0
SHP-13342,Bavaria Logistics Parts,Tier-1,Semiconductors & Electronics,"Taipei, TW","Rotterdam, NL",Express Carrier,4.9,22874.33,1107,500,0.074,4802.6,0.075,0.6,1.0152,2.214,0.0483,4.9,0.0,0
SHP-13343,GlobalTech Micro,Tier-1,Automotive Assemblies,"Shenzhen, CN","Singapore, SG",Express Carrier,3.2,18863.8,941,250,0.159,4919.2,0.578,0.452,0.6548,3.764,0.3028,3.2,0.0,0
SHP-13344,TransPacific Freight,Tier-3,Pharmaceuticals,"Munich, DE","Los Angeles, US",Standard Ground,7.2,16345.49,146,1000,0.456,1583.0,0.419,0.369,4.5458,0.146,0.2251,12.9,5.7,1
SHP-13345,TransPacific Freight,Tier-3,Automotive Assemblies,"Busan, KR","Los Angeles, US",Air Freight,6.0,6466.36,52,250,0.412,6612.6,0.102,0.201,0.9123,0.208,0.029,7.0,1.0,1
SHP-13346,FastTrack Assembly Co,Tier-2,Semiconductors & Electronics,"Busan, KR","Frankfurt, DE",Standard Ground,9.5,2891.37,169,250,0.241,2267.4,0.301,0.297,4.185,0.676,0.1109,9.5,0.0,0
SHP-13347,Shenzhen Silicon Ltd,Tier-2,Pharmaceuticals,"Shenzhen, CN","Los Angeles, US",Express Carrier,4.6,5764.22,249,100,0.261,2768.8,0.318,0.665,1.6487,2.49,0.2666,4.6,0.0,0
SHP-13348,Apex Auto Components,Tier-1,Automotive Assemblies,"Chicago, US","Dallas, US",Standard Ground,6.2,17818.14,129,1000,0.065,1243.3,0.189,0.547,5.0245,0.129,0.1101,6.2,0.0,0
SHP-13349,Nordic Raw Materials,Tier-1,Industrial Machinery,"Tokyo, JP","Singapore, SG",Ocean Intermodal,25.6,7740.94,1303,1000,0.149,11988.0,0.202,0.218,2.1391,1.303,0.0506,25.6,0.0,0
SHP-13350,Delta Industrial Supplies,Tier-2,Semiconductors & Electronics,"Busan, KR","Rotterdam, NL",Ocean Intermodal,20.0,3825.9,241,500,0.177,9254.3,0.35,0.201,2.1618,0.482,0.0828,23.5,3.5,1
SHP-13351,FastTrack Assembly Co,Tier-2,Pharmaceuticals,"Tokyo, JP","Los Angeles, US",Ocean Intermodal,32.5,2293.0,788,250,0.317,10175.5,0.245,0.209,3.1903,3.152,0.0674,32.5,0.0,0
SHP-13352,FastTrack Assembly Co,Tier-2,Consumer Electronics,"Shenzhen, CN","Rotterdam, NL",Standard Ground,13.7,19959.93,1281,1000,0.273,2730.8,0.44,0.079,5.0348,1.281,0.0442,13.7,0.0,0
SHP-13353,TransPacific Freight,Tier-3,Consumer Electronics,"Tokyo, JP","Rotterdam, NL",Ocean Intermodal,20.1,4793.98,162,1000,0.41,10318.1,0.674,0.52,1.9458,0.162,0.4941,28.8,8.7,1
SHP-13354,TransPacific Freight,Tier-3,Consumer Electronics,"Chicago, US","Los Angeles, US",Standard Ground,9.6,3926.03,911,250,0.506,3178.0,0.463,0.15,3.0064,3.644,0.1046,9.6,0.0,0
SHP-13355,Apex Auto Components,Tier-1,Consumer Electronics,"Munich, DE","Rotterdam, NL",Standard Ground,10.6,2373.89,74,250,0.091,3297.6,0.683,0.061,3.2215,0.296,0.0455,10.6,0.0,0
SHP-13356,FastTrack Assembly Co,Tier-2,Semiconductors & Electronics,"Shenzhen, CN","Frankfurt, DE",Air Freight,4.1,10737.4,136,250,0.302,10959.8,0.142,0.055,0.3708,0.544,0.0102,4.1,0.0,0
SHP-13357,FastTrack Assembly Co,Tier-2,Pharmaceuticals,"Munich, DE","Rotterdam, NL",Standard Ground,10.0,1598.65,821,100,0.242,598.5,0.309,0.253,16.7853,8.21,0.0971,10.0,0.0,0
SHP-13358,FastTrack Assembly Co,Tier-2,Automotive Assemblies,"Shenzhen, CN","Dallas, US",Ocean Intermodal,26.9,4098.81,292,500,0.376,13638.3,0.256,0.677,1.9707,0.584,0.2386,33.4,6.5,1
SHP-13359,Nordic Raw Materials,Tier-1,Industrial Machinery,"Shenzhen, CN","Singapore, SG",Standard Ground,12.0,1119.42,756,50,0.118,928.3,0.18,0.483,12.8804,15.12,0.0972,12.0,0.0,0
SHP-13360,FastTrack Assembly Co,Tier-2,Pharmaceuticals,"Shenzhen, CN","Singapore, SG",Express Carrier,4.0,19336.3,378,500,0.355,5731.3,0.46,0.492,0.6946,0.756,0.3067,10.6,6.6,1
SHP-13361,Delta Industrial Supplies,Tier-2,Industrial Machinery,"Chicago, US","Dallas, US",Express Carrier,2.9,3853.46,551,100,0.274,7793.0,0.162,0.157,0.3737,5.51,0.0324,2.9,0.0,0
SHP-13362,Bavaria Logistics Parts,Tier-1,Industrial Machinery,"Munich, DE","Los Angeles, US",Ocean Intermodal,28.2,4438.09,1360,500,0.049,10664.6,0.442,0.357,2.6424,2.72,0.1656,28.2,0.0,0
SHP-13363,TransPacific Freight,Tier-3,Automotive Assemblies,"Busan, KR","Singapore, SG",Air Freight,3.1,33245.63,1182,1000,0.445,4083.0,0.46,0.341,0.7571,1.182,0.2267,9.4,6.3,1
SHP-13364,Delta Industrial Supplies,Tier-2,Automotive Assemblies,"Tokyo, JP","Dallas, US",Express Carrier,5.0,14237.16,294,250,0.212,5224.8,0.04,0.295,0.9519,1.176,0.0143,5.0,0.0,0
SHP-13365,Nordic Raw Materials,Tier-1,Semiconductors & Electronics,"Taipei, TW","Singapore, SG",Standard Ground,5.4,1265.39,457,100,0.054,1400.0,0.41,0.088,3.8462,4.57,0.038,5.4,0.0,0
SHP-13366,Shenzhen Silicon Ltd,Tier-2,Automotive Assemblies,"Tokyo, JP","Rotterdam, NL",Ocean Intermodal,30.1,6007.63,742,500,0.342,9124.5,0.585,0.451,3.3021,1.484,0.354,37.4,7.3,1
SHP-13367,Delta Industrial Supplies,Tier-2,Industrial Machinery,"Munich, DE","Dallas, US",Air Freight,3.9,24884.26,312,500,0.237,8765.2,0.12,0.789,0.4442,0.624,0.1171,14.1,10.2,1
SHP-13368,FastTrack Assembly Co,Tier-2,Industrial Machinery,"Taipei, TW","Singapore, SG",Standard Ground,7.5,1283.22,1435,100,0.269,1246.1,0.7,0.44,6.0523,14.35,0.391,7.5,0.0,0
SHP-13369,FastTrack Assembly Co,Tier-2,Pharmaceuticals,"Shenzhen, CN","Singapore, SG",Standard Ground,9.7,2073.99,1311,100,0.352,2522.3,0.713,0.697,3.8306,13.11,0.6718,16.2,6.5,1
SHP-13370,GlobalTech Micro,Tier-1,Automotive Assemblies,"Taipei, TW","Los Angeles, US",Air Freight,4.1,13814.88,459,500,0.172,9699.3,0.577,0.511,0.4273,0.918,0.3456,10.4,6.3,1
SHP-13371,FastTrack Assembly Co,Tier-2,Industrial Machinery,"Munich, DE","Dallas, US",Air Freight,7.3,58531.77,640,1000,0.341,5713.3,0.209,0.2,1.2753,0.64,0.0561,7.3,0.0,0
SHP-13372,Nordic Raw Materials,Tier-1,Automotive Assemblies,"Busan, KR","Frankfurt, DE",Standard Ground,12.9,3987.65,582,250,0.087,965.4,0.153,0.339,13.4098,2.328,0.0564,12.9,0.0,0
SHP-13373,Apex Auto Components,Tier-1,Automotive Assemblies,"Munich, DE","Singapore, SG",Air Freight,7.5,12257.68,496,250,0.073,5428.8,0.302,0.44,1.375,1.984,0.1426,7.5,0.0,0
SHP-13374,Bavaria Logistics Parts,Tier-1,Semiconductors & Electronics,"Tokyo, JP","Singapore, SG",Ocean Intermodal,33.0,1095.11,280,100,0.022,9503.5,0.255,0.112,3.4759,2.8,0.0292,33.0,0.0,0
SHP-13375,Apex Auto Components,Tier-1,Industrial Machinery,"Taipei, TW","Los Angeles, US",Air Freight,4.2,14082.45,980,250,0.065,5339.0,0.339,0.222,0.7862,3.92,0.0801,4.2,0.0,0
SHP-13376,Delta Industrial Supplies,Tier-2,Automotive Assemblies,"Busan, KR","Singapore, SG",Express Carrier,3.2,6911.54,699,100,0.243,7720.6,0.254,0.651,0.4128,6.99,0.2055,6.5,3.3,1
SHP-13377,FastTrack Assembly Co,Tier-2,Pharmaceuticals,"Chicago, US","Dallas, US",Air Freight,6.1,5771.52,1285,100,0.28,4242.9,0.259,0.334,1.4462,12.85,0.1107,6.1,0.0,0
SHP-13378,Nordic Raw Materials,Tier-1,Semiconductors & Electronics,"Busan, KR","Rotterdam, NL",Express Carrier,3.0,16630.22,545,250,0.109,5171.8,0.544,0.221,0.5782,2.18,0.1334,3.0,0.0,0
SHP-13379,GlobalTech Micro,Tier-1,Industrial Machinery,"Taipei, TW","Los Angeles, US",Standard Ground,12.1,4192.95,1177,250,0.138,2567.1,0.384,0.089,4.7017,4.708,0.0389,12.1,0.0,0
SHP-13380,Nordic Raw Materials,Tier-1,Consumer Electronics,"Taipei, TW","Los Angeles, US",Standard Ground,12.4,4301.84,353,250,0.083,746.8,0.259,0.351,16.6378,1.412,0.0985,12.4,0.0,0
SHP-13381,Shenzhen Silicon Ltd,Tier-2,Consumer Electronics,"Chicago, US","Frankfurt, DE",Standard Ground,13.5,8702.22,668,500,0.248,1668.2,0.308,0.133,8.0653,1.336,0.0511,13.5,0.0,0
SHP-13382,FastTrack Assembly Co,Tier-2,Industrial Machinery,"Munich, DE","Singapore, SG",Ocean Intermodal,31.3,841.58,592,50,0.361,8710.9,0.194,0.562,3.5988,11.84,0.1484,37.3,6.0,1
SHP-13383,TransPacific Freight,Tier-3,Consumer Electronics,"Busan, KR","Singapore, SG",Standard Ground,12.0,553.05,475,50,0.421,974.1,0.781,0.284,12.368,9.5,0.3152,16.8,4.8,1
SHP-13384,Shenzhen Silicon Ltd,Tier-2,Automotive Assemblies,"Chicago, US","Dallas, US",Ocean Intermodal,31.0,2430.54,642,500,0.344,9901.3,0.355,0.636,3.1278,1.284,0.3034,37.3,6.3,1
SHP-13385,TransPacific Freight,Tier-3,Industrial Machinery,"Busan, KR","Frankfurt, DE",Ocean Intermodal,21.8,1973.63,903,250,0.423,12862.2,0.519,0.391,1.6983,3.612,0.2888,27.1,5.3,1
SHP-13386,Bavaria Logistics Parts,Tier-1,Consumer Electronics,"Busan, KR","Singapore, SG",Standard Ground,6.5,4995.1,1197,250,0.098,3060.0,0.086,0.009,2.1141,4.788,0.0009,6.5,0.0,0
SHP-13387,Apex Auto Components,Tier-1,Industrial Machinery,"Tokyo, JP","Dallas, US",Standard Ground,8.2,4664.64,315,500,0.103,2388.2,0.192,0.702,3.4535,0.63,0.1486,8.2,0.0,0
SHP-13388,GlobalTech Micro,Tier-1,Pharmaceuticals,"Tokyo, JP","Singapore, SG",Standard Ground,10.1,3830.56,826,250,0.148,3132.7,0.224,0.411,3.2217,3.304,0.1057,10.1,0.0,0
SHP-13389,TransPacific Freight,Tier-3,Consumer Electronics,"Shenzhen, CN","Singapore, SG",Standard Ground,13.8,6408.67,1242,500,0.441,2143.4,0.178,0.325,6.4588,2.484,0.0834,13.8,0.0,0
SHP-13390,Shenzhen Silicon Ltd,Tier-2,Pharmaceuticals,"Busan, KR","Frankfurt, DE",Standard Ground,9.9,1087.66,374,100,0.254,1540.6,0.485,0.378,6.4424,3.74,0.2298,9.9,0.0,0
SHP-13391,GlobalTech Micro,Tier-1,Semiconductors & Electronics,"Munich, DE","Singapore, SG",Standard Ground,12.7,528.74,1183,50,0.058,2215.2,0.095,0.556,5.7267,23.66,0.0559,12.7,0.0,0
SHP-13392,Shenzhen Silicon Ltd,Tier-2,Automotive Assemblies,"Chicago, US","Rotterdam, NL",Standard Ground,9.0,2317.27,1429,250,0.313,1625.2,0.145,0.197,5.514,5.716,0.0375,9.0,0.0,0
SHP-13393,Shenzhen Silicon Ltd,Tier-2,Consumer Electronics,"Taipei, TW","Dallas, US",Ocean Intermodal,26.8,2891.49,1493,250,0.342,8719.2,0.715,0.237,3.0738,5.972,0.2274,32.0,5.2,1
SHP-13394,Shenzhen Silicon Ltd,Tier-2,Semiconductors & Electronics,"Busan, KR","Los Angeles, US",Ocean Intermodal,20.3,9765.94,1364,2000,0.288,12955.4,0.345,0.466,1.5699,0.682,0.2071,27.9,7.6,1
SHP-13395,Nordic Raw Materials,Tier-1,Pharmaceuticals,"Munich, DE","Frankfurt, DE",Air Freight,4.6,12183.56,154,250,0.117,10437.8,0.144,0.569,0.4448,0.616,0.0915,9.8,5.2,1
SHP-13396,TransPacific Freight,Tier-3,Consumer Electronics,"Tokyo, JP","Dallas, US",Standard Ground,9.0,1763.16,770,100,0.45,3200.8,0.243,0.492,2.8072,7.7,0.1733,9.0,0.0,0
SHP-13397,Nordic Raw Materials,Tier-1,Pharmaceuticals,"Taipei, TW","Singapore, SG",Express Carrier,2.3,7363.57,199,100,0.038,2224.8,0.177,0.061,1.0173,1.99,0.0112,2.3,0.0,0
SHP-13398,Bavaria Logistics Parts,Tier-1,Semiconductors & Electronics,"Chicago, US","Frankfurt, DE",Air Freight,4.8,14142.59,1344,250,0.01,6163.0,0.503,0.16,0.7759,5.376,0.0813,4.8,0.0,0
SHP-13399,Delta Industrial Supplies,Tier-2,Pharmaceuticals,"Chicago, US","Singapore, SG",Standard Ground,8.0,1506.22,137,100,0.145,2097.9,0.052,0.434,3.7919,1.37,0.0258,8.0,0.0,0
SHP-13400,FastTrack Assembly Co,Tier-2,Semiconductors & Electronics,"Shenzhen, CN","Los Angeles, US",Air Freight,7.7,12715.46,822,250,0.328,5053.7,0.779,0.481,1.5309,3.288,0.4978,13.3,5.6,1
SHP-13401,Bavaria Logistics Parts,Tier-1,Consumer Electronics,"Chicago, US","Los Angeles, US",Express Carrier,4.4,3932.31,105,50,0.057,3890.7,0.534,0.764,1.1268,2.1,0.4313,8.7,4.3,1
SHP-13402,Nordic Raw Materials,Tier-1,Automotive Assemblies,"Busan, KR","Los Angeles, US",Air Freight,6.1,11309.02,1162,250,0.058,7640.0,0.174,0.589,0.7937,4.648,0.1084,6.1,0.0,0
SHP-13403,GlobalTech Micro,Tier-1,Industrial Machinery,"Busan, KR","Singapore, SG",Air Freight,5.2,2212.43,1344,50,0.085,4312.4,0.602,0.553,1.215,26.88,0.3613,5.2,0.0,0
SHP-13404,Delta Industrial Supplies,Tier-2,Automotive Assemblies,"Tokyo, JP","Dallas, US",Ocean Intermodal,31.5,1222.77,1491,100,0.255,9844.7,0.697,0.491,3.2025,14.91,0.4296,37.9,6.4,1
SHP-13405,Apex Auto Components,Tier-1,Semiconductors & Electronics,"Busan, KR","Singapore, SG",Ocean Intermodal,24.4,2827.14,218,250,0.065,10808.8,0.434,0.066,2.2613,0.872,0.0305,24.4,0.0,0
SHP-13406,Shenzhen Silicon Ltd,Tier-2,Consumer Electronics,"Tokyo, JP","Singapore, SG",Standard Ground,12.5,4037.61,411,250,0.36,1024.4,0.262,0.31,12.2501,1.644,0.1104,12.5,0.0,0
SHP-13407,GlobalTech Micro,Tier-1,Automotive Assemblies,"Shenzhen, CN","Los Angeles, US",Standard Ground,12.2,19091.82,89,1000,0.163,1031.7,0.08,0.413,11.8227,0.089,0.0384,12.2,0.0,0
SHP-13408,Apex Auto Components,Tier-1,Consumer Electronics,"Chicago, US","Dallas, US",Ocean Intermodal,33.1,4125.39,784,500,0.017,8299.4,0.014,0.588,3.9925,1.568,0.0084,33.1,0.0,0
SHP-13409,Delta Industrial Supplies,Tier-2,Consumer Electronics,"Munich, DE","Frankfurt, DE",Express Carrier,3.8,28561.63,1370,500,0.293,3507.8,0.399,0.331,1.0794,2.74,0.1708,3.8,0.0,0
SHP-13410,Apex Auto Components,Tier-1,Consumer Electronics,"Taipei, TW","Rotterdam, NL",Ocean Intermodal,20.5,843.32,1218,100,0.118,13797.6,0.188,0.364,1.4823,12.18,0.0765,20.5,0.0,0
SHP-13411,Nordic Raw Materials,Tier-1,Semiconductors & Electronics,"Shenzhen, CN","Los Angeles, US",Ocean Intermodal,24.3,1323.92,494,250,0.035,13410.2,0.241,0.593,1.8118,1.976,0.1479,26.5,2.2,1
SHP-13412,GlobalTech Micro,Tier-1,Pharmaceuticals,"Chicago, US","Dallas, US",Air Freight,6.5,4442.83,872,100,0.081,7819.6,0.205,0.651,0.8348,8.72,0.1442,6.5,0.0,0
SHP-13413,Bavaria Logistics Parts,Tier-1,Industrial Machinery,"Chicago, US","Dallas, US",Air Freight,4.8,15873.28,694,500,0.021,10620.9,0.324,0.352,0.4512,1.388,0.1164,4.8,0.0,0
SHP-13414,FastTrack Assembly Co,Tier-2,Automotive Assemblies,"Munich, DE","Dallas, US",Standard Ground,11.6,4434.49,1113,500,0.225,538.5,0.331,0.155,21.5871,2.226,0.0629,11.6,0.0,0
SHP-13415,Nordic Raw Materials,Tier-1,Industrial Machinery,"Chicago, US","Frankfurt, DE",Ocean Intermodal,27.3,1681.02,342,250,0.092,10546.7,0.168,0.219,2.5932,1.368,0.0402,27.3,0.0,0
SHP-13416,Nordic Raw Materials,Tier-1,Consumer Electronics,"Busan, KR","Los Angeles, US",Ocean Intermodal,28.3,5205.27,95,500,0.147,8705.7,0.442,0.086,3.2464,0.19,0.0436,28.3,0.0,0
SHP-13417,Nordic Raw Materials,Tier-1,Industrial Machinery,"Taipei, TW","Singapore, SG",Air Freight,3.7,111410.49,517,2000,0.089,6811.5,0.425,0.444,0.5395,0.2585,0.2055,7.1,3.4,1
SHP-13418,Nordic Raw Materials,Tier-1,Consumer Electronics,"Tokyo, JP","Singapore, SG",Air Freight,6.2,4011.46,307,100,0.124,9073.5,0.054,0.353,0.6877,3.07,0.0214,6.2,0.0,0
SHP-13419,FastTrack Assembly Co,Tier-2,Automotive Assemblies,"Taipei, TW","Singapore, SG",Air Freight,3.3,29007.41,499,1000,0.297,5501.2,0.31,0.201,0.6062,0.499,0.0808,3.3,0.0,0
SHP-13420,Shenzhen Silicon Ltd,Tier-2,Semiconductors & Electronics,"Taipei, TW","Singapore, SG",Ocean Intermodal,34.0,658.61,316,50,0.314,11663.5,0.035,0.437,2.9151,6.32,0.0201,37.2,3.2,1
SHP-13421,Shenzhen Silicon Ltd,Tier-2,Consumer Electronics,"Chicago, US","Frankfurt, DE",Express Carrier,4.1,2353.92,1000,50,0.298,6867.7,0.178,0.431,0.5959,20.0,0.0996,4.1,0.0,0
SHP-13422,GlobalTech Micro,Tier-1,Semiconductors & Electronics,"Busan, KR","Frankfurt, DE",Standard Ground,6.8,3578.21,1175,250,0.125,2029.2,0.702,0.315,3.3732,4.7,0.2489,6.8,0.0,0
SHP-13423,TransPacific Freight,Tier-3,Industrial Machinery,"Chicago, US","Frankfurt, DE",Ocean Intermodal,18.7,17568.35,1213,2000,0.387,7521.7,0.29,0.169,2.4902,0.6065,0.068,22.4,3.7,1
SHP-13424,Apex Auto Components,Tier-1,Industrial Machinery,"Busan, KR","Singapore, SG",Air Freight,5.9,22391.16,1434,500,0.124,4801.5,0.208,0.677,1.236,2.868,0.1583,5.9,0.0,0
SHP-13425,Shenzhen Silicon Ltd,Tier-2,Industrial Machinery,"Chicago, US","Dallas, US",Air Freight,5.4,13105.29,595,250,0.265,7133.2,0.05,0.537,0.7581,2.38,0.034,5.4,0.0,0
SHP-13426,GlobalTech Micro,Tier-1,Industrial Machinery,"Shenzhen, CN","Los Angeles, US",Standard Ground,6.8,7687.88,992,500,0.18,2039.7,0.508,0.451,3.3452,1.984,0.2704,6.8,0.0,0
SHP-13427,TransPacific Freight,Tier-3,Automotive Assemblies,"Munich, DE","Singapore, SG",Air Freight,3.9,14596.77,1291,250,0.399,11477.9,0.282,0.599,0.3408,5.164,0.2363,8.7,4.8,1
SHP-13428,Apex Auto Components,Tier-1,Semiconductors & Electronics,"Chicago, US","Dallas, US",Express Carrier,4.0,15067.79,814,250,0.113,3574.6,0.358,0.651,1.1236,3.256,0.2594,4.0,0.0,0
SHP-13429,TransPacific Freight,Tier-3,Semiconductors & Electronics,"Shenzhen, CN","Dallas, US",Ocean Intermodal,22.5,549.21,798,50,0.449,13768.5,0.137,0.401,1.637,15.96,0.0796,27.9,5.4,1
SHP-13430,Apex Auto Components,Tier-1,Automotive Assemblies,"Busan, KR","Rotterdam, NL",Air Freight,5.6,3072.72,568,50,0.039,7796.6,0.797,0.719,0.7171,11.36,0.5957,9.9,4.3,1
SHP-13431,Apex Auto Components,Tier-1,Industrial Machinery,"Busan, KR","Frankfurt, DE",Standard Ground,9.4,5760.74,351,500,0.061,1242.3,0.773,0.406,7.5417,0.702,0.3329,9.4,0.0,0
SHP-13432,Apex Auto Components,Tier-1,Industrial Machinery,"Shenzhen, CN","Rotterdam, NL",Standard Ground,6.8,902.39,1360,50,0.076,3474.7,0.041,0.25,1.9503,27.2,0.011,6.8,0.0,0
SHP-13433,GlobalTech Micro,Tier-1,Pharmaceuticals,"Busan, KR","Los Angeles, US",Standard Ground,13.8,20105.14,729,1000,0.145,2841.3,0.364,0.115,4.8644,0.729,0.0479,13.8,0.0,0
SHP-13434,Nordic Raw Materials,Tier-1,Consumer Electronics,"Munich, DE","Dallas, US",Air Freight,6.3,14828.66,1397,500,0.056,8608.6,0.163,0.4,0.7359,2.794,0.0688,6.3,0.0,0
SHP-13435,GlobalTech Micro,Tier-1,Consumer Electronics,"Busan, KR","Los Angeles, US",Ocean Intermodal,34.0,641.8,1203,50,0.078,10175.6,0.455,0.398,3.3403,24.06,0.1953,34.0,0.0,0
SHP-13436,Nordic Raw Materials,Tier-1,Industrial Machinery,"Chicago, US","Dallas, US",Standard Ground,12.7,3523.77,718,250,0.143,2986.8,0.314,0.614,4.2668,2.872,0.2204,12.7,0.0,0
SHP-13437,TransPacific Freight,Tier-3,Semiconductors & Electronics,"Shenzhen, CN","Frankfurt, DE",Standard Ground,13.0,5507.58,1315,500,0.442,824.0,0.379,0.407,15.7743,2.63,0.2224,13.0,0.0,0
SHP-13438,TransPacific Freight,Tier-3,Semiconductors & Electronics,"Tokyo, JP","Dallas, US",Standard Ground,8.3,2245.87,1414,100,0.443,1960.1,0.165,0.602,4.2449,14.14,0.1434,8.3,0.0,0
SHP-13439,TransPacific Freight,Tier-3,Semiconductors & Electronics,"Taipei, TW","Los Angeles, US",Standard Ground,5.3,39892.42,345,2000,0.375,2761.7,0.809,0.083,1.9296,0.1725,0.0923,9.7,4.4,1
SHP-13440,FastTrack Assembly Co,Tier-2,Consumer Electronics,"Chicago, US","Rotterdam, NL",Air Freight,7.2,14441.69,787,250,0.269,7150.7,0.742,0.546,1.0032,3.148,0.5142,11.2,4.0,1
SHP-13441,FastTrack Assembly Co,Tier-2,Pharmaceuticals,"Shenzhen, CN","Dallas, US",Air Freight,7.2,6556.41,1206,250,0.233,5264.7,0.219,0.688,1.3704,4.824,0.1857,7.2,0.0,0
SHP-13442,FastTrack Assembly Co,Tier-2,Automotive Assemblies,"Shenzhen, CN","Los Angeles, US",Standard Ground,11.8,14855.77,518,1000,0.308,1126.1,0.427,0.488,10.4349,0.518,0.2725,14.7,2.9,1
SHP-13443,Apex Auto Components,Tier-1,Automotive Assemblies,"Busan, KR","Rotterdam, NL",Standard Ground,5.6,1927.39,550,100,0.145,3426.1,0.19,0.203,1.6239,5.5,0.0442,5.6,0.0,0
SHP-13444,Bavaria Logistics Parts,Tier-1,Consumer Electronics,"Tokyo, JP","Dallas, US",Standard Ground,12.7,2137.5,495,100,0.029,2527.8,0.32,0.358,5.0168,4.95,0.1179,12.7,0.0,0
SHP-13445,Shenzhen Silicon Ltd,Tier-2,Pharmaceuticals,"Taipei, TW","Dallas, US",Ocean Intermodal,30.7,3187.13,1177,250,0.246,9214.8,0.286,0.473,3.3292,4.708,0.1685,32.2,1.5,1
SHP-13446,GlobalTech Micro,Tier-1,Consumer Electronics,"Busan, KR","Rotterdam, NL",Standard Ground,13.7,3439.73,97,250,0.141,1727.5,0.846,0.43,7.9099,0.388,0.415,17.5,3.8,1
SHP-13447,Bavaria Logistics Parts,Tier-1,Consumer Electronics,"Chicago, US","Rotterdam, NL",Ocean Intermodal,20.6,5519.35,162,500,0.017,9425.2,0.24,0.103,2.1808,0.324,0.0251,20.6,0.0,0
SHP-13448,Nordic Raw Materials,Tier-1,Semiconductors & Electronics,"Chicago, US","Frankfurt, DE",Standard Ground,12.4,15156.65,1275,1000,0.106,572.1,0.427,0.222,21.657,1.275,0.1048,12.4,0.0,0
SHP-13449,GlobalTech Micro,Tier-1,Industrial Machinery,"Tokyo, JP","Los Angeles, US",Air Freight,5.5,14672.83,1177,250,0.067,8308.9,0.301,0.546,0.6632,4.708,0.1753,5.5,0.0,0
SHP-13450,Nordic Raw Materials,Tier-1,Pharmaceuticals,"Munich, DE","Singapore, SG",Air Freight,6.5,2877.96,588,100,0.144,9488.1,0.062,0.466,0.6801,5.88,0.0331,6.5,0.0,0
SHP-13451,GlobalTech Micro,Tier-1,Automotive Assemblies,"Munich, DE","Rotterdam, NL",Standard Ground,12.0,1367.06,418,100,0.141,3387.1,0.452,0.166,3.529,4.18,0.0856,12.0,0.0,0
SHP-13452,FastTrack Assembly Co,Tier-2,Semiconductors & Electronics,"Busan, KR","Singapore, SG",Air Freight,6.7,10083.99,275,250,0.319,6565.6,0.59,0.885,1.0203,1.1,0.6886,12.8,6.1,1
SHP-13453,TransPacific Freight,Tier-3,Pharmaceuticals,"Shenzhen, CN","Singapore, SG",Air Freight,3.3,3611.09,341,100,0.463,4886.6,0.298,0.465,0.6787,3.41,0.2028,7.2,3.9,1
SHP-13454,TransPacific Freight,Tier-3,Semiconductors & Electronics,"Tokyo, JP","Dallas, US",Ocean Intermodal,18.7,6925.22,1069,1000,0.42,12050.5,0.831,0.773,1.5523,1.069,0.912,29.4,10.7,1
SHP-13455,Bavaria Logistics Parts,Tier-1,Automotive Assemblies,"Shenzhen, CN","Rotterdam, NL",Ocean Intermodal,18.2,950.26,1219,100,0.032,7828.7,0.509,0.151,2.3222,12.19,0.0793,18.2,0.0,0
SHP-13456,Bavaria Logistics Parts,Tier-1,Automotive Assemblies,"Munich, DE","Singapore, SG",Standard Ground,7.0,932.73,383,100,0.027,989.9,0.199,0.351,7.1201,3.83,0.0717,7.0,0.0,0
SHP-13457,Shenzhen Silicon Ltd,Tier-2,Industrial Machinery,"Chicago, US","Frankfurt, DE",Air Freight,3.7,7588.68,492,250,0.24,11618.0,0.341,0.4,0.3161,1.968,0.1692,9.4,5.7,1
SHP-13458,TransPacific Freight,Tier-3,Automotive Assemblies,"Shenzhen, CN","Dallas, US",Standard Ground,13.8,5584.98,1007,500,0.448,1120.9,0.153,0.457,12.2783,2.014,0.1013,13.8,0.0,0
SHP-13459,Apex Auto Components,Tier-1,Industrial Machinery,"Taipei, TW","Los Angeles, US",Air Freight,7.3,53744.02,718,1000,0.074,10739.2,0.315,0.324,0.6806,0.718,0.1096,7.3,0.0,0
SHP-13460,FastTrack Assembly Co,Tier-2,Consumer Electronics,"Busan, KR","Frankfurt, DE",Air Freight,5.6,9297.76,1314,250,0.385,8063.8,0.444,0.32,0.6921,5.256,0.1968,10.8,5.2,1
SHP-13461,Bavaria Logistics Parts,Tier-1,Automotive Assemblies,"Busan, KR","Rotterdam, NL",Express Carrier,3.4,16988.22,960,250,0.051,7002.6,0.335,0.654,0.4857,3.84,0.2302,3.4,0.0,0
SHP-13462,Apex Auto Components,Tier-1,Automotive Assemblies,"Chicago, US","Dallas, US",Standard Ground,11.8,8450.29,1370,500,0.063,870.5,0.244,0.69,13.5465,2.74,0.1789,11.8,0.0,0
SHP-13463,Bavaria Logistics Parts,Tier-1,Pharmaceuticals,"Shenzhen, CN","Rotterdam, NL",Standard Ground,8.7,4710.03,81,250,0.105,3027.7,0.086,0.315,2.8713,0.324,0.0299,8.7,0.0,0
SHP-13464,Delta Industrial Supplies,Tier-2,Industrial Machinery,"Munich, DE","Dallas, US",Air Freight,5.5,11136.14,1205,250,0.201,6320.0,0.186,0.315,0.8688,4.82,0.0704,5.5,0.0,0
SHP-13465,Delta Industrial Supplies,Tier-2,Semiconductors & Electronics,"Chicago, US","Rotterdam, NL",Standard Ground,8.7,33378.18,852,2000,0.258,2001.9,0.418,0.107,4.3231,0.426,0.0562,8.7,0.0,0
SHP-13466,Delta Industrial Supplies,Tier-2,Industrial Machinery,"Taipei, TW","Los Angeles, US",Ocean Intermodal,26.0,1206.84,1014,100,0.205,8951.0,0.195,0.319,2.907,10.14,0.0749,26.0,0.0,0
SHP-13467,Delta Industrial Supplies,Tier-2,Industrial Machinery,"Shenzhen, CN","Dallas, US",Air Freight,7.1,9477.73,267,250,0.159,10137.7,0.338,0.183,0.7003,1.068,0.0717,7.1,0.0,0
SHP-13468,GlobalTech Micro,Tier-1,Consumer Electronics,"Taipei, TW","Frankfurt, DE",Ocean Intermodal,25.3,1691.39,1153,250,0.178,12188.3,0.694,0.422,2.0719,4.612,0.345,27.8,2.5,1
SHP-13469,TransPacific Freight,Tier-3,Consumer Electronics,"Shenzhen, CN","Los Angeles, US",Standard Ground,10.5,1158.55,167,100,0.416,1669.6,0.032,0.419,6.2673,1.67,0.019,10.5,0.0,0
SHP-13470,Apex Auto Components,Tier-1,Semiconductors & Electronics,"Taipei, TW","Singapore, SG",Ocean Intermodal,32.1,4501.31,1280,500,0.065,10200.9,0.592,0.392,3.1512,2.56,0.2472,36.7,4.6,1
SHP-13471,Nordic Raw Materials,Tier-1,Industrial Machinery,"Taipei, TW","Frankfurt, DE",Ocean Intermodal,27.0,1607.16,1171,250,0.117,13139.0,0.32,0.467,2.0538,4.684,0.167,28.0,1.0,1
SHP-13472,GlobalTech Micro,Tier-1,Consumer Electronics,"Shenzhen, CN","Dallas, US",Air Freight,5.9,15135.09,1219,250,0.127,11327.9,0.271,0.633,0.5241,4.876,0.1934,8.9,3.0,1
SHP-13473,Bavaria Logistics Parts,Tier-1,Pharmaceuticals,"Busan, KR","Dallas, US",Ocean Intermodal,29.5,3620.01,942,500,0.027,10985.0,0.102,0.222,2.6857,1.884,0.0233,29.5,0.0,0
SHP-13474,Nordic Raw Materials,Tier-1,Automotive Assemblies,"Shenzhen, CN","Dallas, US",Standard Ground,8.7,3767.14,1420,250,0.077,1645.1,0.139,0.375,5.2866,5.68,0.0562,8.7,0.0,0
SHP-13475,Nordic Raw Materials,Tier-1,Industrial Machinery,"Shenzhen, CN","Frankfurt, DE",Standard Ground,8.8,1346.72,1401,100,0.141,1023.8,0.67,0.583,8.6281,14.01,0.4459,8.8,0.0,0
SHP-13476,Apex Auto Components,Tier-1,Automotive Assemblies,"Busan, KR","Dallas, US",Standard Ground,8.0,1540.19,1309,100,0.046,3254.2,0.59,0.502,2.4712,13.09,0.3097,8.0,0.0,0
SHP-13477,FastTrack Assembly Co,Tier-2,Semiconductors & Electronics,"Tokyo, JP","Los Angeles, US",Ocean Intermodal,23.9,5201.88,1416,500,0.287,7615.9,0.112,0.133,3.1426,2.832,0.0192,23.9,0.0,0
SHP-13478,Bavaria Logistics Parts,Tier-1,Industrial Machinery,"Shenzhen, CN","Frankfurt, DE",Standard Ground,6.5,3352.0,1271,250,0.118,1217.9,0.411,0.26,5.3768,5.084,0.1194,6.5,0.0,0
SHP-13479,Nordic Raw Materials,Tier-1,Semiconductors & Electronics,"Chicago, US","Los Angeles, US",Ocean Intermodal,29.6,675.82,307,50,0.111,10997.0,0.604,0.769,2.692,6.14,0.5159,38.6,9.0,1
SHP-13480,Nordic Raw Materials,Tier-1,Consumer Electronics,"Tokyo, JP","Rotterdam, NL",Air Freight,4.9,9224.87,690,250,0.087,8434.1,0.196,0.256,0.5857,2.76,0.0545,4.9,0.0,0
SHP-13481,Shenzhen Silicon Ltd,Tier-2,Industrial Machinery,"Munich, DE","Singapore, SG",Standard Ground,10.5,4296.0,1128,500,0.272,2138.7,0.415,0.159,4.9218,2.256,0.084,10.5,0.0,0
SHP-13482,Bavaria Logistics Parts,Tier-1,Consumer Electronics,"Munich, DE","Frankfurt, DE",Ocean Intermodal,31.2,2522.17,1216,250,0.02,13080.9,0.095,0.577,2.3814,4.864,0.0559,31.2,0.0,0
SHP-13483,Shenzhen Silicon Ltd,Tier-2,Consumer Electronics,"Munich, DE","Frankfurt, DE",Air Freight,7.2,15410.16,495,500,0.315,10333.1,0.475,0.155,0.6945,0.99,0.0968,10.9,3.7,1
SHP-13484,Delta Industrial Supplies,Tier-2,Industrial Machinery,"Munich, DE","Singapore, SG",Ocean Intermodal,20.8,3038.19,956,500,0.189,7291.2,0.58,0.334,2.8517,1.912,0.2304,22.3,1.5,1
SHP-13485,Apex Auto Components,Tier-1,Semiconductors & Electronics,"Chicago, US","Dallas, US",Air Freight,4.6,9613.66,594,250,0.047,6969.8,0.141,0.439,0.659,2.376,0.0648,4.6,0.0,0
SHP-13486,FastTrack Assembly Co,Tier-2,Pharmaceuticals,"Chicago, US","Dallas, US",Express Carrier,3.3,4485.54,1309,100,0.352,6549.1,0.646,0.24,0.5038,13.09,0.2096,7.9,4.6,1
SHP-13487,Shenzhen Silicon Ltd,Tier-2,Consumer Electronics,"Busan, KR","Frankfurt, DE",Standard Ground,7.6,9034.84,753,500,0.228,1742.4,0.262,0.485,4.3878,1.506,0.156,7.6,0.0,0
SHP-13488,Apex Auto Components,Tier-1,Pharmaceuticals,"Shenzhen, CN","Dallas, US",Standard Ground,11.5,4634.39,1194,250,0.028,1330.7,0.247,0.787,8.6415,4.776,0.1999,11.5,0.0,0
SHP-13489,Shenzhen Silicon Ltd,Tier-2,Consumer Electronics,"Taipei, TW","Rotterdam, NL",Standard Ground,13.7,2558.22,384,250,0.265,3050.3,0.247,0.66,4.4811,1.536,0.2062,16.5,2.8,1
SHP-13490,FastTrack Assembly Co,Tier-2,Industrial Machinery,"Munich, DE","Singapore, SG",Air Freight,6.8,3037.94,280,100,0.276,11074.5,0.308,0.487,0.611,2.8,0.1914,13.0,6.2,1
SHP-13491,GlobalTech Micro,Tier-1,Consumer Electronics,"Tokyo, JP","Singapore, SG",Express Carrier,2.5,17673.57,954,250,0.134,5326.2,0.421,0.578,0.4681,3.816,0.2758,2.5,0.0,0
SHP-13492,FastTrack Assembly Co,Tier-2,Industrial Machinery,"Shenzhen, CN","Dallas, US",Air Freight,7.3,3899.08,71,100,0.317,4936.4,0.21,0.17,1.4803,0.71,0.047,7.3,0.0,0
SHP-13493,TransPacific Freight,Tier-3,Consumer Electronics,"Shenzhen, CN","Singapore, SG",Air Freight,6.7,14739.59,1143,250,0.418,10389.7,0.376,0.768,0.6402,4.572,0.4094,13.8,7.1,1
SHP-13494,Delta Industrial Supplies,Tier-2,Semiconductors & Electronics,"Munich, DE","Singapore, SG",Standard Ground,12.4,3646.77,1300,250,0.228,2190.0,0.418,0.679,5.6771,5.2,0.3486,12.4,0.0,0
SHP-13495,FastTrack Assembly Co,Tier-2,Industrial Machinery,"Chicago, US","Dallas, US",Standard Ground,11.7,2740.65,910,250,0.271,2432.2,0.636,0.103,4.8002,3.64,0.0832,11.7,0.0,0
SHP-13496,Shenzhen Silicon Ltd,Tier-2,Industrial Machinery,"Taipei, TW","Rotterdam, NL",Ocean Intermodal,21.3,9326.19,72,2000,0.308,9200.7,0.042,0.394,2.3146,0.036,0.0216,26.7,5.4,1
SHP-13497,GlobalTech Micro,Tier-1,Automotive Assemblies,"Munich, DE","Singapore, SG",Standard Ground,6.8,770.28,739,50,0.026,1519.5,0.354,0.202,4.4554,14.78,0.0733,6.8,0.0,0
SHP-13498,TransPacific Freight,Tier-3,Semiconductors & Electronics,"Taipei, TW","Rotterdam, NL",Express Carrier,4.8,18526.28,862,250,0.404,3691.1,0.349,0.638,1.2994,3.448,0.3127,9.2,4.4,1
SHP-13499,Shenzhen Silicon Ltd,Tier-2,Consumer Electronics,"Tokyo, JP","Frankfurt, DE",Ocean Intermodal,24.0,1363.09,123,100,0.326,10444.8,0.568,0.19,2.3017,1.23,0.1431,28.1,4.1,1
SHP-13500,GlobalTech Micro,Tier-1,Industrial Machinery,"Taipei, TW","Frankfurt, DE",Standard Ground,10.1,4530.5,934,250,0.071,1717.7,0.129,0.088,5.8687,3.736,0.0122,10.1,0.0,0
